Bug-ID,Project,Classification,Summary,Link,Enviroment,llm_pred
XALANC-11,XalanC,Not Configuration Bug Report,Documentation comment for getVariable/getParamVariable incorrect,https://issues.apache.org/jira/browse/XALANC-11?jql=issuetype%20%3D%20Bug%20AND%20status%20in%20(Resolved%2C%20Closed)%20ORDER%20BY%20cf%5B12310220%5D%20ASC%2C%20cf%5B12312823%5D%20ASC,APACHE,Configuration Bug Report
SVN-491,Subversion,Not Configuration Bug Report,svn status' needs better error reporting,https://issues.apache.org/jira/browse/SVN-491?jql=issuetype%20%3D%20Bug%20AND%20status%20in%20(Resolved%2C%20Closed)%20ORDER%20BY%20cf%5B12310220%5D%20ASC%2C%20cf%5B12312823%5D%20ASC,APACHE,Configuration Bug Report
FOP-57,FOP,Not Configuration Bug Report,Multolingual support in converting xml - pdf,https://issues.apache.org/jira/browse/FOP-57?jql=issuetype%20%3D%20Bug%20AND%20status%20in%20(Resolved%2C%20Closed)%20ORDER%20BY%20cf%5B12310220%5D%20ASC%2C%20cf%5B12312823%5D%20ASC,APACHE,Configuration Bug Report
VELOCITY-31,Velocity,Not Configuration Bug Report,Velocity should provide an interface for explicit property retreival,https://issues.apache.org/jira/browse/VELOCITY-31?jql=issuetype%20%3D%20Bug%20AND%20status%20in%20(Resolved%2C%20Closed)%20AND%20text%20~%20%22interface%22%20ORDER%20BY%20cf%5B12310220%5D%20ASC%2C%20cf%5B12312823%5D%20ASC,APACHE,Configuration Bug Report
SVN-2196,Subversion,Not Configuration Bug Report,Translate svn-ref.tex to French,https://issues.apache.org/jira/browse/SVN-2196?jql=issuetype%20%3D%20Bug%20AND%20status%20in%20(Resolved%2C%20Closed)%20AND%20text%20~%20%22interface%22%20ORDER%20BY%20cf%5B12310220%5D%20ASC%2C%20cf%5B12312823%5D%20ASC,APACHE,Configuration Bug Report
TOMAHAWK-363,My Face Tomahawk,Not Configuration Bug Report,better customisation features for schedule component,https://issues.apache.org/jira/browse/TOMAHAWK-363?jql=issuetype%20%3D%20Bug%20AND%20status%20in%20(Resolved%2C%20Closed)%20AND%20text%20~%20%22interface%22%20ORDER%20BY%20cf%5B12310220%5D%20ASC%2C%20cf%5B12312823%5D%20ASC,APACHE,Configuration Bug Report
MODPYTHON-78,mod_python,Not Configuration Bug Report,No support for Apache 2.2 yet,https://issues.apache.org/jira/browse/MODPYTHON-78?jql=issuetype%20%3D%20Bug%20AND%20status%20in%20(Resolved%2C%20Closed)%20AND%20text%20~%20%22interface%22%20ORDER%20BY%20cf%5B12310220%5D%20ASC%2C%20cf%5B12312823%5D%20ASC,APACHE,Configuration Bug Report
AXIS-567,Axis,Not Configuration Bug Report,document JUnit pitfalls,https://issues.apache.org/jira/browse/AXIS-567?jql=issuetype%20%3D%20Bug%20AND%20status%20in%20(Resolved%2C%20Closed)%20AND%20text%20~%20%22interface%22%20ORDER%20BY%20cf%5B12310220%5D%20ASC%2C%20cf%5B12312823%5D%20ASC,APACHE,Configuration Bug Report
42003,Tomcat Connectors,Not Configuration Bug Report,"Need to increase the maximum buffer size for HTTP header from 16k to 64k,",42003,APACHE,Configuration Bug Report
565,Batik - Now in Jira,Not Configuration Bug Report,Add error printouts to rasterizer,565,APACHE,Configuration Bug Report
1204,JMeter,Not Configuration Bug Report,"Need the ability to change the port number for HTTP,",1204,APACHE,Configuration Bug Report
224,Ant,Not Configuration Bug Report,RMIC needs debug generation parameter support/property BugRat Report#350,224,APACHE,Configuration Bug Report
33398,"Apache httpd-1,3",Not Configuration Bug Report,"Need to be able to set ""scheme"" for SSL offloading",33398,APACHE,Configuration Bug Report
49681,Fop - Now in Jira,Not Configuration Bug Report,"Upgrade Exceptions from fop 0,95 to 1,o",49681,APACHE,Configuration Bug Report
48512,Fop - Now in Jira,Not Configuration Bug Report,Metrics needed with Type 1 fonts to have accentuated chars,48512,APACHE,Configuration Bug Report
46565,Fop - Now in Jira,Not Configuration Bug Report,Compliance page needs to be updated,46565,APACHE,Configuration Bug Report
824,Batik - Now in Jira,Not Configuration Bug Report,Add handling of the ZoomAndPan attribute,824,APACHE,Configuration Bug Report
566,Batik - Now in Jira,Not Configuration Bug Report,Add support for overflow on clip-path,566,APACHE,Configuration Bug Report
52151,Fop - Now in Jira,Not Configuration Bug Report,[PATCH] A code-coverage tool for code analysis,52151,APACHE,Configuration Bug Report
575,Ant,Not Configuration Bug Report,"Ant1,2's optional tasks does not compile against JUnit 3,5",575,APACHE,Configuration Bug Report
40739,Fop - Now in Jira,Not Configuration Bug Report,Add metrics-version attribute to XML font metrics file,40739,APACHE,Configuration Bug Report
41757,Tomcat Connectors,Not Configuration Bug Report,JK Apache HowTo documentation doesn't explain the --enable-prefork option of the configure script,41757,APACHE,Configuration Bug Report
50245,Fop - Now in Jira,Not Configuration Bug Report,"[PATCH] Upgrade to Java 1,5 - Added type-safe parameters to collections in Fonts",50245,APACHE,Configuration Bug Report
33306,Fop - Now in Jira,Not Configuration Bug Report,Updates to Apache XML Graphics Charter,33306,APACHE,Configuration Bug Report
37517,Lenya,Not Configuration Bug Report,Document Creation Should Validate and Warn for Special Characters,37517,APACHE,Configuration Bug Report
49065,APR,Not Configuration Bug Report,[PATCH] Add support for apr_hash_this_*,49065,APACHE,Configuration Bug Report
40404,Security - Now in JIRA,Not Configuration Bug Report,Adding X509 subelements impotent for signing,40404,APACHE,Configuration Bug Report
688,Ant,Not Configuration Bug Report,Depend task not in documentation,688,APACHE,Configuration Bug Report
604,Ant,Not Configuration Bug Report,Description of VSS label task missing,604,APACHE,Configuration Bug Report
71564,CDT,Not Configuration Bug Report,TVT3.0: Missing link in CDT doc 'Debug Tutorial',https://bugs.eclipse.org/bugs/show_bug.cgi?id=71564,ECLIPSE,Configuration Bug Report
103173,CDT,Not Configuration Bug Report,Register: user created register groups disappear after debug session restart,https://bugs.eclipse.org/bugs/show_bug.cgi?id=103173,ECLIPSE,Configuration Bug Report
118981,Community,Not Configuration Bug Report,Fix bugs in Phoenix css files and add support for greyed-out left nav menu items,https://bugs.eclipse.org/bugs/show_bug.cgi?id=118981,ECLIPSE,Configuration Bug Report
130384,Community,Not Configuration Bug Report,"""Top Ten Voted Bugs"" should include RESOLVED/LATER",https://bugs.eclipse.org/bugs/show_bug.cgi?id=130384,ECLIPSE,Configuration Bug Report
109220,Community,Not Configuration Bug Report,Add new features to the timeline page,109220,ECLIPSE,Configuration Bug Report
243559,Dali JPA Tools,Not Configuration Bug Report,Exchanging entity objects contents when renaming a certain entity,https://bugs.eclipse.org/bugs/show_bug.cgi?id=243559,ECLIPSE,Configuration Bug Report
460657,ECP,Not Configuration Bug Report,No Error on Missing View Model in Debug Mode,https://bugs.eclipse.org/bugs/show_bug.cgi?id=460657,ECLIPSE,Configuration Bug Report
268443,Java Server Faces,Not Configuration Bug Report,FacesConfig Editor preferences page needs more info for screen readers,https://bugs.eclipse.org/bugs/show_bug.cgi?id=268443,ECLIPSE,Configuration Bug Report
27445,JDT,Not Configuration Bug Report,[Dialogs] Dialog font should be used by jdt debug component,https://bugs.eclipse.org/bugs/show_bug.cgi?id=27445,ECLIPSE,Configuration Bug Report
496451,Titan,Not Configuration Bug Report,"bugfix: CfgParser support for resolving environment variables, macros and include files",https://bugs.eclipse.org/bugs/show_bug.cgi?id=496451,ECLIPSE,Configuration Bug Report
100059,WPT Website,Not Configuration Bug Report,Adding a bug reports page to the Web site,https://bugs.eclipse.org/bugs/show_bug.cgi?id=100059,ECLIPSE,Configuration Bug Report
102835,WTP Java EE Tools,Not Configuration Bug Report,Create Wizard servlet,102835,ECLIPSE,Configuration Bug Report
92522,WTP Releng,Not Configuration Bug Report,"Download page needs to be updated to remove ""required ws"" section",92522,ECLIPSE,Configuration Bug Report
145412,z_Archived,Not Configuration Bug Report,README: Add readme item for Log Import problem on iSeries V4R5 (bugzilla 126792),https://bugs.eclipse.org/bugs/show_bug.cgi?id=145412,ECLIPSE,Configuration Bug Report
183603,z_Archived,Not Configuration Bug Report,Debug information should be in your build result.,https://bugs.eclipse.org/bugs/show_bug.cgi?id=183603,ECLIPSE,Configuration Bug Report
214747,z_Archived,Not Configuration Bug Report,[Platform Project] Create Bugzilla component for statistical reports.,https://bugs.eclipse.org/bugs/show_bug.cgi?id=214747,ECLIPSE,Configuration Bug Report
312125,z_Archived,Not Configuration Bug Report,Profile java application launch should use DebugPlugin.ATTR_CONSOLE_ENCODING,https://bugs.eclipse.org/bugs/show_bug.cgi?id=312125,ECLIPSE,Configuration Bug Report
352582,z_Archived,Not Configuration Bug Report,Support line breakpoints in JS debug,https://bugs.eclipse.org/bugs/show_bug.cgi?id=352582,ECLIPSE,Configuration Bug Report
56341,z_Archived,Not Configuration Bug Report,M8 Documentation updates on statistical console,56341,ECLIPSE,Configuration Bug Report
56569,z_Archived,Not Configuration Bug Report,provide Find and Filter toolbar buttons in UML2SD view,56569,ECLIPSE,Configuration Bug Report
56596,z_Archived,Not Configuration Bug Report,provide API for execution occurance to set the start and end time,56596,ECLIPSE,Configuration Bug Report
56664,z_Archived,Not Configuration Bug Report,provide support to customize Graph Node and spacing size,56664,ECLIPSE,Configuration Bug Report
56762,z_Archived,Not Configuration Bug Report,provide API for graph node stroke color,56762,ECLIPSE,Configuration Bug Report
56763,z_Archived,Not Configuration Bug Report,provide API for graph node overlay icon,56763,ECLIPSE,Configuration Bug Report
63039,z_Archived,Not Configuration Bug Report,Datapool Evaluator and Iterator extension points should be moved to test.datapool package. Extension point schemas also missing.,63039,ECLIPSE,Configuration Bug Report
63682,z_Archived,Not Configuration Bug Report,Need a programmatic way to open the highlighting rectangle from the time compression bar to the interested lifeline,63682,ECLIPSE,Configuration Bug Report
76548,z_Archived,Not Configuration Bug Report,Coverage Statistic: Update filter method,76548,ECLIPSE,Configuration Bug Report
87164,z_Archived,Not Configuration Bug Report,(MON) Provide range filtering for GLA filter blade,87164,ECLIPSE,Configuration Bug Report
106307,z_Archived,Not Configuration Bug Report,Prerequisite of feature / bug 74652,106307,ECLIPSE,Configuration Bug Report
108004,z_Archived,Not Configuration Bug Report,Eclispse corner article,108004,ECLIPSE,Configuration Bug Report
108728,z_Archived,Not Configuration Bug Report,[Deployment] File transfer service to support ability for command versions,108728,ECLIPSE,Configuration Bug Report
112114,z_Archived,Not Configuration Bug Report,[Extensibility] Support for connection in test execution service for IAC and security,112114,ECLIPSE,Configuration Bug Report
113181,z_Archived,Not Configuration Bug Report,TPTP Tester Guide::Performance chapter updates,113181,ECLIPSE,Configuration Bug Report
113390,z_Archived,Not Configuration Bug Report,Provide a means to configure new AC so that it only launches pre-defined set of aliases,113390,ECLIPSE,Configuration Bug Report
113424,z_Archived,Not Configuration Bug Report,"""Extending"" chapter not shipped in driver",113424,ECLIPSE,Configuration Bug Report
54829,z_Archived,Not Configuration Bug Report,Extend Filter action is missing in Log Interaction View,54829,ECLIPSE,Configuration Bug Report
54881,z_Archived,Not Configuration Bug Report,Correlations are missing in UML2SD Log Interaction view.,54881,ECLIPSE,Configuration Bug Report
54975,z_Archived,Not Configuration Bug Report,Migrate all Hyades examples to be NL-enabled.,54975,ECLIPSE,Configuration Bug Report
56387,z_Archived,Not Configuration Bug Report,Overview is too small,56387,ECLIPSE,Configuration Bug Report
57108,z_Archived,Not Configuration Bug Report,APIs to disable Show Caller/Called Message action,57108,ECLIPSE,Configuration Bug Report
73634,z_Archived,Not Configuration Bug Report,Cannot re-edit a class that extends Composite,73634,ECLIPSE,Configuration Bug Report
104131,z_Archived,Not Configuration Bug Report,Create Manifest file for GLA plugins,104131,ECLIPSE,Configuration Bug Report
90157,z_Archived,Not Configuration Bug Report,New visual class templates should be in respective plugins,90157,ECLIPSE,Configuration Bug Report
90180,z_Archived,Not Configuration Bug Report,Need Text Editor for Link Widget,90180,ECLIPSE,Configuration Bug Report
157858,Bugzilla,Not Configuration Bug Report,review: Add support for Insiders; Private comments; Private Attachments; Patch for July 12 tip,157858,MOZILLA,Configuration Bug Report
157886,Bugzilla,Not Configuration Bug Report,review: Bugzilla should support translated/localized templates; Eighth version: Whitespace fixes; remove ($) prototyping,157886,MOZILLA,Configuration Bug Report
158402,Bugzilla,Not Configuration Bug Report,review: Bugzilla Helper should be enter_bug.cgi template; Patch v.8,https://bugzilla.mozilla.org/show_bug.cgi?id=158402,MOZILLA,Configuration Bug Report
158554,Bugzilla,Not Configuration Bug Report,review: buglist.cgi shouldn't find all bugs if loaded without parameters; Patch v.1,158554,MOZILLA,Configuration Bug Report
158558,Bugzilla,Not Configuration Bug Report,review: if order is the first param to buglist.cgi; can't resort; Patch v.1,158558,MOZILLA,Configuration Bug Report
158561,Bugzilla,Not Configuration Bug Report,review: Remove $onebug cruft.; Patch v.1,158561,MOZILLA,Configuration Bug Report
158620,Bugzilla,Not Configuration Bug Report,review: Add support for Insiders; Private comments; Private Attachments; Revised patch with timeless's suggestions,158620,MOZILLA,Configuration Bug Report
158974,Bugzilla,Not Configuration Bug Report,review: relogin.cgi should use a template; Patch v.2,158974,MOZILLA,Configuration Bug Report
158984,Bugzilla,Not Configuration Bug Report,review: confirm_login in CGI.pl should use a template for the login dialog; Patch v.1,158984,MOZILLA,Configuration Bug Report
159601,Bugzilla,Not Configuration Bug Report,review: add translation of system messages; Patch v.2,159601,MOZILLA,Configuration Bug Report
159630,Bugzilla,Not Configuration Bug Report,review: quips.cgi should require a login to access.; Patch v.1,159630,MOZILLA,Configuration Bug Report
172878,Bugzilla,Not Configuration Bug Report,review: Enhancements to generic reporting; Patch v.3,172878,MOZILLA,Configuration Bug Report
173943,Bugzilla,Not Configuration Bug Report,review: Component/Product IDs mean you can't do change queries on component/product; v2,173943,MOZILLA,Configuration Bug Report
174810,Bugzilla,Not Configuration Bug Report,review: you should be able to enter bug dependencies/blockers when you enter a bug.; Patch v.1,174810,MOZILLA,Configuration Bug Report
175135,Bugzilla,Not Configuration Bug Report,review: Disallow novice users (without bugzilla account) from use of Advanced Entry form; Patch v.1,175135,MOZILLA,Configuration Bug Report
178146,Bugzilla,Not Configuration Bug Report,review: Real name capability on bug_list.cgi.; Patch against HEAD,178146,MOZILLA,Configuration Bug Report
178300,Bugzilla,Not Configuration Bug Report,"review: Default comments search box type to ""contains string""; Patch v.1",178300,MOZILLA,Configuration Bug Report
178969,Bugzilla,Not Configuration Bug Report,review: make request tracker use generic user matching code; patch v3: review fixes,178969,MOZILLA,Configuration Bug Report
178986,Bugzilla,Not Configuration Bug Report,review: make request tracker use generic user matching code; patch v4: very minor updates,178986,MOZILLA,Configuration Bug Report
159438,Bugzilla,Not Configuration Bug Report,review: Abstract out GenerateSQL into perl module; Patch v.1,159438,MOZILLA,Configuration Bug Report
162293,Bugzilla,Not Configuration Bug Report,review: Add support for Insiders; Private comments; Private Attachments; Patch updated to current HEAD,162293,MOZILLA,Configuration Bug Report
162795,Bugzilla,Not Configuration Bug Report,review: param to disable adding new quips; Add param to restrict entry of quips,162795,MOZILLA,Configuration Bug Report
162848,Bugzilla,Not Configuration Bug Report,review: param to disable adding new quips; Revised patch keeps total number of params constant,162848,MOZILLA,Configuration Bug Report
2544,Core,Not Configuration Bug Report,[IME]Chinese character composition not work with Korean input,2544,MOZILLA,Configuration Bug Report
6278,Core,Not Configuration Bug Report,(feature) List properties needs to be implemented,6278,MOZILLA,Configuration Bug Report
17071,Core,Not Configuration Bug Report,insert source dialog fixes,17071,MOZILLA,Configuration Bug Report
81467,Core,Not Configuration Bug Report,Update site-policies documentation,81467,MOZILLA,Configuration Bug Report
102252,Core,Not Configuration Bug Report,Add CS Styles for Ethiopian/Eritrean Languages,102252,MOZILLA,Configuration Bug Report
2588,Core Graveyard,Not Configuration Bug Report,Suggested additions to the menu of the test bed viewer,2588,MOZILLA,Configuration Bug Report
10912,Core Graveyard,Not Configuration Bug Report,Document->createTextNode() API dumps core,10912,MOZILLA,Configuration Bug Report
10918,Core Graveyard,Not Configuration Bug Report,Document->createFragment Java DOM API dumps core,10918,MOZILLA,Configuration Bug Report
10920,Core Graveyard,Not Configuration Bug Report,Document->createComment API call dumps core,10920,MOZILLA,Configuration Bug Report
10922,Core Graveyard,Not Configuration Bug Report,Document createProcessingInstruction method dumps core,10922,MOZILLA,Configuration Bug Report
13867,Graveyard,Not Configuration Bug Report,need managed tools/software infrastructure,13867,MOZILLA,Configuration Bug Report
151401,Mozilla,Not Configuration Bug Report,Request for SSH account to be able to upload files to ftp.mozilla.org,151401,MOZILLA,Configuration Bug Report
17016,SeaMonkey,Not Configuration Bug Report,QA Reminder: Test IMAP server prefs migration with UI,17016,MOZILLA,Configuration Bug Report
17466,SeaMonkey,Not Configuration Bug Report,QA reminder: retest migration addr prefs after UI fix,17466,MOZILLA,Configuration Bug Report
151388,SeaMonkey,Not Configuration Bug Report,To add a new compile switch to distinguish Windows and ATK code,151388,MOZILLA,Configuration Bug Report
60209,SeaMonkey,Not Configuration Bug Report,OS/2 - Create Desktop folder REXX script.,60209,MOZILLA,Configuration Bug Report
21775,Core,Not Configuration Bug Report,nsMultiMixedConverter needs to add nsIStreamObserver to it's QI method,21775,MOZILLA,Configuration Bug Report
23543,Core,Not Configuration Bug Report,Port nsFileChannel to use nsIFile,23543,MOZILLA,Configuration Bug Report
35505,Core,Not Configuration Bug Report,negotiate webshell ownership model,35505,MOZILLA,Configuration Bug Report
1816,Taglibs,Not Configuration Bug Report,errors in your documentation;,1816,APACHE,Configuration Bug Report
41115,Lenya,Not Configuration Bug Report,"Link to resource uses ,html extension",41115,APACHE,Configuration Bug Report
100070,WTP Java EE Tools,Not Configuration Bug Report,EARFileImpl.saveAsNoReopen does not include application.xml,100070,ECLIPSE,Configuration Bug Report
103333,WTP Java EE Tools,Not Configuration Bug Report,Need enablement of the j2ee extension for its own custom extensions in navigator,103333,ECLIPSE,Configuration Bug Report
92229,z_Archived,Not Configuration Bug Report,Generate HTML test reports,92229,ECLIPSE,Configuration Bug Report
99823,z_Archived,Not Configuration Bug Report,AC doesn't report observer/controller status to agents,99823,ECLIPSE,Configuration Bug Report
99826,z_Archived,Not Configuration Bug Report,Agent Controller doesn't shutdown agents,99826,ECLIPSE,Configuration Bug Report
100005,z_Archived,Not Configuration Bug Report,Accessibility: Cannot set focus to testcase invocation using keyboard only,100005,ECLIPSE,Configuration Bug Report
45755,Fop - Now in Jira,Configuration Bug Report,fop's configuration file is distributed under Apache License,45755,APACHE ,Configuration Bug Report
235,Tomcat 3,Configuration Bug Report,"Apache; mod_jk + APJ13 problems with RequestDispatcher,forward() BugRat Report#373",235,APACHE ,Configuration Bug Report
38424,BCEL - Now in Jira,Configuration Bug Report,"LineNumberTable toString method uses jdk 1,4 StringBuffer append(StringBuffer) method,",38424,APACHE ,Configuration Bug Report
48029,APR,Configuration Bug Report,"httpd-2,2,14 hangs in port_getn",48029,APACHE ,Configuration Bug Report
33824,"Apache httpd-1,3",Configuration Bug Report,binding to an invalid ip address in Linux,33824,APACHE ,Configuration Bug Report
45146,Fop - Now in Jira,Configuration Bug Report,"duplicate license,txt constrains ClassLoader",45146,APACHE ,Configuration Bug Report
33117,Tomcat 5,Configuration Bug Report,"Deep link into Bugzilla broken on ROOT/index,jsp",33117,APACHE ,Configuration Bug Report
16058,JMeter,Configuration Bug Report,"Focus problems under jdk 1,4,1",16058,APACHE ,Configuration Bug Report
49528,Tomcat 7,Configuration Bug Report,"HttpServletRequest,isAsyncStarted() returns false when a Runnable is started",49528,APACHE ,Configuration Bug Report
55884,Tomcat 8,Configuration Bug Report,JSPs no longer compile in Java 8,55884,APACHE ,Configuration Bug Report
45490,Fop - Now in Jira,Configuration Bug Report,Handling of font URL pointing to a JAR entry don't work,45490,APACHE ,Configuration Bug Report
51723,Rivet,Configuration Bug Report,makeurl command does not allow relative paths,51723,APACHE ,Configuration Bug Report
41831,Fop - Now in Jira,Configuration Bug Report,[PATCH] Refactored configuration; font detection and caching; url resolution,41831,APACHE ,Configuration Bug Report
40856,Tomcat Connectors,Configuration Bug Report,URL mapping case sensitive,40856,APACHE ,Configuration Bug Report
34006,Tomcat 5,Configuration Bug Report,"Undeploy of webapps with antiResourceLocking in META-INF\context,xml fails after Tomcat restart",34006,APACHE ,Configuration Bug Report
57191,APR,Configuration Bug Report,APR compile failure with Visual Studio 2013,57191,APACHE ,Configuration Bug Report
44698,Lenya,Configuration Bug Report,"Building 1,3 fails with NCDFE: SerializerTrace",44698,APACHE ,Configuration Bug Report
COCOON-4,Cocoon,Configuration Bug Report,missing classpath entry in ./build.bat and ./build.sh,https://issues.apache.org/jira/browse/COCOON-4?jql=issuetype%20%3D%20Bug%20AND%20status%20in%20(Resolved%2C%20Closed)%20ORDER%20BY%20cf%5B12310220%5D%20ASC%2C%20cf%5B12312823%5D%20ASC,APACHE ,Configuration Bug Report
COLLECTION-34,Commons Collection,Configuration Bug Report,Collections doesn't build with jdk1.2 javac,https://issues.apache.org/jira/browse/COLLECTIONS-34?jql=issuetype%20%3D%20Bug%20AND%20status%20in%20(Resolved%2C%20Closed)%20ORDER%20BY%20cf%5B12310220%5D%20ASC%2C%20cf%5B12312823%5D%20ASC,APACHE ,Configuration Bug Report
CACTUS-7,Cactus,Configuration Bug Report,Starting and stopping the servlet engine in ant,https://issues.apache.org/jira/browse/CACTUS-7?jql=issuetype%20%3D%20Bug%20AND%20status%20in%20(Resolved%2C%20Closed)%20ORDER%20BY%20cf%5B12310220%5D%20ASC%2C%20cf%5B12312823%5D%20ASC,APACHE ,Configuration Bug Report
XALANC-44,XalanC,Configuration Bug Report,Could not compile,https://issues.apache.org/jira/browse/XALANC-44?jql=issuetype%20%3D%20Bug%20AND%20status%20in%20(Resolved%2C%20Closed)%20ORDER%20BY%20cf%5B12310220%5D%20ASC%2C%20cf%5B12312823%5D%20ASC,APACHE ,Configuration Bug Report
COCOON-69,Cocoon ,Configuration Bug Report,session:get-attribute bug,https://issues.apache.org/jira/browse/COCOON-69?jql=issuetype%20%3D%20Bug%20AND%20status%20in%20(Resolved%2C%20Closed)%20ORDER%20BY%20cf%5B12310220%5D%20ASC%2C%20cf%5B12312823%5D%20ASC,APACHE ,Configuration Bug Report
LUCENE-1,Lucene,Configuration Bug Report,lock files don't work in JDK 1.1,https://issues.apache.org/jira/browse/LUCENE-1?jql=issuetype%20%3D%20Bug%20AND%20status%20in%20(Resolved%2C%20Closed)%20ORDER%20BY%20cf%5B12310220%5D%20ASC%2C%20cf%5B12312823%5D%20ASC,APACHE ,Configuration Bug Report
XERCESP-6,Xerces-P,Configuration Bug Report,Error building Xerces.C,https://issues.apache.org/jira/browse/XERCESP-6?jql=issuetype%20%3D%20Bug%20AND%20status%20in%20(Resolved%2C%20Closed)%20ORDER%20BY%20cf%5B12310220%5D%20ASC%2C%20cf%5B12312823%5D%20ASC,APACHE ,Configuration Bug Report
SOAP-143,SOAP,Configuration Bug Report,Problem to config Soap 2.3 + Tomcat 4.0.5 + xerces 1.4.4,https://issues.apache.org/jira/browse/SOAP-143?jql=issuetype%20%3D%20Bug%20AND%20status%20in%20(Resolved%2C%20Closed)%20AND%20text%20~%20%22interface%22%20ORDER%20BY%20cf%5B12310220%5D%20ASC%2C%20cf%5B12312823%5D%20ASC,APACHE ,Configuration Bug Report
MYFACES-286,My Faces Core,Configuration Bug Report,x:datatable doesn't support Set,https://issues.apache.org/jira/browse/MYFACES-286?jql=issuetype%20%3D%20Bug%20AND%20status%20in%20(Resolved%2C%20Closed)%20AND%20text%20~%20%22interface%22%20ORDER%20BY%20cf%5B12310220%5D%20ASC%2C%20cf%5B12312823%5D%20ASC,APACHE ,Configuration Bug Report
HTTPCLIENT-434,HttpComponents HttpClient,Configuration Bug Report,Document API incompatibility with HttpClient 2.0,https://issues.apache.org/jira/browse/HTTPCLIENT-434?jql=issuetype%20%3D%20Bug%20AND%20status%20in%20(Resolved%2C%20Closed)%20AND%20text%20~%20%22interface%22%20ORDER%20BY%20cf%5B12310220%5D%20ASC%2C%20cf%5B12312823%5D%20ASC,APACHE ,Configuration Bug Report
XERCESC-8,Xerces-C++,Configuration Bug Report,"Build fails on AIX 4.3.3 (IBM RS/6000), VisualAge C++ Pro v5",https://issues.apache.org/jira/browse/XERCESC-8?jql=issuetype%20%3D%20Bug%20AND%20status%20in%20(Resolved%2C%20Closed)%20AND%20text%20~%20%22error%22%20ORDER%20BY%20cf%5B12310220%5D%20ASC%2C%20cf%5B12312823%5D%20ASC,APACHE ,Configuration Bug Report
STR-203,Struts ,Configuration Bug Report,Bug Reporting System' link on Struts home page is broken..,https://issues.apache.org/jira/browse/STR-203?jql=issuetype%20%3D%20Bug%20AND%20status%20in%20(Resolved%2C%20Closed)%20ORDER%20BY%20cf%5B12310220%5D%20ASC%2C%20cf%5B12312823%5D%20ASC,APACHE ,Configuration Bug Report
JAMES-3,James Server,Configuration Bug Report,"Accounts with "".""",https://issues.apache.org/jira/browse/JAMES-3?jql=issuetype%20%3D%20Bug%20AND%20status%20in%20(Resolved%2C%20Closed)%20ORDER%20BY%20cf%5B12310220%5D%20ASC%2C%20cf%5B12312823%5D%20ASC,APACHE ,Configuration Bug Report
XERCESC-23,Xerces-C++,Configuration Bug Report,Headers install in wrong directory.,https://issues.apache.org/jira/browse/XERCESC-23?jql=issuetype%20%3D%20Bug%20AND%20status%20in%20(Resolved%2C%20Closed)%20ORDER%20BY%20cf%5B12310220%5D%20ASC%2C%20cf%5B12312823%5D%20ASC,APACHE ,Configuration Bug Report
STR-405,Struts,Configuration Bug Report,Bad links,https://issues.apache.org/jira/browse/STR-405?jql=issuetype%20%3D%20Bug%20AND%20status%20in%20(Resolved%2C%20Closed)%20AND%20text%20~%20%22security%22%20ORDER%20BY%20cf%5B12310220%5D%20ASC%2C%20cf%5B12312823%5D%20ASC,APACHE ,Configuration Bug Report
JAMES-6,James Server,Configuration Bug Report,Sending mail to local recipient and remote recipient fails to send to remote recipient,https://issues.apache.org/jira/browse/JAMES-6?jql=issuetype%20%3D%20Bug%20AND%20status%20in%20(Resolved%2C%20Closed)%20ORDER%20BY%20cf%5B12310220%5D%20ASC%2C%20cf%5B12312823%5D%20ASC,APACHE ,Configuration Bug Report
COCOON-33,Cocoon,Configuration Bug Report,Error: 500,https://issues.apache.org/jira/browse/COCOON-33?jql=issuetype%20%3D%20Bug%20AND%20status%20in%20(Resolved%2C%20Closed)%20ORDER%20BY%20cf%5B12310220%5D%20ASC%2C%20cf%5B12312823%5D%20ASC,APACHE ,Configuration Bug Report
JAMES-4,James Server,Configuration Bug Report,Bounced mail to unknown sender address or SMTP server hangs James,https://issues.apache.org/jira/browse/JAMES-4?jql=issuetype%20%3D%20Bug%20AND%20status%20in%20(Resolved%2C%20Closed)%20ORDER%20BY%20cf%5B12310220%5D%20ASC%2C%20cf%5B12312823%5D%20ASC,APACHE ,Configuration Bug Report
40836,Apache httpd-2,Configuration Bug Report,"Microsoft Update: KB920342; Apache 2,2,3 service doesn't start",40836,APACHE ,Configuration Bug Report
8482,Apache httpd-2,Configuration Bug Report,nph- CGIs and/or server-pushed methodes not working properly,8482,APACHE ,Configuration Bug Report
44902,Fop - Now in Jira,Configuration Bug Report,"FOP 0,95 does not resolve server path names,",44902,APACHE ,Configuration Bug Report
32280,Tomcat 5,Configuration Bug Report,Problem clustering tomcat when a failed server is restarting,32280,APACHE ,Configuration Bug Report
39463,APR,Configuration Bug Report,"Sendfile broken in 2,2,2 on Solaris 10 when using Server parsed html includes",39463,APACHE ,Configuration Bug Report
42521,Apache httpd-2,Configuration Bug Report,"Unable to connect via DAV (server is 10,4,9; client is 10,4,9)",42521,APACHE ,Configuration Bug Report
42839,Tomcat Connectors,Configuration Bug Report,iPlanet / SunONE web server tomcat connector connection re-use disabled,42839,APACHE ,Configuration Bug Report
34479,Apache httpd-2,Configuration Bug Report,(OS 10048) error during installation,34479,APACHE ,Configuration Bug Report
37021,Lenya,Configuration Bug Report,[PATCH] cforms libraries are not loaded,37021,APACHE ,Configuration Bug Report
36382,Lenya,Configuration Bug Report,"[PATCH] Endorsed libraries are not considered properly,",36382,APACHE ,Configuration Bug Report
598,Ant,Configuration Bug Report,Execute does not properly change drive for Windows,598,APACHE ,Configuration Bug Report
11091,Tomcat 4,Configuration Bug Report,"Tomcat (4,1,7 - 4,1,9)-LE-jdk14 ignores error page specified in web,xml",11091,APACHE ,Configuration Bug Report
30764,Security - Now in JIRA,Configuration Bug Report,"JDK 1,4,2_05 has new org,apache,xpath,compiler api,,, now private m_functions field",30764,APACHE ,Configuration Bug Report
34520,Apache httpd-2,Configuration Bug Report,"cope with OpenSSL 0,9,7g API changes",34520,APACHE ,Configuration Bug Report
40512,Security - Now in JIRA,Configuration Bug Report,Fix incompatible API changes to TransformSpi,40512,APACHE ,Configuration Bug Report
1206,Batik - Now in Jira,Configuration Bug Report,Add a text-search in the SVG Browser,1206,APACHE ,Configuration Bug Report
46,Batik - Now in Jira,Configuration Bug Report,Add marker support,46,APACHE ,Configuration Bug Report
680,Ant,Configuration Bug Report,"JUnit task not compatible w/ JUnit 3,5",680,APACHE ,Configuration Bug Report
43156,Fop - Now in Jira,Configuration Bug Report,"[PATCH] jdk1,3 compatibility fix for fop-0_94",43156,APACHE ,Configuration Bug Report
38444,Security - Now in JIRA,Configuration Bug Report,"Transform TRANSFORM_XPATH2FILTER subtract filter bug in 1,3 release",38444,APACHE ,Configuration Bug Report
16266,CDT,Configuration Bug Report,NoClassDefFoundError IDebugViewAdapter,https://bugs.eclipse.org/bugs/show_bug.cgi?id=16266,ECLIPSE,Configuration Bug Report
222581,OCL,Configuration Bug Report,Bug resolving CollectionTypes in AbstractTypeResolver,https://bugs.eclipse.org/bugs/show_bug.cgi?id=222581,ECLIPSE,Configuration Bug Report
495099,Papyrus,Configuration Bug Report,[SysML 1.4][releng] promote bug,https://bugs.eclipse.org/bugs/show_bug.cgi?id=495099,ECLIPSE,Configuration Bug Report
202415,PDT,Configuration Bug Report,Debugger mapping - when an extra directory is added to the project - breakpoints are ignored,https://bugs.eclipse.org/bugs/show_bug.cgi?id=202415,ECLIPSE,Configuration Bug Report
296141,PDT,Configuration Bug Report,Run/Debug As -> PHP Script will not start if a configuration with xdebug was used before that,https://bugs.eclipse.org/bugs/show_bug.cgi?id=296141,ECLIPSE,Configuration Bug Report
350405,PDT,Configuration Bug Report,Incorrect default Launch URL when Run/Debug As PHP Web Page,https://bugs.eclipse.org/bugs/show_bug.cgi?id=350405,ECLIPSE,Configuration Bug Report
18372,Platform,Configuration Bug Report,get rid of all fragment.properties in UI fragments,18372,ECLIPSE,Configuration Bug Report
18965,Platform,Configuration Bug Report,DBCS: DBCS file and path name,18965,ECLIPSE,Configuration Bug Report
100059,Platform,Configuration Bug Report,Adding a bug reports page to the Web site,https://bugs.eclipse.org/bugs/show_bug.cgi?id=100059,ECLIPSE,Configuration Bug Report
283581,RTSC,Configuration Bug Report,RTSC build profile should be set to 'whole_program_debug' in wizard page,https://bugs.eclipse.org/bugs/show_bug.cgi?id=283581,ECLIPSE,Configuration Bug Report
164628,Target Management,Configuration Bug Report,Unnecessary dependency of rse.ui -> debug.ui,https://bugs.eclipse.org/bugs/show_bug.cgi?id=164628,ECLIPSE,Configuration Bug Report
127119,WTP Common Tools,Configuration Bug Report,Facet actions sort does not termination for certain version change actions,https://bugs.eclipse.org/bugs/show_bug.cgi?id=127119,ECLIPSE,Configuration Bug Report
145875,WTP EJB Tools,Configuration Bug Report,New UI plugin dependency introduced in WTP 1.5 model plugin,https://bugs.eclipse.org/bugs/show_bug.cgi?id=145875,ECLIPSE,Configuration Bug Report
160562,WTP Java EE Tools,Configuration Bug Report,[j2ee] EAR with J2EE modules in a directory fail to import properly,https://bugs.eclipse.org/bugs/show_bug.cgi?id=160562,ECLIPSE,Configuration Bug Report
249347,WTP Java EE Tools,Configuration Bug Report,Make .JETEmitter project optional,https://bugs.eclipse.org/bugs/show_bug.cgi?id=249347,ECLIPSE,Configuration Bug Report
83115,WTP Java EE Tools,Configuration Bug Report,Workarounds need fixing for capability with Eclipse 3.1,83115,ECLIPSE,Configuration Bug Report
83338,WTP Java EE Tools,Configuration Bug Report,[perf]* BeaninfoClassAdapter should specify parser pool option,83338,ECLIPSE,Configuration Bug Report
104066,WTP Java EE Tools,Configuration Bug Report,http://java.sun.com/xml/ns/j2ee/jsp_2_0.xsd does not have license associated,104066,ECLIPSE,Configuration Bug Report
102173,WTP Java EE Tools,Configuration Bug Report,Investigate Dependency graph builder as resource change listener,102173,ECLIPSE,Configuration Bug Report
102947,WTP Java EE Tools,Configuration Bug Report,EAR import does not place classes in correct location,102947,ECLIPSE,Configuration Bug Report
159026,WTP Java EE Tools,Configuration Bug Report,[j2ee] 'EAR Libraries' does not include JAR files in directories,https://bugs.eclipse.org/bugs/show_bug.cgi?id=159026,ECLIPSE,Configuration Bug Report
190198,WTP Java EE Tools,Configuration Bug Report,[hotbug] JEE5 Web model does not update on changes in web.xml,https://bugs.eclipse.org/bugs/show_bug.cgi?id=190198,ECLIPSE,Configuration Bug Report
195431,WTP Java EE Tools,Configuration Bug Report,J2EEModuleVirtualComponent.getManifestReferences() performance,https://bugs.eclipse.org/bugs/show_bug.cgi?id=195431,ECLIPSE,Configuration Bug Report
80594,WTP Releng,Configuration Bug Report,SDK doesn't include other source files,80594,ECLIPSE,Configuration Bug Report
115959,WTP Releng,Configuration Bug Report,"Two SDK ""source plugins"" mistakenly jarred",115959,ECLIPSE,Configuration Bug Report
99849,WTP Webservices,Configuration Bug Report,[arch] org.eclipse.wst.wsi mixes model and UI code,99849,ECLIPSE,Configuration Bug Report
146727,z_Archived,Configuration Bug Report,Turn off the Execution framework debug,https://bugs.eclipse.org/bugs/show_bug.cgi?id=146727,ECLIPSE,Configuration Bug Report
177026,z_Archived,Configuration Bug Report,NLS33:plugins referenced by org.eclipse.wst.rdb_userdoc.feature is missing,https://bugs.eclipse.org/bugs/show_bug.cgi?id=177026,ECLIPSE,Configuration Bug Report
183282,z_Archived,Configuration Bug Report,bugs in tptp_decodeBase64(),https://bugs.eclipse.org/bugs/show_bug.cgi?id=183282,ECLIPSE,Configuration Bug Report
52505,z_Archived,Configuration Bug Report,org.eclipse.hyades.test.* plugins missing in WSWB 3.0,52505,ECLIPSE,Configuration Bug Report
71473,z_Archived,Configuration Bug Report,EMF Java Example installed causes problem,71473,ECLIPSE,Configuration Bug Report
78980,z_Archived,Configuration Bug Report,coredump while parsing optHeap on ThreeTierQueues applet,78980,ECLIPSE,Configuration Bug Report
78981,z_Archived,Configuration Bug Report,coredump while parsing optHeap on ThreeTierQueues applet,78981,ECLIPSE,Configuration Bug Report
83579,z_Archived,Configuration Bug Report,Version mismatch in org.eclipse.hyades.models.hierarchy feature and plugin,83579,ECLIPSE,Configuration Bug Report
85042,z_Archived,Configuration Bug Report,Trace loaders don't work in the 4.0 environment,85042,ECLIPSE,Configuration Bug Report
109800,z_Archived,Configuration Bug Report,[Platform Specific] The automation framework has issues on non-Windows platforms,109800,ECLIPSE,Configuration Bug Report
110369,z_Archived,Configuration Bug Report,libpiAgent.so missing from z/OS Agent Controller zip due to build error,110369,ECLIPSE,Configuration Bug Report
110882,z_Archived,Configuration Bug Report,zOS: manual build of the piAgent/RAC fails - initial c89 compile exits with code 137,110882,ECLIPSE,Configuration Bug Report
111230,z_Archived,Configuration Bug Report,Agent Controller in 4.0.1 configuration incorrect due to plugin jar name change,111230,ECLIPSE,Configuration Bug Report
112221,z_Archived,Configuration Bug Report,Broken link in on-line navigation tree,112221,ECLIPSE,Configuration Bug Report
113234,z_Archived,Configuration Bug Report,Statistical Agents do not work through the IAC,113234,ECLIPSE,Configuration Bug Report
113601,z_Archived,Configuration Bug Report,Attachment viewing in Test Log Viewer doesn't work for .JPG files,113601,ECLIPSE,Configuration Bug Report
113964,z_Archived,Configuration Bug Report,Update legal doc for log4J,113964,ECLIPSE,Configuration Bug Report
114263,z_Archived,Configuration Bug Report,(New AC) Default setting for TPTP_AC_HOME in serviceconfg.xml is bad,114263,ECLIPSE,Configuration Bug Report
114549,z_Archived,Configuration Bug Report,[Webdoc] (README) Cannot use IAC in multiple instances of the Eclipse workbench,114549,ECLIPSE,Configuration Bug Report
114673,z_Archived,Configuration Bug Report,Remote Log Import with Filter does not work due to change in File Transfer behaviour,114673,ECLIPSE,Configuration Bug Report
56388,z_Archived,Configuration Bug Report,Restore the UML2SD log interactions view as in AC1.2,56388,ECLIPSE,Configuration Bug Report
57051,z_Archived,Configuration Bug Report,placeholder for the UML2SD view,57051,ECLIPSE,Configuration Bug Report
58288,z_Archived,Configuration Bug Report,VE hangs; times out; then throws NPE doing pause/reload,58288,ECLIPSE,Configuration Bug Report
95241,z_Archived,Configuration Bug Report,"(Plat) RAC plugin system has version number dependency in ""requires""",95241,ECLIPSE,Configuration Bug Report
104003,z_Archived,Configuration Bug Report,Should remove some plugin dependencies from plugin.xml,104003,ECLIPSE,Configuration Bug Report
103244,z_Archived,Configuration Bug Report,(Provisional) Remote console feature not working if target OS is Linux.,103244,ECLIPSE,Configuration Bug Report
88823,z_Archived,Configuration Bug Report,Cannot add JFace support to project - NPE,88823,ECLIPSE,Configuration Bug Report
90544,z_Archived,Configuration Bug Report,VE errors on M6,90544,ECLIPSE,Configuration Bug Report
97582,Bugzilla,Configuration Bug Report,Broken link to download Chart::Base module,97582,MOZILLA,Configuration Bug Report
159681,Bugzilla,Configuration Bug Report,review: usedependencies must die; Patch v.2,159681,MOZILLA,Configuration Bug Report
161624,Bugzilla,Configuration Bug Report,review: Problem with the regex in checksetup.pl to find dependancies.; v2,161624,MOZILLA,Configuration Bug Report
164502,Bugzilla,Configuration Bug Report,review: Importxml will fail if versioncache needs update; Fix - needed on 2.16 as well as 2.17,164502,MOZILLA,Configuration Bug Report
164505,Bugzilla,Configuration Bug Report,review: Importxml will fail if versioncache needs update; Fix - needed on 2.16 as well as 2.17,164505,MOZILLA,Configuration Bug Report
164551,Bugzilla,Configuration Bug Report,review: run checksetup.pl non-interactively (for use with cron jobs on test installs); Optionally non-interactive checksetup.pl,164551,MOZILLA,Configuration Bug Report
165730,Bugzilla,Configuration Bug Report,review: If multiple cookies exist; the least significant is assigned.; Fix for both 121419 and 165685,165730,MOZILLA,Configuration Bug Report
165928,Bugzilla,Configuration Bug Report,review: run checksetup.pl non-interactively (for use with cron jobs on test installs); v2,165928,MOZILLA,Configuration Bug Report
169533,Bugzilla,Configuration Bug Report,review: Linkify script to use GetBugLink on texts provided by user; Patch v.2,169533,MOZILLA,Configuration Bug Report
169853,Bugzilla,Configuration Bug Report,review: Templatise all calls to DisplayError; Patch v.1,169853,MOZILLA,Configuration Bug Report
173945,Bugzilla,Configuration Bug Report,review: Start using CGI.pm; v3,173945,MOZILLA,Configuration Bug Report
175125,Bugzilla,Configuration Bug Report,review: Fix site-navigation.html.tmpl to link to flags CGI and not attachments one; Patch v.1,175125,MOZILLA,Configuration Bug Report
175431,Bugzilla,Configuration Bug Report,review: Start using CGI.pm; v5.1,175431,MOZILLA,Configuration Bug Report
282505,Bugzilla,Configuration Bug Report,perl 5.6: config.cgi dies when it tries to use Bugzilla::DB,https://bugzilla.mozilla.org/show_bug.cgi?id=282505,MOZILLA,Configuration Bug Report
3413,Core,Configuration Bug Report,Trailing slash,3413,MOZILLA,Configuration Bug Report
14928,Core,Configuration Bug Report,[DOGFOOD] [PORKJOCKEY]URL Dispatching Part II,14928,MOZILLA,Configuration Bug Report
15242,Core,Configuration Bug Report,Remove #ifndef NECKO from tree,15242,MOZILLA,Configuration Bug Report
15294,Core,Configuration Bug Report,replace nsIIOService constructors with CreateInstance,15294,MOZILLA,Configuration Bug Report
16276,Core,Configuration Bug Report,url bar does not update,16276,MOZILLA,Configuration Bug Report
16279,Core,Configuration Bug Report,Initial installation of M10 on OpenVMS fails in LIBGTK,16279,MOZILLA,Configuration Bug Report
17707,Core,Configuration Bug Report,[DOGFOOD][IME] CJK input disabled in location field,17707,MOZILLA,Configuration Bug Report
18432,Core,Configuration Bug Report,figure out what resource: URLs should really be,18432,MOZILLA,Configuration Bug Report
19306,Core,Configuration Bug Report,[Outdated plug-in] Sherlock plug-in for Google is outdated,19306,MOZILLA,Configuration Bug Report
37778,Core,Configuration Bug Report,browser doesn't handle simple response of HTTP protocol,37778,MOZILLA,Configuration Bug Report
106586,Core,Configuration Bug Report,Inappropriate source into the plaintext copy.,106586,MOZILLA,Configuration Bug Report
118008,Core,Configuration Bug Report,Multi-paragraph blockquotes do not render correctly,118008,MOZILLA,Configuration Bug Report
183289,Core,Configuration Bug Report,[Plug-in for ActiveX] Switched parameter in XPconnect.cpp / xpc_GetCLSIDForType / keyMimeType.QueryValue,183289,MOZILLA,Configuration Bug Report
19321,Core,Configuration Bug Report,implement RDF resource pseudo-aggregation,19321,MOZILLA,Configuration Bug Report
19432,Core,Configuration Bug Report,remove STREAM_CONVERTER_HACK from file channel,19432,MOZILLA,Configuration Bug Report
39405,Core,Configuration Bug Report,use of #ifndef XP_MAC is not needed in wallet.cpp,39405,MOZILLA,Configuration Bug Report
47881,Core,Configuration Bug Report,triple static link of dbm code.,47881,MOZILLA,Configuration Bug Report
415426,Core ,Configuration Bug Report,trace-malloc broken on fxdbug-win32-tbox (due to Vista SDK?),https://bugzilla.mozilla.org/show_bug.cgi?id=415426,MOZILLA,Configuration Bug Report
557060,Core ,Configuration Bug Report,"[Windows] After bug 551254, Firefox/SeaMonkey fails to build or run with error like ""?",https://bugzilla.mozilla.org/show_bug.cgi?id=557060,MOZILLA,Configuration Bug Report
869868,Core ,Configuration Bug Report,Cannot build old Windows SDKs since Bug 830347,https://bugzilla.mozilla.org/show_bug.cgi?id=869868,MOZILLA,Configuration Bug Report
932168,Core ,Configuration Bug Report,Bug 906072 completely broke IME context management when password field gets focus,https://bugzilla.mozilla.org/show_bug.cgi?id=932168,MOZILLA,Configuration Bug Report
933680,Core ,Configuration Bug Report,browser_pluginCrashCommentAndURL.js hangs ubuntu ec2 slaves in conjunction with browser_bug410900.js,https://bugzilla.mozilla.org/show_bug.cgi?id=933680,MOZILLA,Configuration Bug Report
614228,Core ,Configuration Bug Report,[SeaMonkey] Windows bustage in nsUrlWidget after bug 581596 landing,https://bugzilla.mozilla.org/show_bug.cgi?id=614228,MOZILLA,Configuration Bug Report
7788,Core Graveyard,Configuration Bug Report,Core dump on http://www.vecernji-list.hr/ page load,7788,MOZILLA,Configuration Bug Report
72707,Core Graveyard,Configuration Bug Report,alfred chrome out of date--won't run on moz0.8.1,72707,MOZILLA,Configuration Bug Report
702707,Firefox,Configuration Bug Report,Web console is buggy in window mode,https://bugzilla.mozilla.org/show_bug.cgi?id=702707,MOZILLA,Configuration Bug Report
787564,Firefox,Configuration Bug Report,Today repository cause a black display on SGS2/Otoro due to regression from bug 778079,https://bugzilla.mozilla.org/show_bug.cgi?id=787564,MOZILLA,Configuration Bug Report
445490,Graveyard,Configuration Bug Report,bugzilla searches timing out (loading bugs directly works fine),https://bugzilla.mozilla.org/show_bug.cgi?id=445490,MOZILLA,Configuration Bug Report
626310,MailNews Core,Configuration Bug Report,Port |Bug 600435 - XULRunner universal for i386/x64_64 fails to unify nspr-config| to comm-central,https://bugzilla.mozilla.org/show_bug.cgi?id=626310,MOZILLA,Configuration Bug Report
653865,MailNews Core,Configuration Bug Report,Trunk builds broken by bug 556214: undeclared 'MonitorAutoEnter',https://bugzilla.mozilla.org/show_bug.cgi?id=653865,MOZILLA,Configuration Bug Report
926043,MailNews Core,Configuration Bug Report,Port build system changes from Bug 585016 and Bug 924615 to comm-central,https://bugzilla.mozilla.org/show_bug.cgi?id=926043,MOZILLA,Configuration Bug Report
1046638,MailNews Core,Configuration Bug Report,"Port |Bug 1044162 - make install locations for EXTRA_{PP_,}JS_MODULES better| to comm-central",https://bugzilla.mozilla.org/show_bug.cgi?id=1046638,MOZILLA,Configuration Bug Report
849612,MailNews Core,Configuration Bug Report,Fix build problems caused by Bug 847195 [error: nsIDOMNamedNodeMap.h: No such file or directory],https://bugzilla.mozilla.org/show_bug.cgi?id=849612,MOZILLA,Configuration Bug Report
150670,Mozilla,Configuration Bug Report,no response from email to ftp-stage@mozilla.org for releases,150670,MOZILLA,Configuration Bug Report
167090,Mozilla,Configuration Bug Report,Old link to Bugzilla Helper,167090,MOZILLA,Configuration Bug Report
131716,Mozilla Localizations,Configuration Bug Report,Alt-Start => Alt-Home (in Ga naar),131716,MOZILLA,Configuration Bug Report
115,NSPR,Configuration Bug Report,Navigator doesn't build,115,MOZILLA,Configuration Bug Report
263,NSPR,Configuration Bug Report,Mozilla does not compile on NetBSD/arm32,263,MOZILLA,Configuration Bug Report
382,NSPR,Configuration Bug Report,No not shared library support in Makefiles,382,MOZILLA,Configuration Bug Report
840,NSPR,Configuration Bug Report,libplds21.so: can't open file: errno=2,840,MOZILLA,Configuration Bug Report
884,NSPR,Configuration Bug Report,BUILD: messages about OSF in Linux build,884,MOZILLA,Configuration Bug Report
2190,NSPR,Configuration Bug Report,[PP] NSPR building incorrectly on FreeBSD 3.0,2190,MOZILLA,Configuration Bug Report
2248,NSPR,Configuration Bug Report,PR_ImportFile; etc. should initialize NSPR implicitly.,2248,MOZILLA,Configuration Bug Report
2042,SeaMonkey,Configuration Bug Report,Shared library suffix incorrectly assumed to be .so in several places,2042,MOZILLA,Configuration Bug Report
14562,SeaMonkey,Configuration Bug Report,minor tweak to Makefile.in for editor/txmgr/src and editor/txtsvc/src,14562,MOZILLA,Configuration Bug Report
33934,SeaMonkey,Configuration Bug Report,JA:PR2 Bargain America link incorrect in sidebar,33934,MOZILLA,Configuration Bug Report
35596,SeaMonkey,Configuration Bug Report,DE:PR1 investorworld link not working,35596,MOZILLA,Configuration Bug Report
37953,SeaMonkey,Configuration Bug Report,DE:Customize link for InvestorWorld should be disabled,37953,MOZILLA,Configuration Bug Report
123580,SeaMonkey,Configuration Bug Report,[FIX]about: protocol directory needs clean up,123580,MOZILLA,Configuration Bug Report
195060,SeaMonkey,Configuration Bug Report,Nightly 1.3 are debug builds (file size ~ 40MB) (missing MSVCRTD.DLL),https://Bugzilla.mozilla.org/show_bug.cgi?id=195060,MOZILLA,Configuration Bug Report
212746,SeaMonkey,Configuration Bug Report,1.4 won't launch,212746,MOZILLA,Configuration Bug Report
245826,SeaMonkey,Configuration Bug Report,Checkin for Bug 240552 broke clobber builds and builds w/ disable-cookie,https://Bugzilla.mozilla.org/show_bug.cgi?id=245826,MOZILLA,Configuration Bug Report
338880,SeaMonkey,Configuration Bug Report,SuiteRunner doesn't compile with --enable-debug,https://bugzilla.mozilla.org/show_bug.cgi?id=338880,MOZILLA,Configuration Bug Report
589135,SeaMonkey,Configuration Bug Report,Recover from bug 552703 test outage after upgrading buildbotcustom,https://bugzilla.mozilla.org/show_bug.cgi?id=589135,MOZILLA,Configuration Bug Report
830413,SeaMonkey,Configuration Bug Report,Port |Bug 827303 - Firefox core and crypto services components assume services/sync is built|,https://bugzilla.mozilla.org/show_bug.cgi?id=830413,MOZILLA,Configuration Bug Report
837570,SeaMonkey,Configuration Bug Report,Fix OSX64 buildage from |Bug 780561 - (new-packager) Overhaul the packager|,https://bugzilla.mozilla.org/show_bug.cgi?id=837570,MOZILLA,Configuration Bug Report
42384,SeaMonkey,Configuration Bug Report,nsFilePicker.cpp deallocates buffer incorrectly,42384,MOZILLA,Configuration Bug Report
49318,SeaMonkey,Configuration Bug Report,DE:PR2 Location Search w/o Search entry,49318,MOZILLA,Configuration Bug Report
72888,SeaMonkey,Configuration Bug Report,567920 byte leak on Linux,72888,MOZILLA,Configuration Bug Report
126157,Tech Evangelism Graveyard,Configuration Bug Report,icomputer.be - has some text truncated,126157,MOZILLA,Configuration Bug Report
923865,Testopia,Configuration Bug Report,Testopia is not compatible with Bugzilla 4.5 due to a DB schema change,https://bugzilla.mozilla.org/show_bug.cgi?id=923865,MOZILLA,Configuration Bug Report
511801,Thunderbird,Configuration Bug Report,[Thunderbird] mozilla-central 'Linux comm-central build' do not compile after bug 511326 landing,https://bugzilla.mozilla.org/show_bug.cgi?id=511801,MOZILLA,Configuration Bug Report
927899,Thunderbird,Configuration Bug Report,OSX bustage from bug 895047,https://bugzilla.mozilla.org/show_bug.cgi?id=927899,MOZILLA,Configuration Bug Report
965255,Thunderbird,Configuration Bug Report,OSX build bustage on comm-central from bug 941409 (layout/xul/nsMenuFrame.cpp:682:64: error: no member named 'anonid' in 'nsGkAtoms'),https://bugzilla.mozilla.org/show_bug.cgi?id=965255,MOZILLA,Configuration Bug Report
1104835,Thunderbird,Configuration Bug Report,Port bug 1101170 (Move Linux desktop sandboxing code into plugin-container) to fix bustage: Missing file(s): bin/libmozsandbox.so,https://bugzilla.mozilla.org/show_bug.cgi?id=1104835,MOZILLA,Configuration Bug Report
27162,Ant,Not Configuration Bug Report,"SQL task doesn't work with Informix IDS 9,2",27162,APACHE ,Configuration Bug Report
142683,Community,Not Configuration Bug Report,Search result of Bugzilla isn't correct,https://bugs.eclipse.org/bugs/show_bug.cgi?id=142683,ECLIPSE,Configuration Bug Report
200131,Data Too,Not Configuration Bug Report,Selection section(selection radio/selection table) of ConnectionFilterPropertyPage needs to be disabled for database connection profile objects,200131,ECLIPSE,Configuration Bug Report
98215,z_Archiv,Not Configuration Bug Report,need a similar allowQuotedDML() api on database,98215,ECLIPSE,Configuration Bug Report
225063,BIRT,Not Configuration Bug Report,Failed to run the sql if the database is disconnect,225063,ECLIPSE,Configuration Bug Report
115810,z_Archiv,Not Configuration Bug Report,a '-' in de database name crashes the connection,115810,ECLIPSE,Configuration Bug Report
301849,Communit,Not Configuration Bug Report,[app.class.php] Patch to add Marketplace Database Connections,301849,ECLIPSE,Configuration Bug Report
136444,z_Archiv,Not Configuration Bug Report,An issue with Action in Symptom Database Editor,136444,ECLIPSE,Configuration Bug Report
362144,z_Archiv,Not Configuration Bug Report,EDT Supports more database vendors,362144,ECLIPSE,Configuration Bug Report
152621,z_Archiv,Not Configuration Bug Report,Encoding error while export Symptom Database that contains GB18030 chars,152621,ECLIPSE,Configuration Bug Report
381688,Scout,Not Configuration Bug Report,RT: Database Cursors are not closed when using Batch mode.,381688,ECLIPSE,Configuration Bug Report
67636,z_Archiv,Not Configuration Bug Report,Symptom Database preference page should be under Profiling and logging.,67636,ECLIPSE,Configuration Bug Report
136453,z_Archiv,Not Configuration Bug Report,An Issue with Localized Message in Symptom Database editor,136453,ECLIPSE,Configuration Bug Report
150374,Data Too,Not Configuration Bug Report,Set Profile for Editor drop down Database Name selection does not work,150374,ECLIPSE,Configuration Bug Report
173336,Data Too,Not Configuration Bug Report,Data Source Explorer view - properties on Database root has blank dialog,173336,ECLIPSE,Configuration Bug Report
358854,z_Archiv,Not Configuration Bug Report,SQL database binding resources should not let user create duplicate name,358854,ECLIPSE,Configuration Bug Report
364114,z_Archiv,Not Configuration Bug Report,Error message of create records from sql database does not clear.,364114,ECLIPSE,Configuration Bug Report
472014,EPP,Not Configuration Bug Report,Update of problems database fails,472014,ECLIPSE,Configuration Bug Report
101678,z_Archiv,Not Configuration Bug Report,Test Connection doesn't give any feedback if the wrong database type is selected,101678,ECLIPSE,Configuration Bug Report
157945,Bugzilla,Not Configuration Bug Report,review: Remembered query options need regrouping; Patch v.1,157945,MOZILLA,Configuration Bug Report
158203,Bugzilla,Not Configuration Bug Report,review: Remembered query options need regrouping; Patch v.2,158203,MOZILLA,Configuration Bug Report
158399,Bugzilla,Not Configuration Bug Report,review: Remembered query options need regrouping; Patch v.3,158399,MOZILLA,Configuration Bug Report
158601,Bugzilla,Not Configuration Bug Report,review: Move the quip list into the database; patch; atttempt 3,158601,MOZILLA,Configuration Bug Report
158681,Bugzilla,Not Configuration Bug Report,review: Remembered query options need regrouping; Patch v.3,158681,MOZILLA,Configuration Bug Report
167701,Bugzilla,Not Configuration Bug Report,review: Query - multiple-select product (and probably component) broken; Patch,167701,MOZILLA,Configuration Bug Report
177895,Bugzilla,Not Configuration Bug Report,review: Query for CC/longdesc/OR takes long time; Revised with readability improvements,177895,MOZILLA,Configuration Bug Report
261993,Bugzilla,Not Configuration Bug Report,rampant uninitialized value error in log with fix for bug 255512,https://bugzilla.mozilla.org/show_bug.cgi?id=261993,MOZILLA,Configuration Bug Report
754740,Calendar,Not Configuration Bug Report,Startup failure since Bug 589032 - Error: Error setting up timezone database: TypeError: Components.classes[mozilla.org/storage/statement-wrapper;1'] is undefined,https://bugzilla.mozilla.org/show_bug.cgi?id=754740,MOZILLA,Configuration Bug Report
12243,Core,Not Configuration Bug Report,[IME][IME-Commit][IME-HighLight]DB text input always appended regardless of cursor position,12243,MOZILLA,Configuration Bug Report
45907,Core,Not Configuration Bug Report,Is DBM needed if the DiskCache is not used?,45907,MOZILLA,Configuration Bug Report
500527,Graveyard,Not Configuration Bug Report,Run SQL from bug 495740 on support-stage for testing,https://bugzilla.mozilla.org/show_bug.cgi?id=500527,MOZILLA,Configuration Bug Report
580479,Graveyard,Not Configuration Bug Report,bugzilla searches take forever (or never complete),https://bugzilla.mozilla.org/show_bug.cgi?id=580479,MOZILLA,Configuration Bug Report
COCOON-36,Cocoon,Not Configuration Bug Report ,db-authenticator wont reuse pool connections,https://issues.apache.org/jira/browse/COCOON-36?jql=issuetype%20%3D%20Bug%20AND%20status%20in%20(Resolved%2C%20Closed)%20ORDER%20BY%20cf%5B12310220%5D%20ASC%2C%20cf%5B12312823%5D%20ASC,APACHE ,Configuration Bug Report
STR-153,Struts,Not Configuration Bug Report ,DatabaseServlet reads from getResourceStream and writes to getRealPath,https://issues.apache.org/jira/browse/STR-153?jql=issuetype%20%3D%20Bug%20AND%20status%20in%20(Resolved%2C%20Closed)%20ORDER%20BY%20cf%5B12310220%5D%20ASC%2C%20cf%5B12312823%5D%20ASC,APACHE ,Configuration Bug Report
STR-26,Struts,Not Configuration Bug Report ,Database connection stops action servlet from loading,https://issues.apache.org/jira/browse/STR-26?jql=issuetype%20%3D%20Bug%20AND%20status%20in%20(Resolved%2C%20Closed)%20AND%20text%20~%20%22test%22%20ORDER%20BY%20cf%5B12310220%5D%20ASC%2C%20cf%5B12312823%5D%20ASC,APACHE ,Configuration Bug Report
40327,Tomcat Connectors,Not Configuration Bug Report,Logging level now defaults to debug - crashed server,40327,APACHE ,Configuration Bug Report
30847,Fop - Now in Jira,Not Configuration Bug Report,[patch] Block.java loop terminator fails due to a bug,https://bz.apache.org/bugzilla/show_bug.cgi?id=30847,APACHE ,Configuration Bug Report
FOP-17,FOP,Not Configuration Bug Report,case matching failure in <?xml ... ?> tag,https://issues.apache.org/jira/browse/FOP-17?jql=issuetype%20%3D%20Bug%20AND%20status%20in%20(Resolved%2C%20Closed)%20ORDER%20BY%20cf%5B12310220%5D%20ASC%2C%20cf%5B12312823%5D%20ASC,APACHE ,Configuration Bug Report
XALANC-10,XalanC,Not Configuration Bug Report,testXSLT linked with hard coded path to xerces library,https://issues.apache.org/jira/browse/XALANC-10?jql=issuetype%20%3D%20Bug%20AND%20status%20in%20(Resolved%2C%20Closed)%20ORDER%20BY%20cf%5B12310220%5D%20ASC%2C%20cf%5B12312823%5D%20ASC,APACHE ,Configuration Bug Report
SVN-392,Subversion,Not Configuration Bug Report,error messages don't show the error name,https://issues.apache.org/jira/browse/SVN-392?jql=issuetype%20%3D%20Bug%20AND%20status%20in%20(Resolved%2C%20Closed)%20ORDER%20BY%20cf%5B12310220%5D%20ASC%2C%20cf%5B12312823%5D%20ASC,APACHE ,Configuration Bug Report
STR-267,Struts ,Not Configuration Bug Report,Cannot find ActionMappings,https://issues.apache.org/jira/browse/STR-267?jql=issuetype%20%3D%20Bug%20AND%20status%20in%20(Resolved%2C%20Closed)%20ORDER%20BY%20cf%5B12310220%5D%20ASC%2C%20cf%5B12312823%5D%20ASC,APACHE ,Configuration Bug Report
XERCESC-233,Xerces-C++,Not Configuration Bug Report,Parser do not throw exceptions,https://issues.apache.org/jira/browse/XERCESC-233?jql=issuetype%20%3D%20Bug%20AND%20status%20in%20(Resolved%2C%20Closed)%20ORDER%20BY%20cf%5B12310220%5D%20ASC%2C%20cf%5B12312823%5D%20ASC,APACHE ,Configuration Bug Report
BATIK-163,Batik,Not Configuration Bug Report,Exception when running browser in binary distribution,https://issues.apache.org/jira/browse/BATIK-163?jql=issuetype%20%3D%20Bug%20AND%20status%20in%20(Resolved%2C%20Closed)%20ORDER%20BY%20cf%5B12310220%5D%20ASC%2C%20cf%5B12312823%5D%20ASC,APACHE ,Configuration Bug Report
STR-336,Struts ,Not Configuration Bug Report,MultiboxTag.doAfterBody() always aborts page rendering,https://issues.apache.org/jira/browse/STR-336?jql=issuetype%20%3D%20Bug%20AND%20status%20in%20(Resolved%2C%20Closed)%20ORDER%20BY%20cf%5B12310220%5D%20ASC%2C%20cf%5B12312823%5D%20ASC,APACHE ,Configuration Bug Report
XERCESC-162,Xerces-C++,Not Configuration Bug Report,getLength error,https://issues.apache.org/jira/browse/XERCESC-162?jql=issuetype%20%3D%20Bug%20AND%20status%20in%20(Resolved%2C%20Closed)%20ORDER%20BY%20cf%5B12310220%5D%20ASC%2C%20cf%5B12312823%5D%20ASC,APACHE ,Configuration Bug Report
XALANC-37,XalanC,Not Configuration Bug Report,NULL sysId causes exception when using a DOM_Document as XSLTInputSource,https://issues.apache.org/jira/browse/XALANC-37?jql=issuetype%20%3D%20Bug%20AND%20status%20in%20(Resolved%2C%20Closed)%20ORDER%20BY%20cf%5B12310220%5D%20ASC%2C%20cf%5B12312823%5D%20ASC,APACHE ,Configuration Bug Report
STR-199,Struts,Not Configuration Bug Report,javax.servlet.jsp.JspException: Cannot find message resources under key org.apache.struts.action.MESSAGE,https://issues.apache.org/jira/browse/STR-199?jql=issuetype%20%3D%20Bug%20AND%20status%20in%20(Resolved%2C%20Closed)%20ORDER%20BY%20cf%5B12310220%5D%20ASC%2C%20cf%5B12312823%5D%20ASC,APACHE ,Configuration Bug Report
COCOON-55,Cocoon,Not Configuration Bug Report,accessing localhost:8080/cocoon/ gives ComponentException,https://issues.apache.org/jira/browse/COCOON-55?jql=issuetype%20%3D%20Bug%20AND%20status%20in%20(Resolved%2C%20Closed)%20AND%20text%20~%20%22security%22%20ORDER%20BY%20cf%5B12310220%5D%20ASC%2C%20cf%5B12312823%5D%20ASC,APACHE ,Configuration Bug Report
AXIS-797,Axis,Not Configuration Bug Report,Calendar replacing Date is wsdl transformation,https://issues.apache.org/jira/browse/AXIS-797?jql=issuetype%20%3D%20Bug%20AND%20status%20in%20(Resolved%2C%20Closed)%20AND%20text%20~%20%22interface%22%20ORDER%20BY%20cf%5B12310220%5D%20ASC%2C%20cf%5B12312823%5D%20ASC,APACHE ,Configuration Bug Report
XMLBEANS-111,XMLBeans,Not Configuration Bug Report,Upper case conversion of special characters causes javac error,https://issues.apache.org/jira/browse/XMLBEANS-111?jql=issuetype%20%3D%20Bug%20AND%20status%20in%20(Resolved%2C%20Closed)%20AND%20text%20~%20%22interface%22%20ORDER%20BY%20cf%5B12310220%5D%20ASC%2C%20cf%5B12312823%5D%20ASC,APACHE ,Configuration Bug Report
EMAIL-6,Commons Email,Not Configuration Bug Report,[email] Errors when sending MultiPartEmail with another email as an attachment,https://issues.apache.org/jira/browse/EMAIL-6?jql=issuetype%20%3D%20Bug%20AND%20status%20in%20(Resolved%2C%20Closed)%20AND%20text%20~%20%22interface%22%20ORDER%20BY%20cf%5B12310220%5D%20ASC%2C%20cf%5B12312823%5D%20ASC,APACHE ,Configuration Bug Report
AXIS-1549,Axis,Not Configuration Bug Report,Exception:: java.lang.Exception: FIXME,https://issues.apache.org/jira/browse/AXIS-1549?jql=issuetype%20%3D%20Bug%20AND%20status%20in%20(Resolved%2C%20Closed)%20AND%20text%20~%20%22interface%22%20ORDER%20BY%20cf%5B12310220%5D%20ASC%2C%20cf%5B12312823%5D%20ASC,APACHE ,Configuration Bug Report
JS2-130,Jetspeed 2,Not Configuration Bug Report,ServletContextProviderImpl.java:36: cannot resolve symbol,https://issues.apache.org/jira/browse/JS2-130?jql=issuetype%20%3D%20Bug%20AND%20status%20in%20(Resolved%2C%20Closed)%20AND%20text%20~%20%22interface%22%20ORDER%20BY%20cf%5B12310220%5D%20ASC%2C%20cf%5B12312823%5D%20ASC,APACHE ,Configuration Bug Report
HTTPCLIENT-210,HttpComponents HttpClient,Not Configuration Bug Report,Exception handling in HttpClient requires redesign,https://issues.apache.org/jira/browse/HTTPCLIENT-210?jql=issuetype%20%3D%20Bug%20AND%20status%20in%20(Resolved%2C%20Closed)%20AND%20text%20~%20%22interface%22%20ORDER%20BY%20cf%5B12310220%5D%20ASC%2C%20cf%5B12312823%5D%20ASC,APACHE ,Configuration Bug Report
XALANC-19,XalanC,Not Configuration Bug Report,Xalan C crashes with this style sheet,https://issues.apache.org/jira/browse/XALANC-19?jql=issuetype%20%3D%20Bug%20AND%20status%20in%20(Resolved%2C%20Closed)%20ORDER%20BY%20cf%5B12310220%5D%20ASC%2C%20cf%5B12312823%5D%20ASC,APACHE ,Configuration Bug Report
1027,Fop - Now in Jira,Not Configuration Bug Report,Bugs in TTFReader,https://bz.apache.org/bugzilla/show_bug.cgi?id=1027,APACHE ,Configuration Bug Report
42476,Fop - Now in Jira,Not Configuration Bug Report,[PATCH] Bugfix for XMLReader: Support for other ImageReaders,https://bz.apache.org/bugzilla/show_bug.cgi?id=42476,APACHE ,Configuration Bug Report
12132,Apache httpd-2,Not Configuration Bug Report,mod_rewrite Set-Cookie bug,https://bz.apache.org/bugzilla/show_bug.cgi?id=12132,APACHE ,Configuration Bug Report
XERCESC-4,Xerces-C++,Not Configuration Bug Report,Unable to create document on repeating basis,https://issues.apache.org/jira/browse/XERCESC-4?jql=issuetype%20%3D%20Bug%20AND%20status%20in%20(Resolved%2C%20Closed)%20ORDER%20BY%20cf%5B12310220%5D%20ASC%2C%20cf%5B12312823%5D%20ASC,APACHE ,Configuration Bug Report
FOP-42,FOP,Not Configuration Bug Report,org.apache.fop.apps.CommandLineOptions#checkSettings() (0.18.1-DEV) throws NullPointerException,https://issues.apache.org/jira/browse/FOP-42?jql=issuetype%20%3D%20Bug%20AND%20status%20in%20(Resolved%2C%20Closed)%20ORDER%20BY%20cf%5B12310220%5D%20ASC%2C%20cf%5B12312823%5D%20ASC,APACHE ,Configuration Bug Report
STR-109,Struts,Not Configuration Bug Report,ImageTag bug in altKey attribute,https://issues.apache.org/jira/browse/STR-109?jql=issuetype%20%3D%20Bug%20AND%20status%20in%20(Resolved%2C%20Closed)%20ORDER%20BY%20cf%5B12310220%5D%20ASC%2C%20cf%5B12312823%5D%20ASC,APACHE ,Configuration Bug Report
COCOON-41,Cocoon,Not Configuration Bug Report,org.apache.cocoon.ProcessingException: Exception in Handler:java.util.NoSuchElementException when starting Cocoon,https://issues.apache.org/jira/browse/COCOON-41?jql=issuetype%20%3D%20Bug%20AND%20status%20in%20(Resolved%2C%20Closed)%20ORDER%20BY%20cf%5B12310220%5D%20ASC%2C%20cf%5B12312823%5D%20ASC,APACHE ,Configuration Bug Report
XERCESJ-42,Xerces2-J,Not Configuration Bug Report,"Error: DTD file not found if XML file name contains character such as ""%""",https://issues.apache.org/jira/browse/XERCESJ-42?jql=issuetype%20%3D%20Bug%20AND%20status%20in%20(Resolved%2C%20Closed)%20ORDER%20BY%20cf%5B12310220%5D%20ASC%2C%20cf%5B12312823%5D%20ASC,APACHE ,Configuration Bug Report
SVN-471,Subversion,Not Configuration Bug Report,"checking out a url ending in slash (""/"") makes lossy wc",https://issues.apache.org/jira/browse/SVN-471?jql=issuetype%20%3D%20Bug%20AND%20status%20in%20(Resolved%2C%20Closed)%20ORDER%20BY%20cf%5B12310220%5D%20ASC%2C%20cf%5B12312823%5D%20ASC,APACHE ,Configuration Bug Report
DIGESTER-54,Common Digester,Not Configuration Bug Report,no match with simple xml file,https://issues.apache.org/jira/browse/DIGESTER-54?jql=issuetype%20%3D%20Bug%20AND%20status%20in%20(Resolved%2C%20Closed)%20ORDER%20BY%20cf%5B12310220%5D%20ASC%2C%20cf%5B12312823%5D%20ASC,APACHE ,Configuration Bug Report
SOAP-12,SOAP,Not Configuration Bug Report,null pointer exception in TransportMessage.read(),https://issues.apache.org/jira/browse/SOAP-12?jql=issuetype%20%3D%20Bug%20AND%20status%20in%20(Resolved%2C%20Closed)%20ORDER%20BY%20cf%5B12310220%5D%20ASC%2C%20cf%5B12312823%5D%20ASC,APACHE ,Configuration Bug Report
STR-132,Struts,Not Configuration Bug Report,Error masked by nested try-catch blocks,https://issues.apache.org/jira/browse/STR-132?jql=issuetype%20%3D%20Bug%20AND%20status%20in%20(Resolved%2C%20Closed)%20ORDER%20BY%20cf%5B12310220%5D%20ASC%2C%20cf%5B12312823%5D%20ASC,APACHE ,Configuration Bug Report
STR-178,Struts,Not Configuration Bug Report,LinkTag/RequestUtils.computeParameters - no longer supports non-String bean properties as parameters,https://issues.apache.org/jira/browse/STR-178?jql=issuetype%20%3D%20Bug%20AND%20status%20in%20(Resolved%2C%20Closed)%20ORDER%20BY%20cf%5B12310220%5D%20ASC%2C%20cf%5B12312823%5D%20ASC,APACHE ,Configuration Bug Report
VELOCITY-18,Velocity,Not Configuration Bug Report,Assigning null value to variable appears to be a no-op,https://issues.apache.org/jira/browse/VELOCITY-18?jql=issuetype%20%3D%20Bug%20AND%20status%20in%20(Resolved%2C%20Closed)%20AND%20text%20~%20%22TESTING%22%20ORDER%20BY%20cf%5B12310220%5D%20ASC%2C%20cf%5B12312823%5D%20ASC,APACHE ,Configuration Bug Report
AXIS-1403,Axis,Not Configuration Bug Report,calling MessageElement#getChildren with a Text-Only content returns an empty list,https://issues.apache.org/jira/browse/AXIS-1403?jql=issuetype%20%3D%20Bug%20AND%20status%20in%20(Resolved%2C%20Closed)%20AND%20text%20~%20%22interface%22%20ORDER%20BY%20cf%5B12310220%5D%20ASC%2C%20cf%5B12312823%5D%20ASC,APACHE ,Configuration Bug Report
XERCESJ-1100,Xerces2-J,Not Configuration Bug Report,Error when <import> refers to a schema inlined in another XML document,https://issues.apache.org/jira/browse/XERCESJ-1100?jql=issuetype%20%3D%20Bug%20AND%20status%20in%20(Resolved%2C%20Closed)%20AND%20text%20~%20%22interface%22%20ORDER%20BY%20cf%5B12310220%5D%20ASC%2C%20cf%5B12312823%5D%20ASC,APACHE ,Configuration Bug Report
CONTINUUM-368,Continuum,Not Configuration Bug Report,"Exception is thrown when building a project that uses ""extend"" in project.xml",https://issues.apache.org/jira/browse/CONTINUUM-368?jql=issuetype%20%3D%20Bug%20AND%20status%20in%20(Resolved%2C%20Closed)%20AND%20text%20~%20%22interface%22%20ORDER%20BY%20cf%5B12310220%5D%20ASC%2C%20cf%5B12312823%5D%20ASC,APACHE ,Configuration Bug Report
HARMONY-56,Harmony,Not Configuration Bug Report,java.net.InetAddress.getAllByName(null) throws UnknownHostException instead of valid InetAddress,https://issues.apache.org/jira/browse/HARMONY-56?jql=issuetype%20%3D%20Bug%20AND%20status%20in%20(Resolved%2C%20Closed)%20AND%20text%20~%20%22interface%22%20ORDER%20BY%20cf%5B12310220%5D%20ASC%2C%20cf%5B12312823%5D%20ASC,APACHE ,Configuration Bug Report
FILEUPLOAD-65,Commons FileUpload,Not Configuration Bug Report,Problems uploading image file using multipart form request,https://issues.apache.org/jira/browse/FILEUPLOAD-65?jql=issuetype%20%3D%20Bug%20AND%20status%20in%20(Resolved%2C%20Closed)%20AND%20text%20~%20%22interface%22%20ORDER%20BY%20cf%5B12310220%5D%20ASC%2C%20cf%5B12312823%5D%20ASC,APACHE ,Configuration Bug Report
STR-145,Struts,Not Configuration Bug Report,unintuitive NullPointerException for wrong configuration entry,https://issues.apache.org/jira/browse/STR-145?jql=issuetype%20%3D%20Bug%20AND%20status%20in%20(Resolved%2C%20Closed)%20AND%20text%20~%20%22error%22%20ORDER%20BY%20cf%5B12310220%5D%20ASC%2C%20cf%5B12312823%5D%20ASC,APACHE ,Configuration Bug Report
41031,Tomcat Connectors,Not Configuration Bug Report,ISAPI redirector crashes IIS with access violation,41031,APACHE ,Configuration Bug Report
19217,Fop - Now in Jira,Not Configuration Bug Report,NullPointerException - Parsing document,19217,APACHE ,Configuration Bug Report
42959,Tomcat Connectors,Not Configuration Bug Report,"tomcat-connectors-1,2,23-src: source code fails to compile",42959,APACHE ,Configuration Bug Report
13025,Apache httpd-2,Not Configuration Bug Report,CGI and POST-requests broken when DAV enabled,13025,APACHE ,Configuration Bug Report
15840,Taglibs,Not Configuration Bug Report,MessageTag causes NullPointer Exception,15840,APACHE ,Configuration Bug Report
16288,Apache httpd-2,Not Configuration Bug Report,Crash on console startup in ap_recent_ctime,16288,APACHE ,Configuration Bug Report
52402,Apache httpd-2,Not Configuration Bug Report,balancer setup crashes apache during start,52402,APACHE ,Configuration Bug Report
36297,Lenya,Not Configuration Bug Report,Delete Language Version does not work,36297,APACHE ,Configuration Bug Report
1264,JMeter,Not Configuration Bug Report,timers control doesnt match with results,1264,APACHE ,Configuration Bug Report
36171,Ant,Not Configuration Bug Report,#¿NOMBRE?,36171,APACHE ,Configuration Bug Report
971,Fop - Now in Jira,Not Configuration Bug Report,FATAL ERROR: no transformer class found,971,APACHE ,Configuration Bug Report
37708,Security - Now in JIRA,Not Configuration Bug Report,Different behaviour with NodeSet and RootNode with InclusiveNamespaces,37708,APACHE ,Configuration Bug Report
39712,Fop - Now in Jira,Not Configuration Bug Report,"NullPointerExeption on table with border-separation=""[value]""",39712,APACHE ,Configuration Bug Report
37456,Security - Now in JIRA,Not Configuration Bug Report,Signing throws an exception if custom resource resolver is registered,37456,APACHE ,Configuration Bug Report
24329,Apache httpd-2,Not Configuration Bug Report,"win32 Apache 2,0,48 build broken!!! missing ssl-std,conf",24329,APACHE ,Configuration Bug Report
1782,Xerces-J,Not Configuration Bug Report,< and > are not quoted properly in HTML and XHTML output,1782,APACHE ,Configuration Bug Report
41448,Fop - Now in Jira,Not Configuration Bug Report,"java,lang,ClassCastException: org,apache,fop,layoutmgr,inline,WrapperLayoutManager",41448,APACHE ,Configuration Bug Report
29323,Lenya,Not Configuration Bug Report,"Build fails due to publication-tests,xml build target",29323,APACHE ,Configuration Bug Report
1292,JMeter,Not Configuration Bug Report,"version 1,6 JMeterThread calls getSampler with entry == null",1292,APACHE ,Configuration Bug Report
625,Ant,Not Configuration Bug Report,"Fail to handle the external entity,,,",625,APACHE ,Configuration Bug Report
15549,JMeter,Not Configuration Bug Report,Fixes to ResponseAssertion to make it thread safe,15549,APACHE ,Configuration Bug Report
10107,Apache httpd-2,Not Configuration Bug Report,"Random (frequent) error - pages not loading in Netscape 4,x",10107,APACHE ,Configuration Bug Report
1759,Fop - Now in Jira,Not Configuration Bug Report,table-omit-footer-at-break sometimes cause crash,1759,APACHE ,Configuration Bug Report
48272,Apache httpd-2,Not Configuration Bug Report,mod_proxy_fcgi crashes Apache on invalid headers,48272,APACHE ,Configuration Bug Report
50309,Apache httpd-2,Not Configuration Bug Report,Apache is crashing during graceful restart,50309,APACHE ,Configuration Bug Report
49155,APR,Not Configuration Bug Report,mod_rewrite logging crashes apache 64 bit builds on windows,49155,APACHE ,Configuration Bug Report
33010,Apache httpd-2,Not Configuration Bug Report,"loading mod_logio,so on win2k resulting apache crash",33010,APACHE ,Configuration Bug Report
38053,Fop - Now in Jira,Not Configuration Bug Report,"FOP SVN TRUNK crashes at inline page manager and Knuth inline box,",38053,APACHE ,Configuration Bug Report
41965,Fop - Now in Jira,Not Configuration Bug Report,fop crashes on break-after,41965,APACHE ,Configuration Bug Report
40387,Fop - Now in Jira,Not Configuration Bug Report,"PFMFile,load() crashes if a font has a name longer than 16 characters and also if parsing pfm files larger than 2048 bytes",40387,APACHE ,Configuration Bug Report
816,Xerces-J,Not Configuration Bug Report,"The parser does not raise an error when the facet ""minLength"" for the datatype ""language"" has a value other than nonNegativeInteger,",816,APACHE ,Configuration Bug Report
1243,Fop - Now in Jira,Not Configuration Bug Report,"Error in org\apache\fop\apps\Options,java",1243,APACHE ,Configuration Bug Report
58,Batik - Now in Jira,Not Configuration Bug Report,Gradient stops error handling,58,APACHE ,Configuration Bug Report
34485,APR,Not Configuration Bug Report,i am getting Error preallocating sequence numbers while inserting row into oracle tablre using toplink,34485,APACHE ,Configuration Bug Report
35237,Batik - Now in Jira,Not Configuration Bug Report,"1,6 introduced errors with SVG saving",35237,APACHE ,Configuration Bug Report
55558,Apache httpd-2,Not Configuration Bug Report,mod_proxy_fcgi+mod_deflate error with header-only output stream record,55558,APACHE ,Configuration Bug Report
47508,Fop - Now in Jira,Not Configuration Bug Report,"There is an error while writing the TLE's while writing the attribute qualifier in the afp output,",47508,APACHE ,Configuration Bug Report
36729,Fop - Now in Jira,Not Configuration Bug Report,Font metrics-url and embed-url are aways absolute; fails without good error message,36729,APACHE ,Configuration Bug Report
42147,Tomcat Connectors,Not Configuration Bug Report,mod_jk: JkLogLevel set to error; however apparently logging at info,42147,APACHE ,Configuration Bug Report
40188,Lenya,Not Configuration Bug Report,compilation error; missing axis jar on classpath,40188,APACHE ,Configuration Bug Report
33801,Fop - Now in Jira,Not Configuration Bug Report,"FOP 0,20,5 AWTRenderer: Sometimes rendering fails in the middle of a table with no error message",33801,APACHE ,Configuration Bug Report
44210,Lenya,Not Configuration Bug Report,Error parsing parameters: mandatory parameter 'document-language' not found [docu:live:::expires],44210,APACHE ,Configuration Bug Report
42608,Tomcat 5,Not Configuration Bug Report,"Invalid Content-Length error for the binary file size greater than 2,1GB",42608,APACHE ,Configuration Bug Report
42931,Lenya,Not Configuration Bug Report,"Error message ""document checked out"" not i18n-ized",42931,APACHE ,Configuration Bug Report
34521,Lenya,Not Configuration Bug Report,error notification for wrong characters in uploaded filename and define space as wrong character,34521,APACHE ,Configuration Bug Report
45971,Fop - Now in Jira,Not Configuration Bug Report,[PATCH] Fop CLI Errors,45971,APACHE ,Configuration Bug Report
41500,Fop - Now in Jira,Not Configuration Bug Report,ClassCastException when fo:wrapper is used as a child of fo:block-container,41500,APACHE ,Configuration Bug Report
13567,Xindice,Not Configuration Bug Report,"Running xindice,war in Tomcat - error java,lang,NullPointerException",13567,APACHE ,Configuration Bug Report
36334,Lenya,Not Configuration Bug Report,"[PATCH] JCR ConfigurationException on start-up,",36334,APACHE ,Configuration Bug Report
964,Fop - Now in Jira,Not Configuration Bug Report,"FOP 0,17 throws exception with basic-link in xsl-region-before/after",964,APACHE ,Configuration Bug Report
1339,ORO,Not Configuration Bug Report,"StringIndexOutOfBoundsException During Simple Perl5Util,split",1339,APACHE ,Configuration Bug Report
47953,Fop - Now in Jira,Not Configuration Bug Report,NullPointerException in AFPRendererConfigurator,47953,APACHE ,Configuration Bug Report
47781,Fop - Now in Jira,Not Configuration Bug Report,"GRAVE: Exception: java,lang,NullPointerException when unsing fop",47781,APACHE ,Configuration Bug Report
39553,Fop - Now in Jira,Not Configuration Bug Report,NullpointerException in RTFHandler,39553,APACHE ,Configuration Bug Report
39607,Fop - Now in Jira,Not Configuration Bug Report,[PATCH] NullPointerException in RtfTableRow : tableBorderAttributes,39607,APACHE ,Configuration Bug Report
55345,Tomcat 8,Not Configuration Bug Report,"Webresources class AbstractResourceSet throws exception upon callong ServletContext,getRealPath("""")",55345,APACHE ,Configuration Bug Report
53468,Fop - Now in Jira,Not Configuration Bug Report,[PATCH] FOP with fop-pdf-images throws ImageException,53468,APACHE ,Configuration Bug Report
43591,Fop - Now in Jira,Not Configuration Bug Report,NullPointerException when min-height is specified for table-row,43591,APACHE ,Configuration Bug Report
38605,Security - Now in JIRA,Not Configuration Bug Report,X509CertificateResolver throws NullPointerException,38605,APACHE ,Configuration Bug Report
48555,Fop - Now in Jira,Not Configuration Bug Report,IndexOutOfBoundsException in TableCellLayoutManager,48555,APACHE ,Configuration Bug Report
42024,Fop - Now in Jira,Not Configuration Bug Report,ClassCastException: InlineLayoutManager cannot be cast to BlockLevelLayoutManager,42024,APACHE ,Configuration Bug Report
49452,Fop - Now in Jira,Not Configuration Bug Report,"NullPointerException in LineHeightPropertyMaker,java:57",49452,APACHE ,Configuration Bug Report
41296,Lenya,Not Configuration Bug Report,"""Checkin"" menu item leads to exception",41296,APACHE ,Configuration Bug Report
37270,Fop - Now in Jira,Not Configuration Bug Report,IndexOutOfBoundsException due to absent table-cells,37270,APACHE ,Configuration Bug Report
33393,Security - Now in JIRA,Not Configuration Bug Report,"Base64 Transform throws ""Stream is closed"" IOExceptions",33393,APACHE ,Configuration Bug Report
39608,Fop - Now in Jira,Not Configuration Bug Report,"NullPointerException when redering ,fo file in TableLayoutManager,initialize",39608,APACHE ,Configuration Bug Report
54094,Fop - Now in Jira,Not Configuration Bug Report,"break-before=""page"" causes IllegalArgumentException",54094,APACHE ,Configuration Bug Report
50988,Fop - Now in Jira,Not Configuration Bug Report,[Patch] White-space fo character element throws NullPointerException,50988,APACHE ,Configuration Bug Report
37412,Fop - Now in Jira,Not Configuration Bug Report,"nullpointer exception in ListItemContentLayoutManager,addAreas",37412,APACHE ,Configuration Bug Report
36044,Security - Now in JIRA,Not Configuration Bug Report,Canonicalizing an empty node-set throws an ArrayIndexOutOfBoundsException,36044,APACHE ,Configuration Bug Report
37415,Fop - Now in Jira,Not Configuration Bug Report,"java,lang,ClassCastException: org,apache,fop,layoutmgr,PaddingElement",37415,APACHE ,Configuration Bug Report
49837,Fop - Now in Jira,Not Configuration Bug Report,Regression: soft hyphen character gives IllegalArgumentException,49837,APACHE ,Configuration Bug Report
39560,Fop - Now in Jira,Not Configuration Bug Report,Null Pointer Exception (when a table cloned due to a retrieve-marker operation),39560,APACHE ,Configuration Bug Report
40556,Fop - Now in Jira,Not Configuration Bug Report,"[PATCH] IndexOutOfBoundsException at ListItemLayoutManager,java:495",40556,APACHE ,Configuration Bug Report
37725,Fop - Now in Jira,Not Configuration Bug Report,"NullPointerException in -rtf only (not pdf; txt; png,,)",37725,APACHE ,Configuration Bug Report
51032,Fop - Now in Jira,Not Configuration Bug Report,"NullpointerException on invalid attribute values for text-decoration,",51032,APACHE ,Configuration Bug Report
3497,Fop - Now in Jira,Not Configuration Bug Report,"id already exists error when using span=""all"" attribute",3497,APACHE ,Configuration Bug Report
48021,Apache httpd-2,Not Configuration Bug Report,File upload broken,48021,APACHE ,Configuration Bug Report
22684,Apache httpd-2,Not Configuration Bug Report,AddCharset default conf is wrong from latin5 to latin9,22684,APACHE ,Configuration Bug Report
32832,Tomcat 5,Not Configuration Bug Report,"request,getSession(false) fails to return null,",32832,APACHE ,Configuration Bug Report
33503,Slide,Not Configuration Bug Report,PropPatchMethod() fails with duplicate names in different namespaces,33503,APACHE ,Configuration Bug Report
35367,Lenya,Not Configuration Bug Report,Build fails: XConfToolTask not found,35367,APACHE ,Configuration Bug Report
55587,APR,Not Configuration Bug Report,CYGWIN fails to load modules,55587,APACHE ,Configuration Bug Report
39809,Fop - Now in Jira,Not Configuration Bug Report,ant task fails in fop-trunk,39809,APACHE ,Configuration Bug Report
52898,Rivet,Not Configuration Bug Report,"parse,tcl: auto_path failes for pathes with spaces",52898,APACHE ,Configuration Bug Report
41381,Tomcat Connectors,Not Configuration Bug Report,mod_jk segfaults; if fail_on_status is used,41381,APACHE ,Configuration Bug Report
1274,Batik - Now in Jira,Not Configuration Bug Report,java compilation bugs,1274,APACHE ,Configuration Bug Report
27370,Apache httpd-2,Not Configuration Bug Report,Fix segmentation fault on stale cache when mod_disk_cache is used,27370,APACHE ,Configuration Bug Report
652,Fop - Now in Jira,Not Configuration Bug Report,"Problem compiling with new TTFs because ttffont-file,xsl not found",652,APACHE ,Configuration Bug Report
41681,Lenya,Not Configuration Bug Report,caching is broken in trunk,41681,APACHE ,Configuration Bug Report
50510,Fop - Now in Jira,Not Configuration Bug Report,No content in the generated rtf file using FOP after revision 1036000,50510,APACHE ,Configuration Bug Report
42853,Tomcat Connectors,Not Configuration Bug Report,mod_jk fails to pass correct path after mod_rewrite,42853,APACHE ,Configuration Bug Report
36720,Fop - Now in Jira,Not Configuration Bug Report,erroneous cell overlap code,36720,APACHE ,Configuration Bug Report
36639,Security - Now in JIRA,Not Configuration Bug Report,"KeyValue,getPublicKey does not work",36639,APACHE ,Configuration Bug Report
42197,Lenya,Not Configuration Bug Report,Search page loses results when switching the language,42197,APACHE ,Configuration Bug Report
45328,JMeter,Not Configuration Bug Report,SOAP-call does not support Unicode data,45328,APACHE ,Configuration Bug Report
37097,Log4j - Now in Jira,Not Configuration Bug Report,NDC column does not sort properly on double-click if some of the NDC values are null,37097,APACHE ,Configuration Bug Report
34621,Apache httpd-2,Not Configuration Bug Report,Undeclared identifier BINDPROCESS,34621,APACHE ,Configuration Bug Report
1383,Fop - Now in Jira,Not Configuration Bug Report,"Cannot compile on Japanese locale (ja_JP,EUC)",1383,APACHE ,Configuration Bug Report
49586,Fop - Now in Jira,Not Configuration Bug Report,Copy Paste of Japanese charactres are not working in PDF document,49586,APACHE ,Configuration Bug Report
45667,Fop - Now in Jira,Not Configuration Bug Report,NPE when having an empty <fo:inline>-element with hyphenation turned on,45667,APACHE ,Configuration Bug Report
55822,APR,Not Configuration Bug Report,Can't compile with bundled apr/apr-util,55822,APACHE ,Configuration Bug Report
40290,Security - Now in JIRA,Not Configuration Bug Report,"NPE SignedInfo,getCanonicalizationMethodURI 1,4,Beta2",40290,APACHE ,Configuration Bug Report
33749,Rivet,Not Configuration Bug Report,Broken build,33749,APACHE ,Configuration Bug Report
37545,Fop - Now in Jira,Not Configuration Bug Report,keep-with-next broken,37545,APACHE ,Configuration Bug Report
41946,POI,Not Configuration Bug Report,Corruption issues writing PPT,41946,APACHE ,Configuration Bug Report
53009,POI,Not Configuration Bug Report,Problem creating header and footer,53009,APACHE ,Configuration Bug Report
36358,Lenya,Not Configuration Bug Report,Workflow: Role condition applies to request roles; not to actual roles,36358,APACHE ,Configuration Bug Report
39200,Security - Now in JIRA,Not Configuration Bug Report,"XMLCipher-loadEncryptedKey() doesn't set the correct CarriedKeyName element,",39200,APACHE ,Configuration Bug Report
41340,Lenya,Not Configuration Bug Report,Can't create internal links with Kupu,41340,APACHE ,Configuration Bug Report
35059,JMeter,Not Configuration Bug Report,RuntimeController not working correctly,35059,APACHE ,Configuration Bug Report
42877,Lenya,Not Configuration Bug Report,"""restore"" out of the trash and out of the archive does not work",42877,APACHE ,Configuration Bug Report
955,Fop - Now in Jira,Not Configuration Bug Report,Bug with last font character at PFMReader and TTFReader,955,APACHE ,Configuration Bug Report
40583,Fop - Now in Jira,Not Configuration Bug Report,Under Cygwin; fop bash script CLASSPATH problem,40583,APACHE ,Configuration Bug Report
47481,Fop - Now in Jira,Not Configuration Bug Report,"RTF files don't work in TextEdit,app or Pages,app on the Mac",47481,APACHE ,Configuration Bug Report
40519,Fop - Now in Jira,Not Configuration Bug Report,"While generating output as image/tiff it is only possible to use PackBits compression,",40519,APACHE ,Configuration Bug Report
47835,Fop - Now in Jira,Not Configuration Bug Report,Percentages not working for provisional-distance-between-starts,47835,APACHE ,Configuration Bug Report
39701,Fop - Now in Jira,Not Configuration Bug Report,NPE in PropertyList,39701,APACHE ,Configuration Bug Report
41424,Lenya,Not Configuration Bug Report,"""import content"" heuristics fail when index page language is not english,",41424,APACHE ,Configuration Bug Report
720,Xerces-J,Not Configuration Bug Report,Schema constraint voilation not reported by the parser,720,APACHE ,Configuration Bug Report
497,ORO,Not Configuration Bug Report,ORO dies while trying to match a String with wierd characters BugRat Report#831,497,APACHE ,Configuration Bug Report
41474,Security - Now in JIRA,Not Configuration Bug Report,two text nodes with the value '\n' in succession within <ds:SignedInfo> and <ds:X509IssuerSerial>,41474,APACHE ,Configuration Bug Report
38710,Fop - Now in Jira,Not Configuration Bug Report,NPE with fo:title,38710,APACHE ,Configuration Bug Report
380753,Acceleo,Not Configuration Bug Report,Java launch debug session aborts after 10 seconds,https://bugs.eclipse.org/bugs/show_bug.cgi?id=380753,ECLIPSE,Configuration Bug Report
132632,BIRT,Not Configuration Bug Report,org.eclipse.birt.report.debug.ui compiles error in daily build 20060321,https://bugs.eclipse.org/bugs/show_bug.cgi?id=132632,ECLIPSE,Configuration Bug Report
103378,BIRT,Not Configuration Bug Report,Structure Changed event is fired in the wrong drawing sequence.,103378,ECLIPSE,Configuration Bug Report
35092,CDT,Not Configuration Bug Report,Debugger don't show Variables,https://bugs.eclipse.org/bugs/show_bug.cgi?id=35092,ECLIPSE,Configuration Bug Report
98814,CDT,Not Configuration Bug Report,NullPointerException and failed to launch debug session for a project,https://bugs.eclipse.org/bugs/show_bug.cgi?id=98814,ECLIPSE,Configuration Bug Report
10015,CDT,Not Configuration Bug Report,Parsing of function declarations in stdio.h is broken.,10015,ECLIPSE,Configuration Bug Report
43680,CDT,Not Configuration Bug Report,Fix Parser Error Handling,43680,ECLIPSE,Configuration Bug Report
70267,CDT,Not Configuration Bug Report,TVT3.0: In japanese locale; automated discovery of include paths doesn't seem to work,70267,ECLIPSE,Configuration Bug Report
530712,Community,Not Configuration Bug Report,jdt.debug.gerrit jobs failing,https://bugs.eclipse.org/bugs/show_bug.cgi?id=530712,ECLIPSE,Configuration Bug Report
109230,Community,Not Configuration Bug Report,Generate some of Roadmap from project information files.,109230,ECLIPSE,Configuration Bug Report
531283,Ease,Not Configuration Bug Report,[Rhino Debug] Debugger fails when trying to evaluate function arguments,https://bugs.eclipse.org/bugs/show_bug.cgi?id=531283,ECLIPSE,Configuration Bug Report
426827,Edapt,Not Configuration Bug Report,EDAPT: Bug in ChangeAttributeType,https://bugs.eclipse.org/bugs/show_bug.cgi?id=426827,ECLIPSE,Configuration Bug Report
344918,EMFT.facet,Not Configuration Bug Report,Bug between facets and customizations : BasicIndexOutOfBoundsException,https://bugs.eclipse.org/bugs/show_bug.cgi?id=344918,ECLIPSE,Configuration Bug Report
158203,EPF,Not Configuration Bug Report,Persistency bug: processes store from href for selected Steps,https://bugs.eclipse.org/bugs/show_bug.cgi?id=158203,ECLIPSE,Configuration Bug Report
5281,JDT,Not Configuration Bug Report,Step into resumes instead,5281,ECLIPSE,Configuration Bug Report
19135,JDT,Not Configuration Bug Report,IllegalThreadStateException reconciling editor,19135,ECLIPSE,Configuration Bug Report
19234,JDT,Not Configuration Bug Report,NPE in NewMethodCompletionProposal.apply,19234,ECLIPSE,Configuration Bug Report
36465,JDT,Not Configuration Bug Report,Unable to create multiple source folders when not using bin for output,36465,ECLIPSE,Configuration Bug Report
47049,JDT,Not Configuration Bug Report,[Builder] Build output folder not getting flushed because files are not marked as derived,47049,ECLIPSE,Configuration Bug Report
439595,Jubula,Not Configuration Bug Report,Replace bug key input delay environment property,https://bugs.eclipse.org/bugs/show_bug.cgi?id=439595,ECLIPSE,Configuration Bug Report
413637,Lyo,Not Configuration Bug Report,Bugzilla launch contains reference to /Users/mffiedler/.m2 in source lookup path,https://bugs.eclipse.org/bugs/show_bug.cgi?id=413637,ECLIPSE,Configuration Bug Report
275079,M2T,Not Configuration Bug Report,Fix bugs in Xtend / Xpand middleend related to changes in MWE,https://bugs.eclipse.org/bugs/show_bug.cgi?id=275079,ECLIPSE,Configuration Bug Report
232028,OCL,Not Configuration Bug Report,Bug in OperationCallExpOperations.checkArgumentsConform restriction,https://bugs.eclipse.org/bugs/show_bug.cgi?id=232028,ECLIPSE,Configuration Bug Report
139476,PDT,Not Configuration Bug Report,J2EEModuleVirtualComponent.getManifestReferences() performance,https://bugs.eclipse.org/bugs/show_bug.cgi?id=139476,ECLIPSE,Configuration Bug Report
147740,PDT,Not Configuration Bug Report,"There is the error displayed in the concole when running a file without ""Debug Info"" option.",https://bugs.eclipse.org/bugs/show_bug.cgi?id=147740,ECLIPSE,Configuration Bug Report
149450,PDT,Not Configuration Bug Report,There is exception thrown if choosing directory for debug.,https://bugs.eclipse.org/bugs/show_bug.cgi?id=149450,ECLIPSE,Configuration Bug Report
494869,PDT,Not Configuration Bug Report,NullPointerException in PHPDebugPlugin.getDebuggerId,https://bugs.eclipse.org/bugs/show_bug.cgi?id=494869,ECLIPSE,Configuration Bug Report
58845,Platform,Not Configuration Bug Report,[Viewers] Error while debugging but no log,https://bugs.eclipse.org/bugs/show_bug.cgi?id=58845,ECLIPSE,Configuration Bug Report
14291,Platform,Not Configuration Bug Report,NullPointerException in OpenWithMenu.fill(),14291,ECLIPSE,Configuration Bug Report
16208,Platform,Not Configuration Bug Report,decorator creation not protected from failed plugin activation,16208,ECLIPSE,Configuration Bug Report
16854,Platform,Not Configuration Bug Report,NPE in OleEditor,16854,ECLIPSE,Configuration Bug Report
17981,Platform,Not Configuration Bug Report,Cycle Actions do not work in German,17981,ECLIPSE,Configuration Bug Report
20474,Platform,Not Configuration Bug Report,[Dialogs] SelectionDialog should not return an initial selection of null,20474,ECLIPSE,Configuration Bug Report
21981,Platform,Not Configuration Bug Report,NPE in TitleAreaDialog - Can't create a Java class.,21981,ECLIPSE,Configuration Bug Report
26125,Platform,Not Configuration Bug Report,Workbench startup is throwing dialog rather than logging to .log,26125,ECLIPSE,Configuration Bug Report
28630,Platform,Not Configuration Bug Report,[Preferences] NPE in font preference page on Apply,28630,ECLIPSE,Configuration Bug Report
28638,Platform,Not Configuration Bug Report,[Preferences] Import Preferences: Crashes on eclipse,28638,ECLIPSE,Configuration Bug Report
28727,Platform,Not Configuration Bug Report,[Dialogs] AssertionFailedException with M4 build while rebuilding my project,28727,ECLIPSE,Configuration Bug Report
29426,Platform,Not Configuration Bug Report,DBCS:Copy/Paste DBCS failed between eclipse and gedit,29426,ECLIPSE,Configuration Bug Report
34248,Platform,Not Configuration Bug Report,DBCS: shown up GnomeVFS-WARNING messages,34248,ECLIPSE,Configuration Bug Report
41136,Platform,Not Configuration Bug Report,[Jobs] concurrent modification in progress view,41136,ECLIPSE,Configuration Bug Report
63721,Platform,Not Configuration Bug Report,[Progress] NPE when deleting project,63721,ECLIPSE,Configuration Bug Report
67729,Platform,Not Configuration Bug Report,NPE on startup (all the time!),67729,ECLIPSE,Configuration Bug Report
67731,Platform,Not Configuration Bug Report,NPE on startup (part 2),67731,ECLIPSE,Configuration Bug Report
82248,Platform,Not Configuration Bug Report,[Encoding] NullPointerException when changing file encoding,82248,ECLIPSE,Configuration Bug Report
58542,Platform,Not Configuration Bug Report,Dangerous change to setSystem in MarkersViews,58542,ECLIPSE,Configuration Bug Report
270739,Smila,Not Configuration Bug Report,[BUG: BinaryStorage Access] since rev300 BinaryStorage can not Access some files (see bug 269967),https://bugs.eclipse.org/bugs/show_bug.cgi?id=270739,ECLIPSE,Configuration Bug Report
474194,TMF,Not Configuration Bug Report,NullPointerException in DebugSourceInstallingCompilationParticipant.buildFinished (149),https://bugs.eclipse.org/bugs/show_bug.cgi?id=474194,ECLIPSE,Configuration Bug Report
144342,WTP Common Tools,Not Configuration Bug Report,[emfworkbench] SetCommand created by ModelModifier causes NPE when unset feature,https://bugs.eclipse.org/bugs/show_bug.cgi?id=144342,ECLIPSE,Configuration Bug Report
146063,WTP Common Tools,Not Configuration Bug Report,[validation] Fix constructors for EnabledValidatorsOperation to remove asynch flag,https://bugs.eclipse.org/bugs/show_bug.cgi?id=146063,ECLIPSE,Configuration Bug Report
115821,WTP Common Tools,Not Configuration Bug Report,[emfworkbench] NPE in ResourceSetImpl.getResource() during AutoBuild,115821,ECLIPSE,Configuration Bug Report
92884,WTP Common Tools,Not Configuration Bug Report,Flexible Project: findResourcesBySourcePath with workspace relative path returns null,92884,ECLIPSE,Configuration Bug Report
103048,WTP Common Tools,Not Configuration Bug Report,validator extension schema files are not in the builds,103048,ECLIPSE,Configuration Bug Report
126325,WTP EJB Tools,Not Configuration Bug Report,[hotbug] Exceptions when XDoclet version is changed,https://bugs.eclipse.org/bugs/show_bug.cgi?id=126325,ECLIPSE,Configuration Bug Report
295437,WTP Incubator,Not Configuration Bug Report,XQDT SF BUG#2883207: two dashes in an element,https://bugs.eclipse.org/bugs/show_bug.cgi?id=295437,ECLIPSE,Configuration Bug Report
102958,WTP Java EE Tools,Not Configuration Bug Report,Module factory is failing to show the connector module,102958,ECLIPSE,Configuration Bug Report
104449,WTP Java EE Tools,Not Configuration Bug Report,WebResource.getPath() is incorrect for a JSP unless the web folder is set to WebContent,104449,ECLIPSE,Configuration Bug Report
128491,WTP Java EE Tools,Not Configuration Bug Report,[emfworkbench] ResourceSetWorkBenchEditSynchronizer releasing projecgt resource when it shouldn't,https://bugs.eclipse.org/bugs/show_bug.cgi?id=128491,ECLIPSE,Configuration Bug Report
154227,WTP Java EE Tools,Not Configuration Bug Report,[j2ee] Bad import generated for package class from referenced generator model,https://bugs.eclipse.org/bugs/show_bug.cgi?id=154227,ECLIPSE,Configuration Bug Report
64161,WTP Java EE Tools,Not Configuration Bug Report,Extending an abstract class fails,64161,ECLIPSE,Configuration Bug Report
68175,WTP Java EE Tools,Not Configuration Bug Report,JavaReflectionAdaptor tries to load classes on a flush,68175,ECLIPSE,Configuration Bug Report
106772,WTP Java EE Tools,Not Configuration Bug Report,Missing servlet class when import EAR,106772,ECLIPSE,Configuration Bug Report
110265,WTP Java EE Tools,Not Configuration Bug Report,IVirtualFile.exist() returns incorrect value,110265,ECLIPSE,Configuration Bug Report
92878,WTP Java EE Tools,Not Configuration Bug Report,Flexible Project: J2EE Web Module and builder creates incorrect structure and extra folders,92878,ECLIPSE,Configuration Bug Report
93290,WTP Java EE Tools,Not Configuration Bug Report,Fix both SynchHelpers for Linux combo events,93290,ECLIPSE,Configuration Bug Report
102897,WTP Java EE Tools,Not Configuration Bug Report,Fix EJBArtifactEdit.getEJBModuleRelative() to handle paths already relative,102897,ECLIPSE,Configuration Bug Report
104153,WTP Java EE Tools,Not Configuration Bug Report,EAR import does not hook up EJB module and EJB client module,104153,ECLIPSE,Configuration Bug Report
123595,WTP Source Editing,Not Configuration Bug Report,Opening xml from jar causes exception.,https://bugs.eclipse.org/bugs/show_bug.cgi?id=123595,ECLIPSE,Configuration Bug Report
87614,WTP Source Editing,Not Configuration Bug Report,Race condition getting model causes UI adapters not to be registered in StructuredTextEditor,87614,ECLIPSE,Configuration Bug Report
106324,WTP Source Editing,Not Configuration Bug Report,ModelManager#getNewModelForRead/Edit always throws ResourceAlreadyExists exception,106324,ECLIPSE,Configuration Bug Report
106596,WTP Source Editing,Not Configuration Bug Report,IStructuredModel#releaseFromEdit() throws AssertionFailed Exception,106596,ECLIPSE,Configuration Bug Report
108325,WTP Source Editing,Not Configuration Bug Report,"Typing enters text ""in place"" if exception occurs",108325,ECLIPSE,Configuration Bug Report
110097,WTP Source Editing,Not Configuration Bug Report,Can't find .tld files by filename,110097,ECLIPSE,Configuration Bug Report
113537,WTP Source Editing,Not Configuration Bug Report,Error in .log when creating new Web project,113537,ECLIPSE,Configuration Bug Report
115244,WTP Source Editing,Not Configuration Bug Report,"Validate XML File; is always returning ""no constraints detected"" - patch supplied",115244,ECLIPSE,Configuration Bug Report
92332,WTP Source Editing,Not Configuration Bug Report,Accidently included unintended 3PC code related to JS parser,92332,ECLIPSE,Configuration Bug Report
105059,WTP Source Editing,Not Configuration Bug Report,File protocol gets truncated in CMDocumentFactoryXSD.createCMDocument(),105059,ECLIPSE,Configuration Bug Report
102244,WTP Webservices,Not Configuration Bug Report,Unable to Create Web Service in J2EE 1.4 Web Project,102244,ECLIPSE,Configuration Bug Report
103401,WTP Webservices,Not Configuration Bug Report,NullPointerException when associating service project with EAR project.,103401,ECLIPSE,Configuration Bug Report
151614,WTP Webservices,Not Configuration Bug Report,OverwriteFilesEnabled=true does not have any effect in ant tasks,https://bugs.eclipse.org/bugs/show_bug.cgi?id=151614,ECLIPSE,Configuration Bug Report
221164,WTP Webservices,Not Configuration Bug Report,Nullpointer Exception from WSDLNewFileOptionsPage,https://bugs.eclipse.org/bugs/show_bug.cgi?id=221164,ECLIPSE,Configuration Bug Report
103065,WTP Webservices,Not Configuration Bug Report,WSExplorer does not show any input field in the form view,103065,ECLIPSE,Configuration Bug Report
101337,WTP Webservices,Not Configuration Bug Report,WSDL in Java Project causes NPE in Web service Client wizard,101337,ECLIPSE,Configuration Bug Report
387787,Xtend,Not Configuration Bug Report,Xtend debugging intermittently stops working,https://bugs.eclipse.org/bugs/show_bug.cgi?id=387787,ECLIPSE,Configuration Bug Report
395482,Xtend,Not Configuration Bug Report,[debugger] line mapping different for Xtend-as-primary-source vs. SMAP,https://bugs.eclipse.org/bugs/show_bug.cgi?id=395482,ECLIPSE,Configuration Bug Report
411185,Xtend,Not Configuration Bug Report,Bug in generated code when method throws an exception in constructor,https://bugs.eclipse.org/bugs/show_bug.cgi?id=411185,ECLIPSE,Configuration Bug Report
104432,z_Archived,Not Configuration Bug Report,AC doesn't filter requests by interface,104432,ECLIPSE,Configuration Bug Report
104433,z_Archived,Not Configuration Bug Report,AC doesn't send error responses,104433,ECLIPSE,Configuration Bug Report
105214,z_Archived,Not Configuration Bug Report,TVT 3.1 - TCT 421 - Non-external string,105214,ECLIPSE,Configuration Bug Report
230901,z_Archived,Not Configuration Bug Report,Bug in JSDLJobDescription#getJSDLString,https://bugs.eclipse.org/bugs/show_bug.cgi?id=230901,ECLIPSE,Configuration Bug Report
232394,z_Archived,Not Configuration Bug Report,AgentController crashes when set to DEBUG log level,https://bugs.eclipse.org/bugs/show_bug.cgi?id=232394,ECLIPSE,Configuration Bug Report
52872,z_Archived,Not Configuration Bug Report,z/OS RAC ASCII/EBCDIC translation problem,52872,ECLIPSE,Configuration Bug Report
57485,z_Archived,Not Configuration Bug Report,IllegalArguementException in GoToSource action,57485,ECLIPSE,Configuration Bug Report
60311,z_Archived,Not Configuration Bug Report,Profiling Launch: IProfilingType.launch doesn't always get called,60311,ECLIPSE,Configuration Bug Report
61131,z_Archived,Not Configuration Bug Report,Deployment corrupts local jar files,61131,ECLIPSE,Configuration Bug Report
63059,z_Archived,Not Configuration Bug Report,Child lost on snippet update,63059,ECLIPSE,Configuration Bug Report
63914,z_Archived,Not Configuration Bug Report,Hyades M9 build breaks on 20040521 IES build,63914,ECLIPSE,Configuration Bug Report
64121,z_Archived,Not Configuration Bug Report,Renaming project with VE open crashes Eclipse,64121,ECLIPSE,Configuration Bug Report
64904,z_Archived,Not Configuration Bug Report,Perfmon agent remote registry connect fails,64904,ECLIPSE,Configuration Bug Report
65155,z_Archived,Not Configuration Bug Report,Build break; PDE internal change,65155,ECLIPSE,Configuration Bug Report
65166,z_Archived,Not Configuration Bug Report,LINUX OS/390 ‚Äì RAC dies if terminate the java app through workbench,65166,ECLIPSE,Configuration Bug Report
67495,z_Archived,Not Configuration Bug Report,Non-English EMF CBE resources are corrupted.,67495,ECLIPSE,Configuration Bug Report
67932,z_Archived,Not Configuration Bug Report,JJet compilation of templates cause extra CR.\LF.,67932,ECLIPSE,Configuration Bug Report
69494,z_Archived,Not Configuration Bug Report,new visual bean wizard generates wrong code for OTHER,69494,ECLIPSE,Configuration Bug Report
70092,z_Archived,Not Configuration Bug Report,Exception error occurs when selecting SWT style on new Visual Class dialog,70092,ECLIPSE,Configuration Bug Report
72897,z_Archived,Not Configuration Bug Report,Snippet update of all components caused remote vm to crash; error message,72897,ECLIPSE,Configuration Bug Report
73930,z_Archived,Not Configuration Bug Report,Deadlock between image refresh and instantiate,73930,ECLIPSE,Configuration Bug Report
73952,z_Archived,Not Configuration Bug Report,getClassPath in TemplateUtil always failing on Linux and OS-X,73952,ECLIPSE,Configuration Bug Report
75110,z_Archived,Not Configuration Bug Report,parameters/return value should be constructed only when there is data available,75110,ECLIPSE,Configuration Bug Report
75725,z_Archived,Not Configuration Bug Report,Application template puts settings in wrong order,75725,ECLIPSE,Configuration Bug Report
80588,z_Archived,Not Configuration Bug Report,Importing log files from AIX fails altogether; causing the RAC to shut-down.,80588,ECLIPSE,Configuration Bug Report
80709,z_Archived,Not Configuration Bug Report,HTTP Recorder doesn't stop; no test can be generated,80709,ECLIPSE,Configuration Bug Report
80869,z_Archived,Not Configuration Bug Report,Dynamic discovery not working properly,80869,ECLIPSE,Configuration Bug Report
81446,z_Archived,Not Configuration Bug Report,Dynamic discovery not working properly,81446,ECLIPSE,Configuration Bug Report
82692,z_Archived,Not Configuration Bug Report,Expose public access to existing method in internal package to enable access to Editor extensions,82692,ECLIPSE,Configuration Bug Report
84349,z_Archived,Not Configuration Bug Report,Opening a class with a SWT Shell throws StringIndexOutOfBoundsException,84349,ECLIPSE,Configuration Bug Report
84701,z_Archived,Not Configuration Bug Report,(Mon) When trying to import an HTTP access log file and error occurs,84701,ECLIPSE,Configuration Bug Report
85012,z_Archived,Not Configuration Bug Report,Properties view does not work in Eclipse 3.1,85012,ECLIPSE,Configuration Bug Report
85470,z_Archived,Not Configuration Bug Report,TableColumn data property issues,85470,ECLIPSE,Configuration Bug Report
86931,z_Archived,Not Configuration Bug Report,Error in JavaBeans Window,86931,ECLIPSE,Configuration Bug Report
87116,z_Archived,Not Configuration Bug Report,[perf] Load from model cache fails in second startup,87116,ECLIPSE,Configuration Bug Report
87158,z_Archived,Not Configuration Bug Report,Default JLabel text Incorrect,87158,ECLIPSE,Configuration Bug Report
87162,z_Archived,Not Configuration Bug Report,3.1 SWT GridLayout does not work correctly,87162,ECLIPSE,Configuration Bug Report
87597,z_Archived,Not Configuration Bug Report,Project clean doesn't work correctly,87597,ECLIPSE,Configuration Bug Report
105723,z_Archived,Not Configuration Bug Report,TVT 3.1 - TCT 526 - Translated strings not being pulled from NL fragment for japanese for preferences and help plugins,105723,ECLIPSE,Configuration Bug Report
106080,z_Archived,Not Configuration Bug Report,TVT 3.1: TCT573 TPTP - incorrect Decimal separator,106080,ECLIPSE,Configuration Bug Report
106915,z_Archived,Not Configuration Bug Report,"TVT 3.1: TCT 585 - ""Execution Verdict Decorator"" not translated",106915,ECLIPSE,Configuration Bug Report
107046,z_Archived,Not Configuration Bug Report,Untranslated in filters customization,107046,ECLIPSE,Configuration Bug Report
107729,z_Archived,Not Configuration Bug Report,When starting a RAC in a command prompt window I get an error when starting it,107729,ECLIPSE,Configuration Bug Report
108525,z_Archived,Not Configuration Bug Report,Remove references to Eclipse classes from standalone plugin,108525,ECLIPSE,Configuration Bug Report
109773,z_Archived,Not Configuration Bug Report,Remote import log files got an error message,109773,ECLIPSE,Configuration Bug Report
111237,z_Archived,Not Configuration Bug Report,Exception: org.eclipse.hyades.logging.events.cbe.ValidationException : IWAT0207,111237,ECLIPSE,Configuration Bug Report
111994,z_Archived,Not Configuration Bug Report,New AC: Failure to launch application results in dup of ProcessController,111994,ECLIPSE,Configuration Bug Report
112362,z_Archived,Not Configuration Bug Report,Clients aren't notified if their agents deregister ; to add client listener notification,112362,ECLIPSE,Configuration Bug Report
112377,z_Archived,Not Configuration Bug Report,Validation failure with noValue EDE's,112377,ECLIPSE,Configuration Bug Report
112695,z_Archived,Not Configuration Bug Report,Run HyadesLoggingLog4JSample sample got compile error,112695,ECLIPSE,Configuration Bug Report
112781,z_Archived,Not Configuration Bug Report,[Functionality; Reliability] Exception thrown by Agent Controller on remote host when launching remote test suite.,112781,ECLIPSE,Configuration Bug Report
113281,z_Archived,Not Configuration Bug Report,[Regression] NullPointerException when importing log file with filters from remote Linux IA32,113281,ECLIPSE,Configuration Bug Report
113379,z_Archived,Not Configuration Bug Report,Parsing of shipped sample Apache error log with default UTF-8 file encoding fails,113379,ECLIPSE,Configuration Bug Report
113419,z_Archived,Not Configuration Bug Report,Agent Manager ID is in agent ID range,113419,ECLIPSE,Configuration Bug Report
113691,z_Archived,Not Configuration Bug Report,Named pipe gets in blocking state,113691,ECLIPSE,Configuration Bug Report
113976,z_Archived,Not Configuration Bug Report,[Regression] Put file command in file system services fails on Linux,113976,ECLIPSE,Configuration Bug Report
114018,z_Archived,Not Configuration Bug Report,[Regression] Automation services framework failures on Windows,114018,ECLIPSE,Configuration Bug Report
114936,z_Archived,Not Configuration Bug Report,Rule for OtherSitutation gives error on GLA run,114936,ECLIPSE,Configuration Bug Report
115009,z_Archived,Not Configuration Bug Report,[Platform Specific; Regression] Automation client adapter shell script incorrect,115009,ECLIPSE,Configuration Bug Report
115177,z_Archived,Not Configuration Bug Report,Exceptions thrown when opening Database Explorer View related to loading images,115177,ECLIPSE,Configuration Bug Report
57058,z_Archived,Not Configuration Bug Report,Configuration not picking up Profiling settings in certain cases,57058,ECLIPSE,Configuration Bug Report
58268,z_Archived,Not Configuration Bug Report,globalInstanceId and localInstanceId are null for all import log records,58268,ECLIPSE,Configuration Bug Report
59290,z_Archived,Not Configuration Bug Report,Perfmom Data Collection Agent launch configuration create 2 agents,59290,ECLIPSE,Configuration Bug Report
59802,z_Archived,Not Configuration Bug Report,Extensibility does not work at the second level in the 'requires' chain,59802,ECLIPSE,Configuration Bug Report
59806,z_Archived,Not Configuration Bug Report,"""Unknown"" method names appearing in the Method Statistics view",59806,ECLIPSE,Configuration Bug Report
69675,z_Archived,Not Configuration Bug Report,SimpleAttributeDecoder; need parse tree for non-new type args too,69675,ECLIPSE,Configuration Bug Report
94121,z_Archived,Not Configuration Bug Report,ArrayIndexOutOfBoundsException when gathering data via Agent Controller,94121,ECLIPSE,Configuration Bug Report
95570,z_Archived,Not Configuration Bug Report,New Class Creation Wizard Fails for JFrame,95570,ECLIPSE,Configuration Bug Report
95571,z_Archived,Not Configuration Bug Report,RCP Launcher Fails,95571,ECLIPSE,Configuration Bug Report
95955,z_Archived,Not Configuration Bug Report,IllegalStateException: Expression type sent in invalid order,95955,ECLIPSE,Configuration Bug Report
96100,z_Archived,Not Configuration Bug Report,Eclipse crashes when checking out a large project from CVS,96100,ECLIPSE,Configuration Bug Report
87968,z_Archived,Not Configuration Bug Report,Changing Certain SWT Table Properties Causes Exceptions,87968,ECLIPSE,Configuration Bug Report
90981,z_Archived,Not Configuration Bug Report,(Plat) Configuration fails with JVM located in a directory name with double byte chars,90981,ECLIPSE,Configuration Bug Report
91522,z_Archived,Not Configuration Bug Report,Exceptions when editing layoutproperties,91522,ECLIPSE,Configuration Bug Report
91526,z_Archived,Not Configuration Bug Report,Link Message Box Errors,91526,ECLIPSE,Configuration Bug Report
92566,z_Archived,Not Configuration Bug Report,SWT Dropping Components causes Incorrect Code,92566,ECLIPSE,Configuration Bug Report
96416,z_Archived,Not Configuration Bug Report,Rename of ViewPart's parent argument not working,96416,ECLIPSE,Configuration Bug Report
98417,z_Archived,Not Configuration Bug Report,Incorrect code generated for EditorPart and ViewPart instances,98417,ECLIPSE,Configuration Bug Report
98588,z_Archived,Not Configuration Bug Report,(MON) Log import with filters of non-TPTP log file types is failing,98588,ECLIPSE,Configuration Bug Report
103245,z_Archived,Not Configuration Bug Report,(Provisional) Parallel transfer of files causing exception in base agent,103245,ECLIPSE,Configuration Bug Report
88918,z_Archived,Not Configuration Bug Report,Deleting a method/components may render the VE unusable,88918,ECLIPSE,Configuration Bug Report
89572,z_Archived,Not Configuration Bug Report,Agent launch configuration bugs,89572,ECLIPSE,Configuration Bug Report
96437,z_Archived,Not Configuration Bug Report,Choose Bean Dialog Exception,96437,ECLIPSE,Configuration Bug Report
103240,z_Archived,Not Configuration Bug Report,(Provisional) Timing issues with the Agent Tech Preview Linux build,103240,ECLIPSE,Configuration Bug Report
103498,z_Archived,Not Configuration Bug Report,Name Pipe TL not working properly on RH EL3,103498,ECLIPSE,Configuration Bug Report
104434,z_Archived,Not Configuration Bug Report,Clients aren't notified if their agents deregister,104434,ECLIPSE,Configuration Bug Report
104825,z_Archived,Not Configuration Bug Report,"TVT3.1: tct393 - ""TPTP Example IType Count Template"" is in",104825,ECLIPSE,Configuration Bug Report
477459,Bugzilla,Not Configuration Bug Report,"buglist.cgi crashes for logged out users if the ""Reporter"" column is displayed",https://bugzilla.mozilla.org/show_bug.cgi?id=477459,MOZILLA,Configuration Bug Report
575097,Bugzilla,Not Configuration Bug Report,New STS header in Bugzilla::CGI causes malformed header error due to lack of Content-Type naming,https://bugzilla.mozilla.org/show_bug.cgi?id=575097,MOZILLA,Configuration Bug Report
157651,Bugzilla,Not Configuration Bug Report,review: Footer on create attachment page looks wrong.; v1,157651,MOZILLA,Configuration Bug Report
159566,Bugzilla,Not Configuration Bug Report,review: list/list.html.tmpl: Error in hash initialisation; v1: move '}' one line down and add a comma.,159566,MOZILLA,Configuration Bug Report
160205,Bugzilla,Not Configuration Bug Report,review: search/knob.html.tmpl: script type missing; space missing; v1: simple three-liner patch,160205,MOZILLA,Configuration Bug Report
164645,Bugzilla,Not Configuration Bug Report,review: xml.cgi - attachments is broken and insiders not enforced; Fix,164645,MOZILLA,Configuration Bug Report
166019,Bugzilla,Not Configuration Bug Report,review: checksetup gives torrent of cryptic errors if my_webservergroup is not found; die with sensible message,166019,MOZILLA,Configuration Bug Report
166026,Bugzilla,Not Configuration Bug Report,review: On failure in template->new; a template is used to display error; Replace DisplayError with die,166026,MOZILLA,Configuration Bug Report
169055,Bugzilla,Not Configuration Bug Report,review: Document CheckCanChangeField so sites can modify it for local needs; Patch v.1,169055,MOZILLA,Configuration Bug Report
169059,Bugzilla,Not Configuration Bug Report,review: clean up format ambiguities; Patch v.2,169059,MOZILLA,Configuration Bug Report
169064,Bugzilla,Not Configuration Bug Report,review: colchange.cgi is not localisable; Patch v.1,169064,MOZILLA,Configuration Bug Report
169301,Bugzilla,Not Configuration Bug Report,review: Fix page.cgi's method of finding templates; Patch v.1,169301,MOZILLA,Configuration Bug Report
169545,Bugzilla,Not Configuration Bug Report,review: boolean chart addition doesn't keep query template format; Patch v.1,169545,MOZILLA,Configuration Bug Report
170251,Bugzilla,Not Configuration Bug Report,review: Regression - buglist highlighting broken; Patch,170251,MOZILLA,Configuration Bug Report
171768,Bugzilla,Not Configuration Bug Report,review: Remove hard-coded titles and things; Patch A v.2,171768,MOZILLA,Configuration Bug Report
172220,Bugzilla,Not Configuration Bug Report,review: Remove hard-coded titles and things; Patch B v.1,172220,MOZILLA,Configuration Bug Report
173157,Bugzilla,Not Configuration Bug Report,review: Remove old reporting (most doomed etc.); Patch v.2,173157,MOZILLA,Configuration Bug Report
174811,Bugzilla,Not Configuration Bug Report,review: field names should be l10n in user-errors.html.tmpl called by Add Estimated; Actual; Remaining Time Fields; Patch v.1,174811,MOZILLA,Configuration Bug Report
179184,Bugzilla,Not Configuration Bug Report,regetlastlist returns all bugs,https://bugzilla.mozilla.org/show_bug.cgi?id=179184,MOZILLA,Configuration Bug Report
159602,Bugzilla,Not Configuration Bug Report,review: Templatise colchange.cgi; Patch v.1,159602,MOZILLA,Configuration Bug Report
159902,Bugzilla,Not Configuration Bug Report,review: token.cgi: localize strings send to message.html.tmpl (Part one); v1: Patch token.cgi,159902,MOZILLA,Configuration Bug Report
172218,Bugzilla,Not Configuration Bug Report,review: Templatise all calls to DisplayError; Patch D v.1,172218,MOZILLA,Configuration Bug Report
173059,Camino Graveyard,Not Configuration Bug Report,chimera crash on 10.2.1 while calling SetThemeCursor [@ QDIsPortBuffered],173059,MOZILLA,Configuration Bug Report
2786,CCK,Not Configuration Bug Report,Merge user.js program: Not correct out.js file is created.,2786,MOZILLA,Configuration Bug Report
3176,CCK,Not Configuration Bug Report,Creation of JSC component does not create an output .JSC file.,3176,MOZILLA,Configuration Bug Report
3229,CCK,Not Configuration Bug Report,Wrong error message is displayed on the DOS-box.,3229,MOZILLA,Configuration Bug Report
16679,Core,Not Configuration Bug Report,nsCookieService::GetCookieString returns NS_OK in all cases,16679,MOZILLA,Configuration Bug Report
16682,Core,Not Configuration Bug Report,[PP] Error in page loading,16682,MOZILLA,Configuration Bug Report
17416,Core,Not Configuration Bug Report,Recent fixes to nsChromeRegistry.cpp cause HP builds to fail,17416,MOZILLA,Configuration Bug Report
1713,Core,Not Configuration Bug Report,hr's don't float correctly.,1713,MOZILLA,Configuration Bug Report
2540,Core,Not Configuration Bug Report,Can't build current CVS Tree (21.1.99) Getting internal compiler error,2540,MOZILLA,Configuration Bug Report
2798,Core,Not Configuration Bug Report,warnings: hiding inherited virtual functions,2798,MOZILLA,Configuration Bug Report
3531,Core,Not Configuration Bug Report,Scribble (widget test) won't compile on AIX,3531,MOZILLA,Configuration Bug Report
5234,Core,Not Configuration Bug Report,Error in Makefile widget/src/xpwidgets,5234,MOZILLA,Configuration Bug Report
6135,Core,Not Configuration Bug Report,Crash on nsPluginsDirWin.cpp,6135,MOZILLA,Configuration Bug Report
11154,Core,Not Configuration Bug Report,GetNextSibling returns node with value of child; not sibling,11154,MOZILLA,Configuration Bug Report
11272,Core,Not Configuration Bug Report,warnings / bugs in EditTable.cpp,11272,MOZILLA,Configuration Bug Report
11458,Core,Not Configuration Bug Report,compiler warning,11458,MOZILLA,Configuration Bug Report
11575,Core,Not Configuration Bug Report,ServiceImpl::UnregisterResource does not catch null uri,11575,MOZILLA,Configuration Bug Report
12410,Core,Not Configuration Bug Report,Assert/abort on this URL,12410,MOZILLA,Configuration Bug Report
14733,Core,Not Configuration Bug Report,Use of uninitialized class pointer,14733,MOZILLA,Configuration Bug Report
14891,Core,Not Configuration Bug Report,resource protocol handler not up to current XPCOM registry file location standards,14891,MOZILLA,Configuration Bug Report
14899,Core,Not Configuration Bug Report,RDF/XML datasource Refresh() sends bad notifications,14899,MOZILLA,Configuration Bug Report
21884,Core,Not Configuration Bug Report,[dogfood] crash visiting various websites in the image / networking code,21884,MOZILLA,Configuration Bug Report
22140,Core,Not Configuration Bug Report,crash on page (not reproducable),22140,MOZILLA,Configuration Bug Report
25910,Core,Not Configuration Bug Report,[talkback] random but high hit crash in cache code?,25910,MOZILLA,Configuration Bug Report
26000,Core,Not Configuration Bug Report,reproducible crash; build id 200013114; NSGetModule() loop?,26000,MOZILLA,Configuration Bug Report
32559,Core,Not Configuration Bug Report,Crashes every time; under Windows 98; with M14.,32559,MOZILLA,Configuration Bug Report
38827,Core,Not Configuration Bug Report,startDownload string not localizable,38827,MOZILLA,Configuration Bug Report
42484,Core,Not Configuration Bug Report,warning (bug!) when compiling nsUnicodeToGBK.cpp,42484,MOZILLA,Configuration Bug Report
42635,Core,Not Configuration Bug Report,nsToolboxFrame::HandleEvent hides inherited methods,42635,MOZILLA,Configuration Bug Report
50012,Core,Not Configuration Bug Report,Browser is crashing while loading big images( > 5MB),50012,MOZILLA,Configuration Bug Report
84175,Core,Not Configuration Bug Report,nsHTMLEditor::IsEmptyCell should be rewritten,84175,MOZILLA,Configuration Bug Report
96284,Core,Not Configuration Bug Report,uneval(); Error.prototype.toSource() does not escape quotes correctly,96284,MOZILLA,Configuration Bug Report
98764,Core,Not Configuration Bug Report,"-remote 'openURL(""xyz"")' while no browser window up causes an unchromed browser window to display",98764,MOZILLA,Configuration Bug Report
114208,Core,Not Configuration Bug Report,last all.js checkin has bad useragent.override,114208,MOZILLA,Configuration Bug Report
118014,Core,Not Configuration Bug Report,Trunk M099 crashes [@ FrameManager::ReResolveStyleContext] [@ RuleProcessorData::RuleProcessorData][@ nsXULElement::GetID],118014,MOZILLA,Configuration Bug Report
19923,Core,Not Configuration Bug Report,view-source handles CDATA sections badly,19923,MOZILLA,Configuration Bug Report
21276,Core,Not Configuration Bug Report,Combo boxes submit %0D%0A for no value/label/content,21276,MOZILLA,Configuration Bug Report
21328,Core,Not Configuration Bug Report,[DOGFOOD] Enable network cache by default,21328,MOZILLA,Configuration Bug Report
44149,Core,Not Configuration Bug Report,improperly parented modal dialog in nsWalletService,44149,MOZILLA,Configuration Bug Report
45245,Core,Not Configuration Bug Report,warning in nsMenuBar.cpp,45245,MOZILLA,Configuration Bug Report
57937,Core,Not Configuration Bug Report,Accessing cross frame properties from signed jar file fails,57937,MOZILLA,Configuration Bug Report
122872,Core,Not Configuration Bug Report,mach-o bustage in nsNativeThemeMac.cpp,122872,MOZILLA,Configuration Bug Report
128587,Core,Not Configuration Bug Report,EUC-KR decoder : a bug in 8byte seq. rep. of Hangul syllables,128587,MOZILLA,Configuration Bug Report
83613,Core ,Not Configuration Bug Report,"crash when I go to my 0.9.1 bug list, and then to my 0.9.2 bug list, Trunk & M091",https://Bugzilla.mozilla.org/show_bug.cgi?id=83613,MOZILLA,Configuration Bug Report
103477,Core ,Not Configuration Bug Report,rendering breaks (or crash) when going from tweakers.net to bugzilla - Trunk,https://Bugzilla.mozilla.org/show_bug.cgi?id=103477,MOZILLA,Configuration Bug Report
162670,Core ,Not Configuration Bug Report,browser hangs on bugzilla and bonsai pages,https://bugzilla.mozilla.org/show_bug.cgi?id=162670,MOZILLA,Configuration Bug Report
344914,Core ,Not Configuration Bug Report,crash caused by GetImageData; buggy JSObject allocation,https://bugzilla.mozilla.org/show_bug.cgi?id=344914,MOZILLA,Configuration Bug Report
587350,Core ,Not Configuration Bug Report,Crash on startup from bug 580407,https://bugzilla.mozilla.org/show_bug.cgi?id=587350,MOZILLA,Configuration Bug Report
843402,Core ,Not Configuration Bug Report,Impossible to sanely debug JS::Value code because all the functions get inlined and can't be called by gdb,https://bugzilla.mozilla.org/show_bug.cgi?id=843402,MOZILLA,Configuration Bug Report
307478,Core ,Not Configuration Bug Report,Build failure with syntax error in nsDebug.h,https://bugzilla.mozilla.org/show_bug.cgi?id=307478,MOZILLA,Configuration Bug Report
356670,Core ,Not Configuration Bug Report,The ASCII text rendering is broken on Linux (regression of bug 356235),https://bugzilla.mozilla.org/show_bug.cgi?id=356670,MOZILLA,Configuration Bug Report
10924,Core Graveyard,Not Configuration Bug Report,Invoking Node->getFirstChild method dumps core,10924,MOZILLA,Configuration Bug Report
10927,Core Graveyard,Not Configuration Bug Report,Invoking Node->getLastChild method dumps core,10927,MOZILLA,Configuration Bug Report
14712,Core Graveyard,Not Configuration Bug Report,Loading photocube applet twice crashes apprunner.,14712,MOZILLA,Configuration Bug Report
32573,Core Graveyard,Not Configuration Bug Report,AutoTranslate does not translate Japanese pages into English,32573,MOZILLA,Configuration Bug Report
36127,Core Graveyard,Not Configuration Bug Report,AutoTranslate-Source Language detects this page as German,36127,MOZILLA,Configuration Bug Report
44187,Core Graveyard,Not Configuration Bug Report,LiveConnect crashes when Java not present,44187,MOZILLA,Configuration Bug Report
48304,Core Graveyard,Not Configuration Bug Report,"LiveConnect crash in gc_root_marker with (char*)he->value = ""member_val->field_val""",48304,MOZILLA,Configuration Bug Report
55186,Core Graveyard,Not Configuration Bug Report,crash on startup with IBM JRE,55186,MOZILLA,Configuration Bug Report
99880,Core Graveyard,Not Configuration Bug Report,Crash when clicking on links in Java applet,99880,MOZILLA,Configuration Bug Report
54667,Core Graveyard,Not Configuration Bug Report,psm hangs on solaris,54667,MOZILLA,Configuration Bug Report
220450,Firefox,Not Configuration Bug Report,Bugfix for 215981 kills build process of MozillaFirebird.,https://bugzilla.mozilla.org/show_bug.cgi?id=220450,MOZILLA,Configuration Bug Report
588438,Graveyard,Not Configuration Bug Report,[SkipList] Add mozalloc_abort and NS_DebugBreak_P to irrelevantSignatureRegEx,https://bugzilla.mozilla.org/show_bug.cgi?id=588438,MOZILLA,Configuration Bug Report
387218,Graveyard,Not Configuration Bug Report,Build bustage from bug 384374 landing,https://bugzilla.mozilla.org/show_bug.cgi?id=387218,MOZILLA,Configuration Bug Report
182193,MailNews Core,Not Configuration Bug Report,"crash opening bugtraq-digest mails via IMAP, no error message",https://Bugzilla.mozilla.org/show_bug.cgi?id=182193,MOZILLA,Configuration Bug Report
4166,MailNews Core,Not Configuration Bug Report,unable to compile mozilla/mailnews/base/src/nsMsgMD5.cpp,4166,MOZILLA,Configuration Bug Report
6496,MailNews Core,Not Configuration Bug Report,[PP]Select Message|Mark|As Read crashes my system,6496,MOZILLA,Configuration Bug Report
21670,MailNews Core,Not Configuration Bug Report,mozilla Windows build of 12/13 crashes reading particular message,21670,MOZILLA,Configuration Bug Report
61642,MailNews Core,Not Configuration Bug Report,Browser crashed when navigating between folders in a POP mail account for Netscape 6.0.,61642,MOZILLA,Configuration Bug Report
76259,MailNews Core,Not Configuration Bug Report,Changing Headers View Causes Crash In NECKO.DLL,76259,MOZILLA,Configuration Bug Report
85613,MailNews Core,Not Configuration Bug Report,Crash if reading email when profile is non-local and another instance of mozilla is running,85613,MOZILLA,Configuration Bug Report
168188,MailNews Core,Not Configuration Bug Report,Cannot move mail from Subfolder of (IMAP-)INBOX to my Local Folders,168188,MOZILLA,Configuration Bug Report
171121,MailNews Core,Not Configuration Bug Report,Crash on multipart messages [@ nsProperties::Set ],171121,MOZILLA,Configuration Bug Report
179285,MailNews Core,Not Configuration Bug Report,Password isn't remembered or sent properly during auto-mass retrieval.,179285,MOZILLA,Configuration Bug Report
158087,Mozilla,Not Configuration Bug Report,dead link to cryptographic code,158087,MOZILLA,Configuration Bug Report
183368,Mozilla,Not Configuration Bug Report,Source for 1.2.1 is not available from FTP,183368,MOZILLA,Configuration Bug Report
205795,Mozilla,Not Configuration Bug Report,missing dot in chinese win32 Talkback enabled Zipfile,205795,MOZILLA,Configuration Bug Report
131713,Mozilla,Not Configuration Bug Report,Invalid Return in JavaScript,131713,MOZILLA,Configuration Bug Report
2431,NSPR,Not Configuration Bug Report,PL_GetNextOpt asserts if an option with an associated value is not immediately followed by its value.,2431,MOZILLA,Configuration Bug Report
3949,NSPR,Not Configuration Bug Report,NSPR gives me a compile error on Linux.,3949,MOZILLA,Configuration Bug Report
424,SeaMonkey,Not Configuration Bug Report,Warning fix: -DBSD on BSD platforms,424,MOZILLA,Configuration Bug Report
838,SeaMonkey,Not Configuration Bug Report,Mozilla fails to build correctly on any non-gcc/g++ HP-UX compiler,838,MOZILLA,Configuration Bug Report
3150,SeaMonkey,Not Configuration Bug Report,incomplete .zip file,3150,MOZILLA,Configuration Bug Report
8163,SeaMonkey,Not Configuration Bug Report,"EXPORT - interface methods on ""services"" - appcores",8163,MOZILLA,Configuration Bug Report
8800,SeaMonkey,Not Configuration Bug Report,[PP]Search Messages:open dropdowns don't collapse correctly,8800,MOZILLA,Configuration Bug Report
14571,SeaMonkey,Not Configuration Bug Report,__STDC__ in intl/uconv/src/Makefile.in,14571,MOZILLA,Configuration Bug Report
14603,SeaMonkey,Not Configuration Bug Report,Minor fixup to protypes.h for OpenVMS,14603,MOZILLA,Configuration Bug Report
18858,SeaMonkey,Not Configuration Bug Report,Warnings and error first time mozilla is run,18858,MOZILLA,Configuration Bug Report
28043,SeaMonkey,Not Configuration Bug Report,Mac build scripts can fail to pull NSPR,28043,MOZILLA,Configuration Bug Report
29638,SeaMonkey,Not Configuration Bug Report,compile-time error in nsWebShell.cpp on AIX-4.3.2,29638,MOZILLA,Configuration Bug Report
33692,SeaMonkey,Not Configuration Bug Report,Netcenter search pages are supposedly UTF-8 encoded; but are sending back bad data,33692,MOZILLA,Configuration Bug Report
34912,SeaMonkey,Not Configuration Bug Report,JA: The orange gif in center of side bar panel rakuten [ichiba] produces a page not found error when clicked on in the sidebar pannel its self.,34912,MOZILLA,Configuration Bug Report
35076,SeaMonkey,Not Configuration Bug Report,"""Ticket OnlineEvents"" search extended char. problem",35076,MOZILLA,Configuration Bug Report
35485,SeaMonkey,Not Configuration Bug Report,"DE:PR1 investorworld spacing after ""Anmelden"" has to be fixed",35485,MOZILLA,Configuration Bug Report
35486,SeaMonkey,Not Configuration Bug Report,DE:PR1 investorworld link problems,35486,MOZILLA,Configuration Bug Report
36675,SeaMonkey,Not Configuration Bug Report,"""Save As"" doesn't work on OpenVMS",36675,MOZILLA,Configuration Bug Report
42873,SeaMonkey,Not Configuration Bug Report,Client generates corrupted UTF-8 for keyword search,42873,MOZILLA,Configuration Bug Report
43160,SeaMonkey,Not Configuration Bug Report,Profile Manager XML Parsing Error,43160,MOZILLA,Configuration Bug Report
49288,SeaMonkey,Not Configuration Bug Report,Crash accessing non existent jar files,49288,MOZILLA,Configuration Bug Report
138724,SeaMonkey,Not Configuration Bug Report,Mail/News startup Default Website defaced,138724,MOZILLA,Configuration Bug Report
192220,SeaMonkey,Not Configuration Bug Report,Bug 22056 checkin regressed Ts and Txul,https://Bugzilla.mozilla.org/show_bug.cgi?id=168029,MOZILLA,Configuration Bug Report
24347,SeaMonkey,Not Configuration Bug Report,[OpenVMS] Process hangs after quit,24347,MOZILLA,Configuration Bug Report
28267,SeaMonkey,Not Configuration Bug Report,HP-UX 11.00 Builds no longer run.,28267,MOZILLA,Configuration Bug Report
45452,SeaMonkey,Not Configuration Bug Report,Where the hell is Kerz,45452,MOZILLA,Configuration Bug Report
54080,SeaMonkey,Not Configuration Bug Report,OS/2 gmake choking on REGCHROME lines,54080,MOZILLA,Configuration Bug Report
60944,SeaMonkey,Not Configuration Bug Report,OS/2 - Mozilla stays in Window List.,60944,MOZILLA,Configuration Bug Report
112785,SeaMonkey,Not Configuration Bug Report,Multiple reciepients are shown wrong,112785,MOZILLA,Configuration Bug Report
114802,SeaMonkey,Not Configuration Bug Report,"Tab control misdrawn with Windows's ""Rainy Day"" in classic",114802,MOZILLA,Configuration Bug Report
66289,Tech Evangelism Graveyard,Not Configuration Bug Report,Unable to login at http://www.inbox.ru,66289,MOZILLA,Configuration Bug Report
179025,Tech Evangelism Graveyard,Not Configuration Bug Report,fic.com -- missing content due to malformed comment tags,179025,MOZILLA,Configuration Bug Report
39918,Lenya,Not Configuration Bug Report,"[Refactoring] Rename *,getDocumentIdentityMap() to *,get(Document)Factory()",39918,APACHE ,Configuration Bug Report
913,Fop - Now in Jira,Not Configuration Bug Report,"faulty implementation of org,w3c,dom,css,CSSValue",913,APACHE ,Configuration Bug Report
15585,Log4j - Now in Jira,Not Configuration Bug Report,log4j does not show Class Name; Method; or Line Number on AS400,15585,APACHE ,Configuration Bug Report
WHIMSY-154,Whimsy,Not Configuration Bug Report,Username display broken on whimsy.a.o,https://issues.apache.org/jira/browse/WHIMSY-154?jql=issuetype%20%3D%20Bug%20AND%20status%20in%20(Resolved%2C%20Closed)%20ORDER%20BY%20cf%5B12312823%5D%20ASC,APACHE ,Configuration Bug Report
STR-183,Struts,Not Configuration Bug Report,struts-html.xml doesnt support 'file' tag 'size' attribute,https://issues.apache.org/jira/browse/STR-183?jql=issuetype%20%3D%20Bug%20AND%20status%20in%20(Resolved%2C%20Closed)%20ORDER%20BY%20cf%5B12310220%5D%20ASC%2C%20cf%5B12312823%5D%20ASC,APACHE ,Configuration Bug Report
FOP-71,FOP,Not Configuration Bug Report,text color not working after a page break,https://issues.apache.org/jira/browse/FOP-71?jql=issuetype%20%3D%20Bug%20AND%20status%20in%20(Resolved%2C%20Closed)%20ORDER%20BY%20cf%5B12310220%5D%20ASC%2C%20cf%5B12312823%5D%20ASC,APACHE ,Configuration Bug Report
FOP-164,FOP,Not Configuration Bug Report,aligning text to 'right',https://issues.apache.org/jira/browse/FOP-164?jql=issuetype%20%3D%20Bug%20AND%20status%20in%20(Resolved%2C%20Closed)%20ORDER%20BY%20cf%5B12310220%5D%20ASC%2C%20cf%5B12312823%5D%20ASC,APACHE ,Configuration Bug Report
FOP-62,FOP,Not Configuration Bug Report,Text alignment in table cells,https://issues.apache.org/jira/browse/FOP-62?jql=issuetype%20%3D%20Bug%20AND%20status%20in%20(Resolved%2C%20Closed)%20ORDER%20BY%20cf%5B12310220%5D%20ASC%2C%20cf%5B12312823%5D%20ASC,APACHE ,Configuration Bug Report
4654,Fop - Now in Jira,Not Configuration Bug Report,right align with euro symbol,4654,APACHE ,Configuration Bug Report
917,Fop - Now in Jira,Not Configuration Bug Report,"this special character is not rendered correctly in the pdf,",917,APACHE ,Configuration Bug Report
38719,Fop - Now in Jira,Not Configuration Bug Report,"Image loading in pdf,",38719,APACHE ,Configuration Bug Report
1596,Fop - Now in Jira,Not Configuration Bug Report,Adobe Acrobat claims Fop output has bad page contents,1596,APACHE ,Configuration Bug Report
1180,Fop - Now in Jira,Not Configuration Bug Report,Problem with monospaced font,1180,APACHE ,Configuration Bug Report
1724,Fop - Now in Jira,Not Configuration Bug Report,Text alignment in table cells,1724,APACHE ,Configuration Bug Report
28875,Tomcat 5,Not Configuration Bug Report,"Multi-byte characters in default error page aren't printed out correctly,",28875,APACHE ,Configuration Bug Report
1105,Fop - Now in Jira,Not Configuration Bug Report,Problems font subset embedding,1105,APACHE ,Configuration Bug Report
16929,Fop - Now in Jira,Not Configuration Bug Report,"Table rows of a table in a page body with two columns are ommitted on last page,",16929,APACHE ,Configuration Bug Report
1136,Fop - Now in Jira,Not Configuration Bug Report,Problems with UTF-8 hyphenation patterns,1136,APACHE ,Configuration Bug Report
682,Fop - Now in Jira,Not Configuration Bug Report,Lists do not display correctly,682,APACHE ,Configuration Bug Report
57654,Apache httpd-2,Not Configuration Bug Report,"Browsers can't display html documentation pages correctly (versions 2,0; 2,2; 2,4)",57654,APACHE ,Configuration Bug Report
42909,Lenya,Not Configuration Bug Report,Error screen is not displayed when usecase failed,42909,APACHE ,Configuration Bug Report
43884,Lenya,Not Configuration Bug Report,Site overview not displayed if dublin core title is empty,43884,APACHE ,Configuration Bug Report
1242,Fop - Now in Jira,Not Configuration Bug Report,Error in Font-Documentation,1242,APACHE ,Configuration Bug Report
39285,Fop - Now in Jira,Not Configuration Bug Report,"Attempt to render xml with inline image causes java,lang,OutOfMemoryError",39285,APACHE ,Configuration Bug Report
51760,Fop - Now in Jira,Not Configuration Bug Report,[PATCH] PostScript PDF-image causes error,51760,APACHE ,Configuration Bug Report
34033,Tomcat 5,Not Configuration Bug Report,Cannot delete users using Administration Tool webapp (HTTP 500 error),34033,APACHE ,Configuration Bug Report
1341,Fop - Now in Jira,Not Configuration Bug Report,the chinese font cannot view all,1341,APACHE ,Configuration Bug Report
36875,Lenya,Not Configuration Bug Report,NPE: Area is missing in site view,36875,APACHE ,Configuration Bug Report
651,Fop - Now in Jira,Not Configuration Bug Report,"PFMReader throws Exception: No scheme found in URI: charlist,xml",651,APACHE ,Configuration Bug Report
32174,Fop - Now in Jira,Not Configuration Bug Report,Rendering fails with IndexOutOfBoundsException in LineLayoutManager,32174,APACHE ,Configuration Bug Report
41503,Fop - Now in Jira,Not Configuration Bug Report,IndexOutOfBoundsException when missing fo:table-cell column-number and number-rows-spanned used in the same fo:table,41503,APACHE ,Configuration Bug Report
40634,Fop - Now in Jira,Not Configuration Bug Report,Horizontal space needed for a text block is always too large,40634,APACHE ,Configuration Bug Report
1923,Fop - Now in Jira,Not Configuration Bug Report,text-decoration does not work,1923,APACHE ,Configuration Bug Report
684,Fop - Now in Jira,Not Configuration Bug Report,border width in tables adds up,684,APACHE ,Configuration Bug Report
1474,Fop - Now in Jira,Not Configuration Bug Report,fo:external-graphic rendered as block level object,1474,APACHE ,Configuration Bug Report
1261,Fop - Now in Jira,Not Configuration Bug Report,problem with rendering of external-graphic in Fop-18,1261,APACHE ,Configuration Bug Report
43089,Fop - Now in Jira,Not Configuration Bug Report,"[PATCH] PDFRenderer - text-decoration (e,g, underline) not being renderered with Type1 fonts",43089,APACHE ,Configuration Bug Report
953,Fop - Now in Jira,Not Configuration Bug Report,Incorrect hyperlinks area rendering in justified text blocks,953,APACHE ,Configuration Bug Report
43975,Fop - Now in Jira,Not Configuration Bug Report,right border of cell spanning multiple columns is not rendered,43975,APACHE ,Configuration Bug Report
40048,Fop - Now in Jira,Not Configuration Bug Report,"When using AWTRenderer for printing of document incorrect imageable area is specified in java,awt,print,PageFormat",40048,APACHE ,Configuration Bug Report
45152,Fop - Now in Jira,Not Configuration Bug Report,"Solid bottom border not rendered correctly since 0,94",45152,APACHE ,Configuration Bug Report
48167,Fop - Now in Jira,Not Configuration Bug Report,[PATCH] CMYK colors converted to RGB when not provided <fo:declarations> tag,48167,APACHE ,Configuration Bug Report
47690,Fop - Now in Jira,Not Configuration Bug Report,Tables on multi-column pages sometimes come out wrong,47690,APACHE ,Configuration Bug Report
1130,Fop - Now in Jira,Not Configuration Bug Report,Alignment of page-number-citation inside a ToC,1130,APACHE ,Configuration Bug Report
1618,Fop - Now in Jira,Not Configuration Bug Report,Bug with fo:page-number-citation and CID fonts,1618,APACHE ,Configuration Bug Report
1363,Fop - Now in Jira,Not Configuration Bug Report,backgroud-color in fo:table-cell and fo:table-column produce no output,1363,APACHE ,Configuration Bug Report
1795,Fop - Now in Jira,Not Configuration Bug Report,"table-cell background colour doesn't work,",1795,APACHE ,Configuration Bug Report
1972,Fop - Now in Jira,Not Configuration Bug Report,text color not working after a page break,1972,APACHE ,Configuration Bug Report
42878,Lenya,Not Configuration Bug Report,"Asset properties (size etc,) are stored in the download link",42878,APACHE ,Configuration Bug Report
49835,Fop - Now in Jira,Not Configuration Bug Report,Wrong page break with 2 columned region and tables,49835,APACHE ,Configuration Bug Report
44621,Fop - Now in Jira,Not Configuration Bug Report,Wrong generation of merged elements if footer has thicker borders than normal,44621,APACHE ,Configuration Bug Report
39215,Fop - Now in Jira,Not Configuration Bug Report,[PATCH] To render GIF external images in RTF output via PNG,39215,APACHE ,Configuration Bug Report
35656,Fop - Now in Jira,Not Configuration Bug Report,"Setting the property ""width"" on cell does not take effect,",35656,APACHE ,Configuration Bug Report
43616,Fop - Now in Jira,Not Configuration Bug Report,Extra space added after table under some circumstances,43616,APACHE ,Configuration Bug Report
36475,Fop - Now in Jira,Not Configuration Bug Report,Background-color attribute handling for fo:block in RTF rendering,36475,APACHE ,Configuration Bug Report
40672,Lenya,Not Configuration Bug Report,BXE menu images do not show,40672,APACHE ,Configuration Bug Report
20539,Lenya,Not Configuration Bug Report,"""Live Sites"" section on website: ""File not found""",20539,APACHE ,Configuration Bug Report
1571,Fop - Now in Jira,Not Configuration Bug Report,Multolingual support in converting xml - pdf,1571,APACHE ,Configuration Bug Report
49870,Fop - Now in Jira,Not Configuration Bug Report,Border-right not visible if hyphenation is activated,49870,APACHE ,Configuration Bug Report
41631,Fop - Now in Jira,Not Configuration Bug Report,Percentages in proportional-column-width() not supported,41631,APACHE ,Configuration Bug Report
44289,Fop - Now in Jira,Not Configuration Bug Report,Wrong border resolution when header/footer omitted at break,44289,APACHE ,Configuration Bug Report
32617,Lenya,Not Configuration Bug Report,Saving a document in the default pub produces multiple html meta charset entries,32617,APACHE ,Configuration Bug Report
40122,Fop - Now in Jira,Not Configuration Bug Report,table header is missing when table is inside a list and splitted,40122,APACHE ,Configuration Bug Report
734,Ant,Not Configuration Bug Report,Filter doc example misleading for usage,734,APACHE ,Configuration Bug Report
36934,Fop - Now in Jira,Not Configuration Bug Report,The collapsing border model on an fo:table is currently not supported by FOP,36934,APACHE ,Configuration Bug Report
21955,Apache httpd-2,Not Configuration Bug Report,Dynamically generated HTML pages compressed with mod_deflate are sometimes truncated,21955,APACHE ,Configuration Bug Report
36394,Fop - Now in Jira,Not Configuration Bug Report,fo:character generates invalid PDF,36394,APACHE ,Configuration Bug Report
11040,CDT,Not Configuration Bug Report,ensure that launcher does not launch if selected project is closed,11040,ECLIPSE,Configuration Bug Report
12713,CDT,Not Configuration Bug Report,remote editing of files,12713,ECLIPSE,Configuration Bug Report
233988,Community,Not Configuration Bug Report,Maintaining bugzilla data for technology.mat,https://bugs.eclipse.org/bugs/show_bug.cgi?id=233988,ECLIPSE,Configuration Bug Report
258847,Community,Not Configuration Bug Report,Committer nomination failing with a known good Bugzilla address,https://bugs.eclipse.org/bugs/show_bug.cgi?id=258847,ECLIPSE,Configuration Bug Report
484082,EPP,Not Configuration Bug Report,Description of bug in Events area should stretch with area,https://bugs.eclipse.org/bugs/show_bug.cgi?id=484082,ECLIPSE,Configuration Bug Report
5290,JDT,Not Configuration Bug Report,Source does not show up on debug,5290,ECLIPSE,Configuration Bug Report
188871,PDT,Not Configuration Bug Report,"PHP Preferences - in servers page - add a ""make default"" in servers and executables (currently only in debug page)",https://bugs.eclipse.org/bugs/show_bug.cgi?id=188871,ECLIPSE,Configuration Bug Report
240305,PDT,Not Configuration Bug Report,[regression] PHP Debug perspective - Debug view - 'Use step filters' button is enabled,https://bugs.eclipse.org/bugs/show_bug.cgi?id=240305,ECLIPSE,Configuration Bug Report
50767,Platform,Not Configuration Bug Report,Debug annotations not going away,https://bugs.eclipse.org/bugs/show_bug.cgi?id=50767,ECLIPSE,Configuration Bug Report
8021,Platform,Not Configuration Bug Report,NPE attempting to Show View Menu for a view that does not have this menu,8021,ECLIPSE,Configuration Bug Report
14255,Platform,Not Configuration Bug Report,DBCS: Add from Local History incorrect for DBCS project name,14255,ECLIPSE,Configuration Bug Report
16944,Platform,Not Configuration Bug Report,need default hpux fonts to be defined,16944,ECLIPSE,Configuration Bug Report
29428,Platform,Not Configuration Bug Report,DBCS: Pasted string can't be shown correctly in Search dialog,29428,ECLIPSE,Configuration Bug Report
30576,Platform,Not Configuration Bug Report,DBCS: DBCS project name cannot retrieve from CVS repository,30576,ECLIPSE,Configuration Bug Report
31627,Platform,Not Configuration Bug Report,DBCS: Perspective change caused core dump after adding DBCS project to the workspace,31627,ECLIPSE,Configuration Bug Report
32283,Platform,Not Configuration Bug Report,[Dialogs] widget is disposed in open type dialog,32283,ECLIPSE,Configuration Bug Report
46637,z_Archived,Not Configuration Bug Report,Coverage Statistics view deletes all the Java packages in the agent but default package,46637,ECLIPSE,Configuration Bug Report
56568,z_Archived,Not Configuration Bug Report,Show lifeline name when scroll down the view,56568,ECLIPSE,Configuration Bug Report
56632,z_Archived,Not Configuration Bug Report,(M8) Missing icon: link with viewer,56632,ECLIPSE,Configuration Bug Report
56666,z_Archived,Not Configuration Bug Report,log graph node expend and collapse support in log interactions view,56666,ECLIPSE,Configuration Bug Report
56669,z_Archived,Not Configuration Bug Report,show correlations of group log node base on user selection,56669,ECLIPSE,Configuration Bug Report
57684,z_Archived,Not Configuration Bug Report,"When no profiling is selected; UI should set TRACE_MODE to ""none""",57684,ECLIPSE,Configuration Bug Report
67470,z_Archived,Not Configuration Bug Report,Widgets with no text don't show on Composite w/GridLayout,67470,ECLIPSE,Configuration Bug Report
67473,z_Archived,Not Configuration Bug Report,Launched app w/Composite and Gridlayout doesn't show controls,67473,ECLIPSE,Configuration Bug Report
73236,z_Archived,Not Configuration Bug Report,SWT ToolItem figure doesn't position correctly in graph viewer,73236,ECLIPSE,Configuration Bug Report
75898,z_Archived,Not Configuration Bug Report,Profile to file doesn't create UTF-8 compliant files,75898,ECLIPSE,Configuration Bug Report
81913,z_Archived,Not Configuration Bug Report,Problems setting BoxLayout with under a TabbedPane,81913,ECLIPSE,Configuration Bug Report
87181,z_Archived,Not Configuration Bug Report,MoreSwingComponents not rendering properly,87181,ECLIPSE,Configuration Bug Report
87557,z_Archived,Not Configuration Bug Report,Editor fails to open - throws NPEs,87557,ECLIPSE,Configuration Bug Report
87572,z_Archived,Not Configuration Bug Report,Snippet update kicking in during top down updates,87572,ECLIPSE,Configuration Bug Report
105551,z_Archived,Not Configuration Bug Report,Editing RCP Mail causes codegen to write syntax errors,105551,ECLIPSE,Configuration Bug Report
105780,z_Archived,Not Configuration Bug Report,TVT 3.1 - TCT 545 - Probekit-detected Problem untranslated in Filters Customization,105780,ECLIPSE,Configuration Bug Report
107023,z_Archived,Not Configuration Bug Report,"TVT 3.1 - About > Plugins contains plug-in names "" #%plugin.name",107023,ECLIPSE,Configuration Bug Report
108442,z_Archived,Not Configuration Bug Report,Unable to add Equivalence classes to the datapool,108442,ECLIPSE,Configuration Bug Report
115325,z_Archived,Not Configuration Bug Report,Refresh' in Profiling Monitor view without saving lost active attach agent(s),115325,ECLIPSE,Configuration Bug Report
56908,z_Archived,Not Configuration Bug Report,Properties action object contribution for Log Node/Correlations,56908,ECLIPSE,Configuration Bug Report
57264,z_Archived,Not Configuration Bug Report,ensureVisible(GraphNode) does not show selection,57264,ECLIPSE,Configuration Bug Report
58349,z_Archived,Not Configuration Bug Report,TargetVM does not refresh,58349,ECLIPSE,Configuration Bug Report
58399,z_Archived,Not Configuration Bug Report,Sometimes the Console contents are wiped when profiling,58399,ECLIPSE,Configuration Bug Report
69372,z_Archived,Not Configuration Bug Report,New Visual Class wizard: extend Composite gens bad code and errors,69372,ECLIPSE,Configuration Bug Report
73121,z_Archived,Not Configuration Bug Report,Deleting populated TabFolder causes editor to hang until remote vm times out,73121,ECLIPSE,Configuration Bug Report
73384,z_Archived,Not Configuration Bug Report,SWT ToolItem problems with modeling and setting styles,73384,ECLIPSE,Configuration Bug Report
103877,z_Archived,Not Configuration Bug Report,Pause/Reload doesnt display UI editparts correctly for CardLayout,103877,ECLIPSE,Configuration Bug Report
96455,z_Archived,Not Configuration Bug Report,JVECDGEN01: Changing location annotations does not update GUI,96455,ECLIPSE,Configuration Bug Report
99869,z_Archived,Not Configuration Bug Report,Accessibility: Method invocation details table not accessible using keyboard only,99869,ECLIPSE,Configuration Bug Report
100000,z_Archived,Not Configuration Bug Report,Accessibility:Screen reader unable to read text in the manual test execution application,100000,ECLIPSE,Configuration Bug Report
87722,z_Archived,Not Configuration Bug Report,Reload of a dirty editor causes the cache to be written even though file wasn't saved,87722,ECLIPSE,Configuration Bug Report
88522,z_Archived,Not Configuration Bug Report,NPE with Customize Layout dialog and switching tabs in TabFolder,88522,ECLIPSE,Configuration Bug Report
91571,z_Archived,Not Configuration Bug Report,SWT Launcher causes huge Composites,91571,ECLIPSE,Configuration Bug Report
93268,z_Archived,Not Configuration Bug Report,Incorrect Ordering for Swing Components,93268,ECLIPSE,Configuration Bug Report
99380,z_Archived,Not Configuration Bug Report,JVELAYT01: Change Location Property then Undo Hides control,99380,ECLIPSE,Configuration Bug Report
99658,z_Archived,Not Configuration Bug Report,SWT renderer does not support horizontal bar and horizontal stack bar charts,99658,ECLIPSE,Configuration Bug Report
105010,z_Archived,Not Configuration Bug Report,TVT3.1: tct 416-BIDI icon not flipped in the product-PDE,105010,ECLIPSE,Configuration Bug Report
124920,Bugzilla,Not Configuration Bug Report,Templatise post_bug.cgi,https://Bugzilla.mozilla.org/show_bug.cgi?id=124920,MOZILLA,Configuration Bug Report
125660,Bugzilla,Not Configuration Bug Report,Templatise process_bug.cgi,https://Bugzilla.mozilla.org/show_bug.cgi?id=125660,MOZILLA,Configuration Bug Report
133425,Bugzilla,Not Configuration Bug Report,Audit show_bug.html.tmpl for FILTER usage,https://bugzilla.mozilla.org/show_bug.cgi?id=133425,MOZILLA,Configuration Bug Report
159576,Bugzilla,Not Configuration Bug Report,review: Add <label> to email prefs; v2: Update using account/prefs/email.html.tmpl,159576,MOZILLA,Configuration Bug Report
159639,Bugzilla,Not Configuration Bug Report,review: search/knob.html.tmpl should use <label> for the radiobuttons; v2: Add <label> to the check/radiobuttons of search/knob.html.tmpl,159639,MOZILLA,Configuration Bug Report
159688,Bugzilla,Not Configuration Bug Report,review: bug/create/create.html.tmpl should use <label>; Patch for the group permission checkboxes in bug/create/create.html.tmpl,159688,MOZILLA,Configuration Bug Report
159689,Bugzilla,Not Configuration Bug Report,review: attachment/*.tmpl should use <label>; v1: Patch ./edit.html.tmpl and ./create.html.tmpl in ./attachment/*,159689,MOZILLA,Configuration Bug Report
175127,Bugzilla,Not Configuration Bug Report,"review: Turn ""all selected"" into ""none selected"" for efficiency; Patch v.2",175127,MOZILLA,Configuration Bug Report
176425,Bugzilla,Not Configuration Bug Report,"review: Turn ""all selected"" into ""none selected"" for efficiency; Patch v.3",176425,MOZILLA,Configuration Bug Report
178071,Bugzilla,Not Configuration Bug Report,"review: Turn ""all selected"" into ""none selected"" for efficiency; Patch v.3",178071,MOZILLA,Configuration Bug Report
178298,Bugzilla,Not Configuration Bug Report,"review: Button ""Add another boolean chart"" appears twice after clicking ""And""; Patch v.1",178298,MOZILLA,Configuration Bug Report
330186,Bugzilla,Not Configuration Bug Report,Crash when changing the status of a bug which has dependencies,https://bugzilla.mozilla.org/show_bug.cgi?id=330186,MOZILLA,Configuration Bug Report
852072,Bugzilla,Not Configuration Bug Report,"Setting a flag (from attachment details, or while uploading an attachment) results in ""Missing bug ID""",https://bugzilla.mozilla.org/show_bug.cgi?id=852072,MOZILLA,Configuration Bug Report
169854,Bugzilla,Not Configuration Bug Report,review: More <link> elements & templatization of navigation_links; Patch v.1,169854,MOZILLA,Configuration Bug Report
5860,Core,Not Configuration Bug Report,[4.xP] GIF does not serve as link,5860,MOZILLA,Configuration Bug Report
9877,Core,Not Configuration Bug Report,Related Links titles get displayed over scroll bar arrows,9877,MOZILLA,Configuration Bug Report
13492,Core,Not Configuration Bug Report,Menu accesskey (shortcut key) info should be in DTD.,13492,MOZILLA,Configuration Bug Report
14783,Core,Not Configuration Bug Report,Make normally empty inline elements (e.g. named anchor) visible in editor,14783,MOZILLA,Configuration Bug Report
33971,Core,Not Configuration Bug Report,[REFLOW]Entire HTML content area repaints when mousing over a link,33971,MOZILLA,Configuration Bug Report
48142,Core,Not Configuration Bug Report,horizontal rules don't center correctly over a floating table,48142,MOZILLA,Configuration Bug Report
53381,Core,Not Configuration Bug Report,Italics are measured and rendered incorrectly,53381,MOZILLA,Configuration Bug Report
67497,Core,Not Configuration Bug Report,[MF][BTN][FIX]buttons text isn't shown when using HTML strict and css height,67497,MOZILLA,Configuration Bug Report
67499,Core,Not Configuration Bug Report,Javascript won't change image over frames,67499,MOZILLA,Configuration Bug Report
76238,Core,Not Configuration Bug Report,Suggested Baltic fonts are only iso-8859-4,76238,MOZILLA,Configuration Bug Report
85859,Core,Not Configuration Bug Report,Sun's Copy/Cut/Paste key don't work on HTML Editor,85859,MOZILLA,Configuration Bug Report
90527,Core,Not Configuration Bug Report,Lack of semicolons on escape characters causes browser to crash,90527,MOZILLA,Configuration Bug Report
93586,Core,Not Configuration Bug Report,Character coding can't be applied to the ALL frame of the homepage.,93586,MOZILLA,Configuration Bug Report
106056,Core,Not Configuration Bug Report,setting image source via dom methods no longer working,106056,MOZILLA,Configuration Bug Report
24599,Core,Not Configuration Bug Report,CJK titles/links on Sidebar Related Links displayed garbage,24599,MOZILLA,Configuration Bug Report
47520,Core,Not Configuration Bug Report,"Auto translate feature ""View Original"" shows a blank page",47520,MOZILLA,Configuration Bug Report
80268,Core ,Not Configuration Bug Report,"html form select is broken so cannot use Bugzilla for reporting, updating or querying bugs",https://Bugzilla.mozilla.org/show_bug.cgi?id=80268,MOZILLA,Configuration Bug Report
143917,Core ,Not Configuration Bug Report,Incorrect form submission on bug pages (wrong form submitted),https://bugzilla.mozilla.org/show_bug.cgi?id=143917,MOZILLA,Configuration Bug Report
596410,Core ,Not Configuration Bug Report,Shadow layers on android broken by bug 594553,https://bugzilla.mozilla.org/show_bug.cgi?id=596410,MOZILLA,Configuration Bug Report
866417,Firefox,Not Configuration Bug Report,Virtual keyboard taking full screen after bug 860318,https://bugzilla.mozilla.org/show_bug.cgi?id=866417,MOZILLA,Configuration Bug Report
72429,Graveyard,Not Configuration Bug Report,Bugzilla helper is broken,https://Bugzilla.mozilla.org/show_bug.cgi?id=72429,MOZILLA,Configuration Bug Report
172808,MailNews Core,Not Configuration Bug Report,words between < and > is not displayed (in bugmail),https://Bugzilla.mozilla.org/show_bug.cgi?id=172808,MOZILLA,Configuration Bug Report
211222,MailNews Core,Not Configuration Bug Report,Entering a # in the smtp auth username textbox results in the smtp servers name dissapearing from the smtp server dropdown list (Mozilla Mail 1.3),211222,MOZILLA,Configuration Bug Report
39033,Mozilla Localizations,Not Configuration Bug Report,<IFRAME> tag not supported correctly,39033,MOZILLA,Configuration Bug Report
119639,Mozilla Localizations,Not Configuration Bug Report,Mail & Nieuws | Account instellingen | Cancel->Annuleren,119639,MOZILLA,Configuration Bug Report
26869,SeaMonkey,Not Configuration Bug Report,Mac loses 4 pixels at top of browser window,26869,MOZILLA,Configuration Bug Report
33997,SeaMonkey,Not Configuration Bug Report,JA: A gray dotted outline appears around the edge of the pull-down menu and the submit buttons. .,33997,MOZILLA,Configuration Bug Report
34001,SeaMonkey,Not Configuration Bug Report,First pull-down menu form the top; when an idem is selected form this menu and you hit the go button the host is not resolved constantly.,34001,MOZILLA,Configuration Bug Report
34005,SeaMonkey,Not Configuration Bug Report,JA: Rakuten. The target page of the third link from bottom appears to have moved,34005,MOZILLA,Configuration Bug Report
34922,SeaMonkey,Not Configuration Bug Report,JA:PR2 there are two eBay links with same name,34922,MOZILLA,Configuration Bug Report
35014,SeaMonkey,Not Configuration Bug Report,DE:PR1 eBay item in pull-down list spelled wrong,35014,MOZILLA,Configuration Bug Report
35016,SeaMonkey,Not Configuration Bug Report,DE:PR1 eBay items in pull-down not alphabetized,35016,MOZILLA,Configuration Bug Report
35020,SeaMonkey,Not Configuration Bug Report,"DE:PR1 change ""Events"" to ""Highlights"" in eBay pull-down list",35020,MOZILLA,Configuration Bug Report
35078,SeaMonkey,Not Configuration Bug Report,"DE:PR1 ""investorworld-Finanzcommunity"" search problem",35078,MOZILLA,Configuration Bug Report
35539,SeaMonkey,Not Configuration Bug Report,DE: Investor World; Arrow image next to ‚ÄòAnmelden‚Äô appears too high,35539,MOZILLA,Configuration Bug Report
35599,SeaMonkey,Not Configuration Bug Report,DE:PR1 investorworld logo doesn't fit into panel,35599,MOZILLA,Configuration Bug Report
35671,SeaMonkey,Not Configuration Bug Report,DE:PR1 some sidebar items don't fit the default panel size,35671,MOZILLA,Configuration Bug Report
36586,SeaMonkey,Not Configuration Bug Report,Some content doesn't fit vertically in panels,36586,MOZILLA,Configuration Bug Report
37263,SeaMonkey,Not Configuration Bug Report,FR/DE:PR1 ALaFolie's background image is duplicated in tab window,37263,MOZILLA,Configuration Bug Report
37418,SeaMonkey,Not Configuration Bug Report,DE:PR1 alafolie.de not appearing in sidebar customization,37418,MOZILLA,Configuration Bug Report
37726,SeaMonkey,Not Configuration Bug Report,DE:PR1 alafoli.de links take user to FR pages,37726,MOZILLA,Configuration Bug Report
52470,SeaMonkey,Not Configuration Bug Report,Clicking off of Browser Menu selection doesn't close Warpzilla menus,52470,MOZILLA,Configuration Bug Report
74071,SeaMonkey,Not Configuration Bug Report,priority color should be for all text columns,74071,MOZILLA,Configuration Bug Report
91077,SeaMonkey,Not Configuration Bug Report,"""Hyper Text Markup Language"" should be ""HyperText Markup Language""",91077,MOZILLA,Configuration Bug Report
111309,SeaMonkey,Not Configuration Bug Report,Page location is not preserved when going back inside any tab after the 1st one,111309,MOZILLA,Configuration Bug Report
124625,SeaMonkey,Not Configuration Bug Report,Linked image files truncated to 16kB after editing image links in source view,124625,MOZILLA,Configuration Bug Report
190642,SeaMonkey,Not Configuration Bug Report,emails disappearing from mail folders,190642,MOZILLA,Configuration Bug Report
29793,SeaMonkey,Not Configuration Bug Report,Panels window is empty; cannot add new panels to Sidebar,29793,MOZILLA,Configuration Bug Report
39613,SeaMonkey,Not Configuration Bug Report,Default Sidebar Tabs open are not according to spec,39613,MOZILLA,Configuration Bug Report
52467,SeaMonkey,Not Configuration Bug Report,Default popup text and text background colours are difficult to read on Warpzilla.,52467,MOZILLA,Configuration Bug Report
52476,SeaMonkey,Not Configuration Bug Report,Incorrect build ID in Warpzilla titlebar,52476,MOZILLA,Configuration Bug Report
77660,SeaMonkey,Not Configuration Bug Report,"Cannot ""Grab"" separator bar in three-pane view to resize",77660,MOZILLA,Configuration Bug Report
36293,Tech Evangelism Graveyard,Not Configuration Bug Report,bil.lu - Page doesn't display everything,36293,MOZILLA,Configuration Bug Report
60732,Tech Evangelism Graveyard,Not Configuration Bug Report,JavaScript drop-down menus don't work,60732,MOZILLA,Configuration Bug Report
96222,Tech Evangelism Graveyard,Not Configuration Bug Report,Missing header images on Tiny Software web site.,96222,MOZILLA,Configuration Bug Report
152059,Tech Evangelism Graveyard,Not Configuration Bug Report,text when typing in input box is not viewable because it is too small,152059,MOZILLA,Configuration Bug Report
88433,Toolkit,Not Configuration Bug Report,The homepage field in my stored info will not get remembered.,88433,MOZILLA,Configuration Bug Report
1067,Log4j - Now in Jira,Not Configuration Bug Report ,Exception when using a badly formed layout,1067,APACHE ,Configuration Bug Report
50471,Fop - Now in Jira,Not Configuration Bug Report ,"Greek Extended character throwing ArrayIndexOutOfBoundException,",50471,APACHE ,Configuration Bug Report
44307,Lenya,Not Configuration Bug Report ,Exception when editing new German document with Kupu,44307,APACHE ,Configuration Bug Report
33516,Fop - Now in Jira,Not Configuration Bug Report ,"text-align=""end"" doesn't work properly",33516,APACHE ,Configuration Bug Report
35534,Fop - Now in Jira,Not Configuration Bug Report ,fo document output is placed in page margins,35534,APACHE ,Configuration Bug Report
34988,Lenya,Not Configuration Bug Report ,[info area] sitetree not reloaded after cut & paste,34988,APACHE ,Configuration Bug Report
41342,Lenya,Not Configuration Bug Report ,No UUIDs used for image links,41342,APACHE ,Configuration Bug Report
45503,Fop - Now in Jira,Not Configuration Bug Report ,Cannot find font if font family name contains space,45503,APACHE ,Configuration Bug Report
50089,Fop - Now in Jira,Not Configuration Bug Report ,Content after forced break in block-container is not rendered,50089,APACHE ,Configuration Bug Report
36432,Fop - Now in Jira,Not Configuration Bug Report,[PATCH] JAI image does not release all resources / LinkageError not caught,36432,APACHE,Configuration Bug Report
49281,Fop - Now in Jira,Not Configuration Bug Report,"Release version 1,0",49281,APACHE,Configuration Bug Report
42029,Fop - Now in Jira,Not Configuration Bug Report,"Wrong title on the FOP 0,93 Release Notes page",42029,APACHE,Configuration Bug Report
422117,Sirius,Not Configuration Bug Report,Create all the bugzilla milestones and versions for Sirius up to 1.0.0,https://bugs.eclipse.org/bugs/show_bug.cgi?id=422117,ECLIPSE,Configuration Bug Report
104677,WTP Java EE Tools,Not Configuration Bug Report,Evaluate use of utility classes for components and push down API to models,104677,ECLIPSE,Configuration Bug Report
216423,z_Archived,Not Configuration Bug Report,[Test Project] [Web] [Matrix] Update the TPTP Matrix and Bugzilla component owners.,https://bugs.eclipse.org/bugs/show_bug.cgi?id=216423,ECLIPSE,Configuration Bug Report
109807,z_Archived,Not Configuration Bug Report,Project summary,109807,ECLIPSE,Configuration Bug Report
159790,Bugzilla,Not Configuration Bug Report,2.18 Release Tracking Bug,https://Bugzilla.mozilla.org/show_bug.cgi?id=159790,MOZILLA,Configuration Bug Report
277515,Bugzilla,Not Configuration Bug Report,"Release Announcement for Bugzilla 2.18, 2.16.8, and 2.19.2",https://bugzilla.mozilla.org/show_bug.cgi?id=277515,MOZILLA,Configuration Bug Report
278298,Bugzilla,Not Configuration Bug Report,Release Notes for Bugzilla 2.16.8,https://bugzilla.mozilla.org/show_bug.cgi?id=278298,MOZILLA,Configuration Bug Report
329189,Bugzilla,Not Configuration Bug Report,"Release Bugzilla 2.20.2, 2.22, and 2.23.1",https://bugzilla.mozilla.org/show_bug.cgi?id=329189,MOZILLA,Configuration Bug Report
370732,Bugzilla,Not Configuration Bug Report,Update bugzilla-update.xml for Bugzilla 3.0 RC1,https://bugzilla.mozilla.org/show_bug.cgi?id=370732,MOZILLA,Configuration Bug Report
374620,Bugzilla,Not Configuration Bug Report,Release of Bugzilla 3.0,https://bugzilla.mozilla.org/show_bug.cgi?id=374620,MOZILLA,Configuration Bug Report
947150,Bugzilla,Not Configuration Bug Report,Release notes for Bugzilla 4.4.2,https://bugzilla.mozilla.org/show_bug.cgi?id=947150,MOZILLA,Configuration Bug Report
1072487,Bugzilla,Not Configuration Bug Report,"Release Bugzilla 4.5.6, 4.4.6, 4.2.11 and 4.0.15",https://bugzilla.mozilla.org/show_bug.cgi?id=1072487,MOZILLA,Configuration Bug Report
1118964,Bugzilla,Not Configuration Bug Report,"Release Bugzilla 5.0rc1, 4.4.7, 4.2.12, and 4.0.16",https://bugzilla.mozilla.org/show_bug.cgi?id=1118964,MOZILLA,Configuration Bug Report
7535,SeaMonkey,Not Configuration Bug Report,spec list of components required for each install/distribution package,7535,MOZILLA,Configuration Bug Report
51928,Fop - Now in Jira,Not Configuration Bug Report ,[PATCH] Upgrade to JUnit4,51928,APACHE,Configuration Bug Report
HTTPCORE-95,HttpComponents HttpCore,Not Configuration Bug Report,refactor HttpRequestExecutor and AsyncHttpProcessor,https://issues.apache.org/jira/browse/HTTPCORE-95?jql=issuetype%20%3D%20Bug%20AND%20status%20in%20(Resolved%2C%20Closed)%20AND%20text%20~%20%22interface%22%20ORDER%20BY%20cf%5B12310220%5D%20ASC%2C%20cf%5B12312823%5D%20ASC,APACHE ,Configuration Bug Report
HTTPCLIENT-51,HttpComponents HttpClient,Not Configuration Bug Report,Redefine HttpClient vs HttpMultiClient interface for 2.0,https://issues.apache.org/jira/browse/HTTPCLIENT-51?jql=issuetype%20%3D%20Bug%20AND%20status%20in%20(Resolved%2C%20Closed)%20AND%20text%20~%20%22interface%22%20ORDER%20BY%20cf%5B12310220%5D%20ASC%2C%20cf%5B12312823%5D%20ASC,APACHE ,Configuration Bug Report
15382,JMeter,Not Configuration Bug Report,Scripts using HTTP Redirects difficult to debug,https://bz.apache.org/bugzilla/show_bug.cgi?id=15382,APACHE ,Configuration Bug Report
INFRA-15500,Infrastracture,Not Configuration Bug Report,IP adresses banned/blacklisted on apache.org,https://issues.apache.org/jira/browse/INFRA-15500?jql=issuetype%20%3D%20Bug%20AND%20status%20in%20(Resolved%2C%20Closed)%20ORDER%20BY%20cf%5B12312823%5D%20ASC,APACHE ,Configuration Bug Report
STR-23,Struts,Not Configuration Bug Report,URL Encoding of jsessionid when browser supports cookies,https://issues.apache.org/jira/browse/STR-23?jql=issuetype%20%3D%20Bug%20AND%20status%20in%20(Resolved%2C%20Closed)%20ORDER%20BY%20cf%5B12310220%5D%20ASC%2C%20cf%5B12312823%5D%20ASC,APACHE ,Configuration Bug Report
CACTUS-9,Cactus,Not Configuration Bug Report,AutoReadHttpURLConnection automatically follows redirects,https://issues.apache.org/jira/browse/CACTUS-9?jql=issuetype%20%3D%20Bug%20AND%20status%20in%20(Resolved%2C%20Closed)%20ORDER%20BY%20cf%5B12310220%5D%20ASC%2C%20cf%5B12312823%5D%20ASC,APACHE ,Configuration Bug Report
STR-155,Struts,Not Configuration Bug Report,SSL connection gives error 500: NullPointerExeption at at org.apache.struts.taglib.html.LinkTag.hyperlink(LinkTag.java:497),https://issues.apache.org/jira/browse/STR-155?jql=issuetype%20%3D%20Bug%20AND%20status%20in%20(Resolved%2C%20Closed)%20ORDER%20BY%20cf%5B12310220%5D%20ASC%2C%20cf%5B12312823%5D%20ASC,APACHE ,Configuration Bug Report
STR-200,Struts,Not Configuration Bug Report,Connection Pool does not handle stale (closed) connections,https://issues.apache.org/jira/browse/STR-200?jql=issuetype%20%3D%20Bug%20AND%20status%20in%20(Resolved%2C%20Closed)%20ORDER%20BY%20cf%5B12310220%5D%20ASC%2C%20cf%5B12312823%5D%20ASC,APACHE ,Configuration Bug Report
JS2-382,Jetspeed,Not Configuration Bug Report,HTTP Status 403 - SecurityConstraintsImpl.checkConstraints(): Access for view not permitted,https://issues.apache.org/jira/browse/JS2-382?jql=issuetype%20%3D%20Bug%20AND%20status%20in%20(Resolved%2C%20Closed)%20AND%20text%20~%20%22interface%22%20ORDER%20BY%20cf%5B12310220%5D%20ASC%2C%20cf%5B12312823%5D%20ASC,APACHE ,Configuration Bug Report
HTTPCLIENT-560,HttpComponents HttpClient,Not Configuration Bug Report,entities and connection handling incomplete,https://issues.apache.org/jira/browse/HTTPCLIENT-560?jql=issuetype%20%3D%20Bug%20AND%20status%20in%20(Resolved%2C%20Closed)%20AND%20text%20~%20%22interface%22%20ORDER%20BY%20cf%5B12310220%5D%20ASC%2C%20cf%5B12312823%5D%20ASC,APACHE ,Configuration Bug Report
8996,Apache httpd-2,Not Configuration Bug Report,Incorrect bytes sent logged for aborted connection,8996,APACHE ,Configuration Bug Report
54690,Tomcat 7,Not Configuration Bug Report,"HTTPS BIO/NIO connector does not enable TLS 1,1 and TLS 1,2 by default",54690,APACHE ,Configuration Bug Report
58621,Tomcat 9,Not Configuration Bug Report,HTTP APR connector does not supply certificate chain,58621,APACHE ,Configuration Bug Report
40938,Tomcat Connectors,Not Configuration Bug Report,"IIS Tomcat Connector URL Rewrite only works in ""debug"" mode",40938,APACHE ,Configuration Bug Report
40965,Tomcat Connectors,Not Configuration Bug Report,Uninitialised jk_ws_service_t fields prevent AJP13 connection reuse and cause flushing,40965,APACHE ,Configuration Bug Report
41530,Tomcat 6,Not Configuration Bug Report,stopping a connector produces intermittent SocketException,41530,APACHE ,Configuration Bug Report
347610,Community,Not Configuration Bug Report,Major bug on EclipseCon NA 2011 web page : Unable to connect to the database server at this time.,https://bugs.eclipse.org/bugs/show_bug.cgi?id=347610,ECLIPSE,Configuration Bug Report
204216,Data Tools,Not Configuration Bug Report,DSE connections should be registered in SQL Debugger framework,https://bugs.eclipse.org/bugs/show_bug.cgi?id=204216,ECLIPSE,Configuration Bug Report
197579,PDT,Not Configuration Bug Report,Window > Preferences > PHP > Debug will break if an invalid server config is entered and cannot be fixed,https://bugs.eclipse.org/bugs/show_bug.cgi?id=197579,ECLIPSE,Configuration Bug Report
169060,PDT,Not Configuration Bug Report,When connecting to a non-existing debugger or wrong version debugger - no message appears,https://bugs.eclipse.org/bugs/show_bug.cgi?id=169060,ECLIPSE,Configuration Bug Report
478402,PDT,Not Configuration Bug Report,Debugging with xDebug over SSH Tunnel doesn't work,https://bugs.eclipse.org/bugs/show_bug.cgi?id=478402,ECLIPSE,Configuration Bug Report
137052,WPT ServerTools,Not Configuration Bug Report,Two “Generic Server” entries in Run/Debug dialog,https://bugs.eclipse.org/bugs/show_bug.cgi?id=137052,ECLIPSE,Configuration Bug Report
145538,WPT ServerTools,Not Configuration Bug Report,"""Restart the server"" option in ""Run/Debug/Profile On Server"" dialog",https://bugs.eclipse.org/bugs/show_bug.cgi?id=145538,ECLIPSE,Configuration Bug Report
100441,WTP Java EE Tools,Not Configuration Bug Report,class path errors after ejb jar import with server target,100441,ECLIPSE,Configuration Bug Report
62674,z_Archived,Not Configuration Bug Report,SSL recording no longer works,62674,ECLIPSE,Configuration Bug Report
111015,z_Archived,Not Configuration Bug Report,[Regression; Linux] Socket reader class receives -1 and disconnects connection,111015,ECLIPSE,Configuration Bug Report
233121,z_Archived,Not Configuration Bug Report,[tml][protocol][bug] There is no support for proxies when connecting the protocol,https://bugs.eclipse.org/bugs/show_bug.cgi?id=233121,ECLIPSE,Configuration Bug Report
187020,Camino Graveyard,Not Configuration Bug Report,the connection was refused message should ignore ip addressess == 0.0.0.0,187020,MOZILLA,Configuration Bug Report
24711,Core,Not Configuration Bug Report,HTTP needs to arbitrarily retrieve data,24711,MOZILLA,Configuration Bug Report
18434,Core,Not Configuration Bug Report,[Dogfood]Need to implement nsHTTPChannel::OpenInputStream,18434,MOZILLA,Configuration Bug Report
73016,Core ,Not Configuration Bug Report,Unable to file/update bugs in bugzilla,https://Bugzilla.mozilla.org/show_bug.cgi?id=73016,MOZILLA,Configuration Bug Report
96480,Core ,Not Configuration Bug Report,we're sometimes submitting the wrong thing to bugzilla,https://Bugzilla.mozilla.org/show_bug.cgi?id=96480,MOZILLA,Configuration Bug Report
718541,Core ,Not Configuration Bug Report,Can't build a working optimized Windows from trunk since bug 715821 landed; resulting build crashes on startup and attempting to build installer crashes during build,https://bugzilla.mozilla.org/show_bug.cgi?id=718541,MOZILLA,Configuration Bug Report
322987,Graveyard,Not Configuration Bug Report,Enable SSL on landfill.bugzilla.org (for QA testing),https://bugzilla.mozilla.org/show_bug.cgi?id=322987,MOZILLA,Configuration Bug Report
611133,Graveyard,Not Configuration Bug Report,BzAPI cannot connect to bugzilla.mozilla.org,https://bugzilla.mozilla.org/show_bug.cgi?id=611133,MOZILLA,Configuration Bug Report
420007,Graveyard,Not Configuration Bug Report,fxdbug-linux-tbox wont restart,https://bugzilla.mozilla.org/show_bug.cgi?id=420007,MOZILLA,Configuration Bug Report
608618,Graveyard,Not Configuration Bug Report,"""Internal Server Error"" messages when loading pages from bugzilla.mozilla.org",https://bugzilla.mozilla.org/show_bug.cgi?id=608618,MOZILLA,Configuration Bug Report
730947,MailNews Core,Not Configuration Bug Report,"local (POP3) move filter ends up corrupting messages, even after fix of bug 736539",https://bugzilla.mozilla.org/show_bug.cgi?id=730947,MOZILLA,Configuration Bug Report
824459,MailNews Core,Not Configuration Bug Report,"Thunderbird build is broken after Bug 807678 (error: no matching function for call to ‘nsIDNSRecord::GetNextAddr(int, PRNetAddr*)’)",https://bugzilla.mozilla.org/show_bug.cgi?id=824459,MOZILLA,Configuration Bug Report
54816,Tech Evangelism Graveyard,Not Configuration Bug Report,mozilla not identified,54816,MOZILLA,Configuration Bug Report
44255,Fop - Now in Jira,Not Configuration Bug Report,Data URI Support for RTF ExternalGraphic Throws Null Pointer Exception,44255,APACHE ,Configuration Bug Report
49678,APR,Not Configuration Bug Report,getRemoteAddr() returns IPv6 address on RedHat 9 when IPv6 is disabled,49678,APACHE ,Configuration Bug Report
35081,Apache httpd-2,Not Configuration Bug Report,"buffer overrun in ssl_callback_SSLVerify_CRL( ) (ssl_engine_kernel,c)",35081,APACHE ,Configuration Bug Report
658503,MailNews Core,Not Configuration Bug Report,Landing of |Bug 654201 - avoid nsHttpConnection::IsAlive() running event loop for unused SSL connections| broke nsImapProtocol,https://bugzilla.mozilla.org/show_bug.cgi?id=658503,MOZILLA,Configuration Bug Report
SVN-472,Subversion,Not Configuration Bug Report,"""svn up"" fails if too much svndiff data received",https://issues.apache.org/jira/browse/SVN-472?jql=issuetype%20%3D%20Bug%20AND%20status%20in%20(Resolved%2C%20Closed)%20ORDER%20BY%20cf%5B12310220%5D%20ASC%2C%20cf%5B12312823%5D%20ASC,APACHE ,Configuration Bug Report
XERCESC-211,Xerces-C++,Not Configuration Bug Report,Memory allocation problem in DOMString class,https://issues.apache.org/jira/browse/XERCESC-211?jql=issuetype%20%3D%20Bug%20AND%20status%20in%20(Resolved%2C%20Closed)%20ORDER%20BY%20cf%5B12310220%5D%20ASC%2C%20cf%5B12312823%5D%20ASC,APACHE ,Configuration Bug Report
XERCESC-33,Xerces-C++,Not Configuration Bug Report,memory leaks in DOM_Element::setAttribute,https://issues.apache.org/jira/browse/XERCESC-33?jql=issuetype%20%3D%20Bug%20AND%20status%20in%20(Resolved%2C%20Closed)%20ORDER%20BY%20cf%5B12310220%5D%20ASC%2C%20cf%5B12312823%5D%20ASC,APACHE ,Configuration Bug Report
XERCESC-102,Xerces-C++,Not Configuration Bug Report,Huge performance problem with the parser in XMLScanner::sendCharData(),https://issues.apache.org/jira/browse/XERCESC-102?jql=issuetype%20%3D%20Bug%20AND%20status%20in%20(Resolved%2C%20Closed)%20ORDER%20BY%20cf%5B12310220%5D%20ASC%2C%20cf%5B12312823%5D%20ASC,APACHE ,Configuration Bug Report
JELLY-148,Commons Jelly,Not Configuration Bug Report,Huge memory leak resulting from the use of ThreadLocal,https://issues.apache.org/jira/browse/JELLY-148?jql=issuetype%20%3D%20Bug%20AND%20status%20in%20(Resolved%2C%20Closed)%20AND%20text%20~%20%22interface%22%20ORDER%20BY%20cf%5B12310220%5D%20ASC%2C%20cf%5B12312823%5D%20ASC,APACHE ,Configuration Bug Report
46319,Fop - Now in Jira,Not Configuration Bug Report,OutOfMemoryError after generating several thousand pdfs,46319,APACHE ,Configuration Bug Report
1179,ORO,Not Configuration Bug Report,"Infinite loop when matching regular expression (Jakarta-ORO v2,0,1)",1179,APACHE ,Configuration Bug Report
39282,Apache httpd-2,Not Configuration Bug Report,read of unitialized memory,39282,APACHE ,Configuration Bug Report
35750,Ant,Not Configuration Bug Report,Memory leak in JUnit task,35750,APACHE ,Configuration Bug Report
46849,Fop - Now in Jira,Not Configuration Bug Report,OutOfMemory or NullPointer exception with short xml/xsl-fo,46849,APACHE ,Configuration Bug Report
45862,Fop - Now in Jira,Not Configuration Bug Report,StackOverflow problem when using FOP in multi threaded environment,45862,APACHE ,Configuration Bug Report
37898,Lenya,Not Configuration Bug Report,FilePolicyManager infinite loop,37898,APACHE ,Configuration Bug Report
54128,Ant,Not Configuration Bug Report,"Ant 1,8 exec task changes have slowed exec to a crawl",54128,APACHE ,Configuration Bug Report
35478,Fop - Now in Jira,Not Configuration Bug Report,Attribute number-columns-spanned leads to the endless loop,35478,APACHE ,Configuration Bug Report
47873,Apache httpd-2,Not Configuration Bug Report,unreliable coordination between daemon and request thread for BusyTimeout processing,47873,APACHE ,Configuration Bug Report
44286,Fop - Now in Jira,Not Configuration Bug Report,XMLWhiteSpaceHandler leaks memory,44286,APACHE ,Configuration Bug Report
290412,Java Server Faces,Not Configuration Bug Report,Performance problem in method TypeUtil.resolveInParents(),https://bugs.eclipse.org/bugs/show_bug.cgi?id=290412,ECLIPSE,Configuration Bug Report
228448,MTJ,Not Configuration Bug Report,[eclipseme] Include EclipseME 1.7.9 bug fix,https://bugs.eclipse.org/bugs/show_bug.cgi?id=228448,ECLIPSE,Configuration Bug Report
290152,PDT,Not Configuration Bug Report,Error when debugging using xDebug,https://bugs.eclipse.org/bugs/show_bug.cgi?id=290152,ECLIPSE,Configuration Bug Report
28343,Platform,Not Configuration Bug Report,[Decorators] UI freezes while checking out project,28343,ECLIPSE,Configuration Bug Report
186255,STEM,Not Configuration Bug Report,"Bug in computation of Standard Disease Models, possible underflow for extreme parameters",https://bugs.eclipse.org/bugs/show_bug.cgi?id=186255,ECLIPSE,Configuration Bug Report
95960,WTP Source Editing,Not Configuration Bug Report,JSP Editor: Memory leaking after a working a few hours with jsp files,95960,ECLIPSE,Configuration Bug Report
116027,z_Archived,Not Configuration Bug Report,infinite loop when trying to initialize datapool with CSV containing embedded commas in fields,116027,ECLIPSE,Configuration Bug Report
111402,z_Archived,Not Configuration Bug Report,New PC fails testing with PCTestAgent sending error to self,111402,ECLIPSE,Configuration Bug Report
111491,z_Archived,Not Configuration Bug Report,Performance concerns in the application context system,111491,ECLIPSE,Configuration Bug Report
113617,z_Archived,Not Configuration Bug Report,New AC passes bad environment to process being launched,113617,ECLIPSE,Configuration Bug Report
59288,z_Archived,Not Configuration Bug Report,Object references are not collected,59288,ECLIPSE,Configuration Bug Report
91218,z_Archived,Not Configuration Bug Report,(MON) GLA performance degradation reported by downstream product,91218,ECLIPSE,Configuration Bug Report
98295,z_Archived,Not Configuration Bug Report,SWT container goes into infinite loop - NewClassCreationWizard Fails,98295,ECLIPSE,Configuration Bug Report
56347,z_Archived,Not Configuration Bug Report,M9 Profiling options not applied,56347,ECLIPSE,Configuration Bug Report
177812,Bugzilla,Not Configuration Bug Report,review: Improve performance of duplicates.cgi; Patch v.2,177812,MOZILLA,Configuration Bug Report
3462,Core,Not Configuration Bug Report,Multiple Threads Are Loaded,3462,MOZILLA,Configuration Bug Report
177326,Core,Not Configuration Bug Report,Mozilla rapidly repeats requests multiple times,177326,MOZILLA,Configuration Bug Report
206561,Core,Not Configuration Bug Report,Memory leak on www.bhun.net,206561,MOZILLA,Configuration Bug Report
18250,Core,Not Configuration Bug Report,[Performance] Speed up loading of bookmarks.html,18250,MOZILLA,Configuration Bug Report
82245,Core,Not Configuration Bug Report,Takes several reloads for web page to load fully,82245,MOZILLA,Configuration Bug Report
85314,Core,Not Configuration Bug Report,Necko Performance Review,85314,MOZILLA,Configuration Bug Report
992485,Core ,Not Configuration Bug Report,"Reduce the size of debug browser-chrome logs, exceeding the maximum log size and thus closing trunk and aurora trees",https://bugzilla.mozilla.org/show_bug.cgi?id=992485,MOZILLA,Configuration Bug Report
1059175,Core ,Not Configuration Bug Report,B2G-Inbound closed due to ICS Emulator Debug Mochitests Leaks in most of the tests,https://bugzilla.mozilla.org/show_bug.cgi?id=1059175,MOZILLA,Configuration Bug Report
208293,Rhino,Not Configuration Bug Report,Loading a large script in the Rhino debugger results in an endless loop (100% CPU utilization),https://Bugzilla.mozilla.org/show_bug.cgi?id=208293,MOZILLA,Configuration Bug Report
16666,SeaMonkey,Not Configuration Bug Report,large number of process sections,16666,MOZILLA,Configuration Bug Report
234521,Thunderbird,Not Configuration Bug Report,Building process while compiling in NsModule.cpp - related to bugfix for bug 182928 ?,https://Bugzilla.mozilla.org/show_bug.cgi?id=234521,MOZILLA,Configuration Bug Report
LUCENE-6,Lucene,Not Configuration Bug Report,new IndexReader.terms(myterm) skips over first term,https://issues.apache.org/jira/browse/LUCENE-6?jql=issuetype%20%3D%20Bug%20AND%20status%20in%20(Resolved%2C%20Closed)%20ORDER%20BY%20cf%5B12310220%5D%20ASC%2C%20cf%5B12312823%5D%20ASC,APACHE ,Configuration Bug Report
XALANJ-642,XalanJ2,Not Configuration Bug Report,xerces2b3: smoketest api tests add &#13; char to lineends,https://issues.apache.org/jira/browse/XALANJ-642?jql=issuetype%20%3D%20Bug%20AND%20status%20in%20(Resolved%2C%20Closed)%20ORDER%20BY%20cf%5B12310220%5D%20ASC%2C%20cf%5B12312823%5D%20ASC,APACHE ,Configuration Bug Report
XALANC-55,XalanC,Not Configuration Bug Report,Access violation in DOMServices::getNamespaceForPrefix (DOMServices.cpp:759),https://issues.apache.org/jira/browse/XALANC-55?jql=issuetype%20%3D%20Bug%20AND%20status%20in%20(Resolved%2C%20Closed)%20ORDER%20BY%20cf%5B12310220%5D%20ASC%2C%20cf%5B12312823%5D%20ASC,APACHE ,Configuration Bug Report
STR-287,Struts,Not Configuration Bug Report,deprecated example code for form,https://issues.apache.org/jira/browse/STR-287?jql=issuetype%20%3D%20Bug%20AND%20status%20in%20(Resolved%2C%20Closed)%20ORDER%20BY%20cf%5B12310220%5D%20ASC%2C%20cf%5B12312823%5D%20ASC,APACHE ,Configuration Bug Report
20312,Apache httpd-2,Not Configuration Bug Report,mod_rewrite; RewriteLock permissions failure,20312,APACHE ,Configuration Bug Report
34954,Slide,Not Configuration Bug Report,[PATCH] (Almost) silent failure of grantPermission in RDBMS adapters,34954,APACHE ,Configuration Bug Report
34951,Slide,Not Configuration Bug Report,[PATCH] Permission management uses wrong URI in RDBMS adapters,34951,APACHE ,Configuration Bug Report
40389,Lenya,Not Configuration Bug Report,"obsolete neutron usecase policy in the default pub,",40389,APACHE ,Configuration Bug Report
41193,Apache httpd-2,Not Configuration Bug Report,Remove useless call,41193,APACHE ,Configuration Bug Report
35757,Apache httpd-2,Not Configuration Bug Report,"Doesn't compile with OpenSSL 0,9,8 (works with olders)",35757,APACHE ,Configuration Bug Report
32371,Tomcat 5,Not Configuration Bug Report,"Outdated documentation pages,",32371,APACHE ,Configuration Bug Report
80110,EMF,Not Configuration Bug Report,setTrackModification(boolean) not deprecated; but does not work,80110,ECLIPSE,Configuration Bug Report
103397,WTP Java EE Tools,Not Configuration Bug Report,Migrate Servlet operation to new data model provider framework,103397,ECLIPSE,Configuration Bug Report
161410,WTP Webservices,Not Configuration Bug Report,[WSDL4J] org.wsdl4j plugin uses obsolete WSDL MIME binding schema,https://bugs.eclipse.org/bugs/show_bug.cgi?id=161410,ECLIPSE,Configuration Bug Report
189290,STEM,Not Configuration Bug Report,New warning messages for deprecated code in 3.3RC1,189290,ECLIPSE,Configuration Bug Report
413861,z_Archiv,Not Configuration Bug Report,Deprecate Transfer.State in favor of transfer-specific listener,413861,ECLIPSE,Configuration Bug Report
492320,PDT,Not Configuration Bug Report,Remove deprecated AbstractPDTTTest,492320,ECLIPSE,Configuration Bug Report
200791,ECF,Not Configuration Bug Report,"[Discovery] Deprecate ""String IServiceID#getServiceType"" in favor of ""IServiceTypeID IServiceID#getServiceTypeID""",200791,ECLIPSE,Configuration Bug Report
421586,Scout,Not Configuration Bug Report,Remove deprecated Code for Scout 3.10/4.0,421586,ECLIPSE,Configuration Bug Report
497578,PDT,Not Configuration Bug Report,"Deprecate the ""version"" attribute of the phpExe ext. point",497578,ECLIPSE,Configuration Bug Report
219732,Data Too,Not Configuration Bug Report,Filtering of Deprecated and Wrapper ODA Data Source Types in DSE,219732,ECLIPSE,Configuration Bug Report
434036,z_Archiv,Not Configuration Bug Report,Delete deprecated org.eclipse.aether.util.repository.layout package,434036,ECLIPSE,Configuration Bug Report
508324,Papyrus,Not Configuration Bug Report,Delete deprecated class DiagramsUtil,508324,ECLIPSE,Configuration Bug Report
286050,Epsilon,Not Configuration Bug Report,[EGL] Deprecate store in favour of generate,286050,ECLIPSE,Configuration Bug Report
434037,z_Archiv,Not Configuration Bug Report,Delete deprecated org.eclipse.aether.spi.connector.Transfer.State enum,434037,ECLIPSE,Configuration Bug Report
510092,Papyrus,Not Configuration Bug Report,Remove deprecated class DestructionEventHelperAdvice,510092,ECLIPSE,Configuration Bug Report
325541,EMF,Not Configuration Bug Report,[Hibernate] CVS: Move hibernate example plugins from deprecated to other location in cvs,325541,ECLIPSE,Configuration Bug Report
436363,Scout,Not Configuration Bug Report,Deprecate and cleanup ordered bundle list,436363,ECLIPSE,Configuration Bug Report
353261,Sapphire,Not Configuration Bug Report,Implement FactsService for @Deprecated,353261,ECLIPSE,Configuration Bug Report
479415,ECP,Not Configuration Bug Report,Remove all usage of deprecated SWTObservables,479415,ECLIPSE,Configuration Bug Report
76614,z_Archiv,Not Configuration Bug Report,Much of Probekit uses deprecated APIs,76614,ECLIPSE,Configuration Bug Report
395132,Scout,Not Configuration Bug Report,Mark @ConfigPropertyValue as deprecated,395132,ECLIPSE,Configuration Bug Report
472138,NatTable,Not Configuration Bug Report,Use MouseEventHelper and deprecate AbstractModeEventHandler#eventOnSameCell(),472138,ECLIPSE,Configuration Bug Report
400549,Jubula,Not Configuration Bug Report,New version of UBMs not including any deprecated modules,400549,ECLIPSE,Configuration Bug Report
473530,PDT,Not Configuration Bug Report,Pupulate deprecated flag to type members,473530,ECLIPSE,Configuration Bug Report
78453,Bugzilla,Not Configuration Bug Report,Enable additional permission for Jon Rubin's bugzilla account,78453,MOZILLA,Configuration Bug Report
603139,Core ,Not Configuration Bug Report,Bug 599428 broke Thunderbird and Sunbird builds,https://bugzilla.mozilla.org/show_bug.cgi?id=603139,MOZILLA,Configuration Bug Report
79278,Graveyard,Not Configuration Bug Report,Fix for bug 15345 breaks webclient and javadom,https://Bugzilla.mozilla.org/show_bug.cgi?id=79278,MOZILLA,Configuration Bug Report
489659,MailNews Core,Not Configuration Bug Report,Trunk mailnews mac builds broken by bug 489344 (port uriloader to x86_64 Mac OS X),https://bugzilla.mozilla.org/show_bug.cgi?id=489659,MOZILLA,Configuration Bug Report
COCOON-125,Cocoon,Not Configuration Bug Report,Java SecurityManager java.lang.RuntimePermission createSecurityManager required for cocoon 2,https://issues.apache.org/jira/browse/COCOON-125?jql=issuetype%20%3D%20Bug%20AND%20status%20in%20(Resolved%2C%20Closed)%20AND%20text%20~%20%22security%22%20ORDER%20BY%20cf%5B12310220%5D%20ASC%2C%20cf%5B12312823%5D%20ASC,APACHE ,Configuration Bug Report
JSI-68,Jetspeed,Not Configuration Bug Report,Admin resetting password when encryption is turned on,https://issues.apache.org/jira/browse/JS1-68?jql=issuetype%20%3D%20Bug%20AND%20status%20in%20(Resolved%2C%20Closed)%20AND%20text%20~%20%22security%22%20ORDER%20BY%20cf%5B12310220%5D%20ASC%2C%20cf%5B12312823%5D%20ASC,APACHE ,Configuration Bug Report
JSI-279,Jetspeed,Not Configuration Bug Report,[FIX] Default security constraint can override registry-level portlet security,https://issues.apache.org/jira/browse/JS1-279?jql=issuetype%20%3D%20Bug%20AND%20status%20in%20(Resolved%2C%20Closed)%20AND%20text%20~%20%22security%22%20ORDER%20BY%20cf%5B12310220%5D%20ASC%2C%20cf%5B12312823%5D%20ASC,APACHE ,Configuration Bug Report
WSS-33,WSS4J,Not Configuration Bug Report,Signature checking vulnerability,https://issues.apache.org/jira/browse/WSS-33?jql=issuetype%20%3D%20Bug%20AND%20status%20in%20(Resolved%2C%20Closed)%20AND%20text%20~%20%22interface%22%20ORDER%20BY%20cf%5B12310220%5D%20ASC%2C%20cf%5B12312823%5D%20ASC,APACHE ,Configuration Bug Report
SOAP-98,SOAP,Not Configuration Bug Report,JVM crashes with unexpected exception in native code,https://issues.apache.org/jira/browse/SOAP-98?jql=issuetype%20%3D%20Bug%20AND%20status%20in%20(Resolved%2C%20Closed)%20AND%20text%20~%20%22security%22%20ORDER%20BY%20cf%5B12310220%5D%20ASC%2C%20cf%5B12312823%5D%20ASC,APACHE ,Configuration Bug Report
41510,Security - Now in JIRA,Not Configuration Bug Report,"org,apache,xml,security,keys,content,KeyValue,getPublicKey() returns null for DSA key",41510,APACHE ,Configuration Bug Report
41462,Security - Now in JIRA,Not Configuration Bug Report,"Xml canonization - UTF-8 encoding issue in Xml security 1,4,0",41462,APACHE ,Configuration Bug Report
37631,Lenya,Not Configuration Bug Report,"[Patch] Disable cocoon reload parameter for security reasons,",37631,APACHE ,Configuration Bug Report
53636,Rivet,Not Configuration Bug Report,Security access to server and database,53636,APACHE ,Configuration Bug Report
40215,Security - Now in JIRA,Not Configuration Bug Report,"org,apache,xml,internal,security,utils,Base64 is not working in EBCDIC platform",40215,APACHE ,Configuration Bug Report
10902,Tomcat 4,Not Configuration Bug Report,"""package.access"" security check too general for Jasper - precompiled JSPs get package-access violation",10902,APACHE ,Configuration Bug Report
11317,Security - Now in JIRA,Not Configuration Bug Report,SOAP Security,11317,APACHE ,Configuration Bug Report
12054,Apache httpd-2,Not Configuration Bug Report,SECURITY: Apache serving 'private' files!,12054,APACHE ,Configuration Bug Report
12822,Apache httpd-1.3,Not Configuration Bug Report,documentation suggests insecure file permissions,12822,APACHE ,Configuration Bug Report
14892,Apache httpd-2,Not Configuration Bug Report,security tips should suggest subscribing to announcements list,14892,APACHE ,Configuration Bug Report
29595,Security - Now in JIRA,Not Configuration Bug Report,Memory retention problem in XMLSecurity 1.1.0 java library,29595,APACHE ,Configuration Bug Report
37631,Lenya,Not Configuration Bug Report,[Patch] Disable cocoon reload parameter for security reasons.,37631,APACHE ,Configuration Bug Report
41318,Tomcat Connectors,Not Configuration Bug Report,JK Status Worker Security User Case Problem in Windows,41318,APACHE ,Configuration Bug Report
41462,Security - Now in JIRA,Not Configuration Bug Report,Xml canonization - UTF-8 encoding issue in Xml security 1.4.0,41462,APACHE ,Configuration Bug Report
41510,Security - Now in JIRA,Not Configuration Bug Report,org.apache.xml.security.keys.content.KeyValue.getPublicKey() returns null for DSA key,41510,APACHE ,Configuration Bug Report
41892,Security - Now in JIRA,Not Configuration Bug Report,XML Security 1.4.0 does not build with IBM's JDK,41892,APACHE ,Configuration Bug Report
53636,Rivet,Not Configuration Bug Report,Security access to server and database,53636,APACHE ,Configuration Bug Report
10902,Tomcat 4,Not Configuration Bug Report,"""package.access"" security check too general for Jasper - precompiled JSPs get package-access violation",10902,APACHE ,Configuration Bug Report
11317,Security - Now in JIRA,Not Configuration Bug Report,SOAP Security,11317,APACHE ,Configuration Bug Report
12054,Apache httpd-2,Not Configuration Bug Report,SECURITY: Apache serving 'private' files!,12054,APACHE ,Configuration Bug Report
12822,Apache httpd-1.3,Not Configuration Bug Report,documentation suggests insecure file permissions,12822,APACHE ,Configuration Bug Report
14892,Apache httpd-2,Not Configuration Bug Report,security tips should suggest subscribing to announcements list,14892,APACHE ,Configuration Bug Report
29595,Security - Now in JIRA,Not Configuration Bug Report,Memory retention problem in XMLSecurity 1.1.0 java library,29595,APACHE ,Configuration Bug Report
37631,Lenya,Not Configuration Bug Report,[Patch] Disable cocoon reload parameter for security reasons.,37631,APACHE ,Configuration Bug Report
41318,Tomcat Connectors,Not Configuration Bug Report,JK Status Worker Security User Case Problem in Windows,41318,APACHE ,Configuration Bug Report
41462,Security - Now in JIRA,Not Configuration Bug Report,Xml canonization - UTF-8 encoding issue in Xml security 1.4.0,41462,APACHE ,Configuration Bug Report
41510,Security - Now in JIRA,Not Configuration Bug Report,org.apache.xml.security.keys.content.KeyValue.getPublicKey() returns null for DSA key,41510,APACHE ,Configuration Bug Report
41892,Security - Now in JIRA,Not Configuration Bug Report,XML Security 1.4.0 does not build with IBM's JDK,41892,APACHE ,Configuration Bug Report
53636,Rivet,Not Configuration Bug Report,Security access to server and database,53636,APACHE ,Configuration Bug Report
16237,Bugzilla,Not Configuration Bug Report,Store author of comment as user id,16237,MOZILLA,Configuration Bug Report
328108,Bugzilla,Not Configuration Bug Report,Unable to login on a fresh Bugzilla install using the login form on the home page,https://bugzilla.mozilla.org/show_bug.cgi?id=328108,MOZILLA,Configuration Bug Report
425110,Bugzilla,Not Configuration Bug Report,"Security Advisory for Bugzilla 3.0.4, 3.1.4, 2.22.4, and 2.20.6",https://bugzilla.mozilla.org/show_bug.cgi?id=425110,MOZILLA,Configuration Bug Report
503046,Bugzilla,Not Configuration Bug Report,Security Advisory for Bugzilla 3.2.4 and 3.4rc1,https://bugzilla.mozilla.org/show_bug.cgi?id=503046,MOZILLA,Configuration Bug Report
777558,Bugzilla,Not Configuration Bug Report,"Security advisory for Bugzilla 4.3.2, 4.2.2, 4.0.7 and 3.6.10",https://bugzilla.mozilla.org/show_bug.cgi?id=777558,MOZILLA,Configuration Bug Report
28824,Core,Not Configuration Bug Report,automated security audit of the code,28824,MOZILLA,Configuration Bug Report
762920,Core ,Not Configuration Bug Report,Bug 754202 regressed IsCapabilityEnabled,https://bugzilla.mozilla.org/show_bug.cgi?id=762920,MOZILLA,Configuration Bug Report
30853,SeaMonkey,Not Configuration Bug Report,file protections are wrong,30853,MOZILLA,Configuration Bug Report
105193,z_Archived,Not Configuration Bug Report ,[Functionality] Port file transfer service changes (bugzilla 75002) to secure file server,https://bugs.eclipse.org/bugs/show_bug.cgi?id=105193,ECLIPSE,Configuration Bug Report
95846,z_Archived,Not Configuration Bug Report ,[Security] Test execution does not work with secure RAC,95846,ECLIPSE,Configuration Bug Report
XALANC-33,XalanC,Not Configuration Bug Report,"Test crashes when run multithreaded, but not when run serially",https://issues.apache.org/jira/browse/XALANC-33?jql=issuetype%20%3D%20Bug%20AND%20status%20in%20(Resolved%2C%20Closed)%20ORDER%20BY%20cf%5B12310220%5D%20ASC%2C%20cf%5B12312823%5D%20ASC,APACHE ,Configuration Bug Report
CACTUS-6,Cactus,Not Configuration Bug Report,tearDown() not called when test method fails,https://issues.apache.org/jira/browse/CACTUS-6?jql=issuetype%20%3D%20Bug%20AND%20status%20in%20(Resolved%2C%20Closed)%20ORDER%20BY%20cf%5B12310220%5D%20ASC%2C%20cf%5B12312823%5D%20ASC,APACHE ,Configuration Bug Report
CACTUS-4,Cactus,Not Configuration Bug Report,Test results requested before they are available,https://issues.apache.org/jira/browse/CACTUS-4?jql=issuetype%20%3D%20Bug%20AND%20status%20in%20(Resolved%2C%20Closed)%20AND%20text%20~%20%22interface%22%20ORDER%20BY%20cf%5B12310220%5D%20ASC%2C%20cf%5B12312823%5D%20ASC,APACHE ,Configuration Bug Report
XERCESJ-514,Xerces2-J,Not Configuration Bug Report,Error by appending a text node to a child,https://issues.apache.org/jira/browse/XERCESJ-514?jql=issuetype%20%3D%20Bug%20AND%20status%20in%20(Resolved%2C%20Closed)%20AND%20text%20~%20%22interface%22%20ORDER%20BY%20cf%5B12310220%5D%20ASC%2C%20cf%5B12312823%5D%20ASC,APACHE ,Configuration Bug Report
686,Ant,Not Configuration Bug Report,JUnitReport does not work,686,APACHE ,Configuration Bug Report
1386,JMeter,Not Configuration Bug Report,"Broken link to ""Running a test script""",1386,APACHE ,Configuration Bug Report
639,Ant,Not Configuration Bug Report,JUnitTestRunner masks exceptions,639,APACHE ,Configuration Bug Report
1297,JMeter,Not Configuration Bug Report,"ClassCastException Testing Database in 1,6",1297,APACHE ,Configuration Bug Report
40298,Security - Now in JIRA,Not Configuration Bug Report,"XMLCipherTester,testSameDocumentCipherReference test fails (regression)",40298,APACHE ,Configuration Bug Report
36025,Fop - Now in Jira,Not Configuration Bug Report,[PATCH] font-size testcases,36025,APACHE ,Configuration Bug Report
51596,Fop - Now in Jira,Not Configuration Bug Report,[PATCH] Cleanup and tests to TTFFile (subsetting Glyf),51596,APACHE ,Configuration Bug Report
36010,Fop - Now in Jira,Not Configuration Bug Report,[PATCH] word-spacing testcases,36010,APACHE ,Configuration Bug Report
53396,Rivet,Not Configuration Bug Report,Tests don't run on Solaris (id command has different output format),53396,APACHE ,Configuration Bug Report
36180,Fop - Now in Jira,Not Configuration Bug Report,[PATCH] Test cases for font-family; font-style and font-weight,36180,APACHE ,Configuration Bug Report
50397,JMeter,Not Configuration Bug Report,Test datas,50397,APACHE ,Configuration Bug Report
543,Ant,Not Configuration Bug Report,NullPointerException in junit task,543,APACHE ,Configuration Bug Report
49808,Fop - Now in Jira,Not Configuration Bug Report,Setting accessibility in Java,49808,APACHE ,Configuration Bug Report
115102,Community,Not Configuration Bug Report,Presentation Files,115102,ECLIPSE,Configuration Bug Report
234953,Dali JPA Tools,Not Configuration Bug Report,TVT34:TCT611: TRK-No data in the JPA details window,https://bugs.eclipse.org/bugs/show_bug.cgi?id=234953,ECLIPSE,Configuration Bug Report
369035,EMFT.facet,Not Configuration Bug Report,[Unit Test Failure] org.eclipse.emf.facet.widgets.table.tests.internal.v0_2.swtbot.Bug344563Test.testBug344563,https://bugs.eclipse.org/bugs/show_bug.cgi?id=369035,ECLIPSE,Configuration Bug Report
418569,EMFT.facet,Not Configuration Bug Report,[Unit Test Failure] org.eclipse.emf.facet.infra.query.tests.internal.UnitTests.bug307095/bug307095v2/bug307095v3/emfmqQueryTest/osgiReload/resourceSet/simpleEval/test001,https://bugs.eclipse.org/bugs/show_bug.cgi?id=418569,ECLIPSE,Configuration Bug Report
419667,EMFT.facet,Not Configuration Bug Report,[Unit Test Faillure] org.eclipse.emf.facet.infra.query.tests.internal.UnitTests.bug307187,https://bugs.eclipse.org/bugs/show_bug.cgi?id=419667,ECLIPSE,Configuration Bug Report
358221,Lyo,Not Configuration Bug Report,Investigate possible test suite bug when ServiceProviderCatalog contains ref to serviceProvider resource,https://bugs.eclipse.org/bugs/show_bug.cgi?id=358221,ECLIPSE,Configuration Bug Report
310980,MDT.MoDisco,Not Configuration Bug Report,"FacetTests.bug308947(): error during: ""Catalog Notifications""",https://bugs.eclipse.org/bugs/show_bug.cgi?id=310980,ECLIPSE,Configuration Bug Report
321570,MDT.MoDisco,Not Configuration Bug Report,[Unit Test Failure] org.eclipse.gmt.modisco.infra.browser.custom.tests.BrowserCustomTest.testBug299277,https://bugs.eclipse.org/bugs/show_bug.cgi?id=321570,ECLIPSE,Configuration Bug Report
92916,WTP Common Tools,Not Configuration Bug Report,Failing JUnit tests [wst.common],92916,ECLIPSE,Configuration Bug Report
159703,WTP Java EE Tools,Not Configuration Bug Report,[web services] webservice.NewProjectListener initialization takes 35% cpu time of CommonNavigator.createPartControl(),https://bugs.eclipse.org/bugs/show_bug.cgi?id=159703,ECLIPSE,Configuration Bug Report
103768,WTP Source Editing,Not Configuration Bug Report,problem validating xml when there's relative schemas and only the 'top' schema is reg'd in catalog,103768,ECLIPSE,Configuration Bug Report
104410,z_Archived,Not Configuration Bug Report,[Testing] Refactor the TPTP test suite to contain the name of the bugzilla component,https://bugs.eclipse.org/bugs/show_bug.cgi?id=104410,ECLIPSE,Configuration Bug Report
278832,z_Archived,Not Configuration Bug Report,NPE raised while performing Test.UI.TestNavigator_bugzilla_242645,https://bugs.eclipse.org/bugs/show_bug.cgi?id=278832,ECLIPSE,Configuration Bug Report
67100,z_Archived,Not Configuration Bug Report,Launching consecutive tests on Linux causes hangs with no indication of problems,67100,ECLIPSE,Configuration Bug Report
83094,z_Archived,Not Configuration Bug Report,Executing a test suite that invokes another test suite in a loop generates erroneous verdict events.,83094,ECLIPSE,Configuration Bug Report
84847,z_Archived,Not Configuration Bug Report,hyades.test feature refs hyades.test.common at 3.0.1 level; but plugin at 3.0.2 level,84847,ECLIPSE,Configuration Bug Report
105824,z_Archived,Not Configuration Bug Report,[Usability] Tests don't run when firewall blocks workbench's incoming connections,105824,ECLIPSE,Configuration Bug Report
106236,z_Archived,Not Configuration Bug Report,"TVT 3.1 - TCT 426 - ""Test"" is translated in JUnit generated code and should not be",106236,ECLIPSE,Configuration Bug Report
107449,z_Archived,Not Configuration Bug Report,"TVT 3.1: TCT 393 - NPE when creating new ""TPTP Example IType Count Template""",107449,ECLIPSE,Configuration Bug Report
107654,z_Archived,Not Configuration Bug Report,"TVT 3.1 - TCT 561 ""Probe"" content type not externalized",107654,ECLIPSE,Configuration Bug Report
110930,z_Archived,Not Configuration Bug Report,TestExecutionHarness cleanup enters an infinite wait and prevents from executing further tests,110930,ECLIPSE,Configuration Bug Report
110960,z_Archived,Not Configuration Bug Report,[Regression] Test harness hangs on launch after previously cancelling a harness,110960,ECLIPSE,Configuration Bug Report
112112,z_Archived,Not Configuration Bug Report,[Testing] Deliver automated tests for test execution service,112112,ECLIPSE,Configuration Bug Report
112115,z_Archived,Not Configuration Bug Report,[Functionality] Integration and testing of shell adapter scripts for test execution service,112115,ECLIPSE,Configuration Bug Report
112245,z_Archived,Not Configuration Bug Report,[Regression; IAC] Not all execution history events when running tests using IAC,112245,ECLIPSE,Configuration Bug Report
112422,z_Archived,Not Configuration Bug Report,"""Review documentation"" test case fails (bad links)",112422,ECLIPSE,Configuration Bug Report
113482,z_Archived,Not Configuration Bug Report,"""Refresh test methods from code"" button in the JUnit test editor throws an exception.",113482,ECLIPSE,Configuration Bug Report
113590,z_Archived,Not Configuration Bug Report,Historical reference to test suite not deleted,113590,ECLIPSE,Configuration Bug Report
114028,z_Archived,Not Configuration Bug Report,[Platform Specific; Regression] Test execution broken on z/OS,114028,ECLIPSE,Configuration Bug Report
114145,z_Archived,Not Configuration Bug Report,Improve GLA testsuites,114145,ECLIPSE,Configuration Bug Report
114438,z_Archived,Not Configuration Bug Report,[Reliability] Canceling a test execution doesn't work properly,114438,ECLIPSE,Configuration Bug Report
114824,z_Archived,Not Configuration Bug Report,[Regression] Test from recording dynamic deployment broken,114824,ECLIPSE,Configuration Bug Report
115506,z_Archived,Not Configuration Bug Report,[JVM Specific; Platform Specific; Regression] Test execution hangs on Linux with Sun JDK 1.4.2,115506,ECLIPSE,Configuration Bug Report
115859,z_Archived,Not Configuration Bug Report,[Webdoc] (README) (IAC; Platform specific) Test execution and test recorder hangs on Linux,115859,ECLIPSE,Configuration Bug Report
73477,z_Archived,Not Configuration Bug Report,Dialog; JDialog; Frame; and Window do not come up,73477,ECLIPSE,Configuration Bug Report
98861,z_Archived,Not Configuration Bug Report,JUnit test hangs when run it via the Run->Test context menu selection in the Test Navigator view,98861,ECLIPSE,Configuration Bug Report
99184,z_Archived,Not Configuration Bug Report,(Plat) Unable to run a JUnit test as test from launch configuration,99184,ECLIPSE,Configuration Bug Report
92067,z_Archived,Not Configuration Bug Report,[Reliability] Test run terminates prematurely before all execution events are loaded in the model,92067,ECLIPSE,Configuration Bug Report
92197,z_Archived,Not Configuration Bug Report,(Test) Downstream products should have control over time-out delays,92197,ECLIPSE,Configuration Bug Report
103246,z_Archived,Not Configuration Bug Report,(Provisional) Add regression tests for tech preview agent controller to TPTP regression test suite: to enable recording of test results and report generation.,103246,ECLIPSE,Configuration Bug Report
104837,z_Archived,Not Configuration Bug Report,TVT 3.1: TCT 409 - Test Navigator view local dropdown menu 'ToggleLinkingAction.text' label missing,104837,ECLIPSE,Configuration Bug Report
116999,Calendar,Not Configuration Bug Report,TEST,116999,MOZILLA,Configuration Bug Report
117000,Calendar,Not Configuration Bug Report,TEST,117000,MOZILLA,Configuration Bug Report
10360,Core,Not Configuration Bug Report,testing; ignore,10360,MOZILLA,Configuration Bug Report
10414,Core,Not Configuration Bug Report,test bug,10414,MOZILLA,Configuration Bug Report
70088,Core,Not Configuration Bug Report,test; please ignore,70088,MOZILLA,Configuration Bug Report
70089,Core,Not Configuration Bug Report,test; please ignore,70089,MOZILLA,Configuration Bug Report
562631,Core ,Not Configuration Bug Report,layout/generic/test/test_bug496275.html makes mochitest-plain time out when the HTML5 parser is enabled,https://bugzilla.mozilla.org/show_bug.cgi?id=562631,MOZILLA,Configuration Bug Report
563643,Core ,Not Configuration Bug Report,"[Debug MacOSX SeaMonkey] leak test: ""ASSERTION: Want to fire mutation events, but it's not safe"" since bug 429175landing. (""all"" other test suites too)",https://bugzilla.mozilla.org/show_bug.cgi?id=563643,MOZILLA,Configuration Bug Report
719389,Core ,Not Configuration Bug Report,"Fix ""#ifdef MOZ_WINSDK_TARGETVER >= MOZ_NTDDI_LONGHORN"" from bug 441197",https://bugzilla.mozilla.org/show_bug.cgi?id=719389,MOZILLA,Configuration Bug Report
858588,Core ,Not Configuration Bug Report,"mochitest-3 is nearly perma-orange on m-c nightly builds (""test_bug445544.html | Part 1 successfully loaded from the application cache"" and more)",https://bugzilla.mozilla.org/show_bug.cgi?id=858588,MOZILLA,Configuration Bug Report
898713,Core ,Not Configuration Bug Report,layout/generic/test/test_bug496275.html makes mochitest-plain time out when the HTML5 parser is enabled,https://bugzilla.mozilla.org/show_bug.cgi?id=562631,MOZILLA,Configuration Bug Report
1105806,Core ,Not Configuration Bug Report,bug1103273-1.js and bug1103273-2.js are going to permafail when Gecko 36 merges to Aurora tomorrow,https://bugzilla.mozilla.org/show_bug.cgi?id=1105806,MOZILLA,Configuration Bug Report
442778,Firefox,Not Configuration Bug Report,"test for bug 419731 failing on qm-win2k3-pgo01 (VM, PGO)",https://bugzilla.mozilla.org/show_bug.cgi?id=442778,MOZILLA,Configuration Bug Report
943524,Firefox,Not Configuration Bug Report,Fix holly after bug 805374 broke tests,https://bugzilla.mozilla.org/show_bug.cgi?id=943524,MOZILLA,Configuration Bug Report
1033449,Firefox,Not Configuration Bug Report,Gaia unit tests are perma-failing on b2g30_v1_4 since bug 874510 was merged into production,https://bugzilla.mozilla.org/show_bug.cgi?id=1033449,MOZILLA,Configuration Bug Report
1069891,Firefox,Not Configuration Bug Report,"""mach reftest --debugger"" is broken",https://bugzilla.mozilla.org/show_bug.cgi?id=1069891,MOZILLA,Configuration Bug Report
483857,MailNews Core,Not Configuration Bug Report,JavaScript Debug assertions in gloda mime tests,https://bugzilla.mozilla.org/show_bug.cgi?id=483857,MOZILLA,Configuration Bug Report
550980,MailNews Core,Not Configuration Bug Report,nsMsgDBFolder.cpp:180: error: cannot convert ‘const char*’ to ‘nsStringBuffer*’ in initialization (port bug 534136),https://bugzilla.mozilla.org/show_bug.cgi?id=550980,MOZILLA,Configuration Bug Report
792804,MailNews Core,Not Configuration Bug Report,"Test failure: mailnews/news/test/unit/test_bug540288.js | [Exception... ""Component returned failure code: 0x80040111 (NS_ERROR_NOT_AVAILABLE) [nsICacheSession.openCacheEntry]"" nsresult: ""0x80040111 (NS_ERROR_NOT_AVAILABLE)""",https://bugzilla.mozilla.org/show_bug.cgi?id=792804,MOZILLA,Configuration Bug Report
45882,SeaMonkey,Not Configuration Bug Report,Test bug,45882,MOZILLA,Configuration Bug Report
911605,Tree Management,Not Configuration Bug Report,Unhide gaia-ui-test once bug 911552 is successfully merged and date-based test failures are no longer occurring,https://bugzilla.mozilla.org/show_bug.cgi?id=911605,MOZILLA,Configuration Bug Report
