Usuario/Equipo,Repositorio,Title,Description,Status,Tags,Classification,URL,Unnamed: 8,llm_pred,Explanation
chipi-hub-team,chipi-hub,feat :Change button name in datasets upload to zendoo,"Issue: Change button name in datasets upload to zenodo Description As a user, I want to have a change a  name of a button for understanding purpose Acceptance Criteria - Change a name for better understanding Priority: **Low** *Justification* M3 dynamic Urgency: **Low** *Justification* M3 dynamic",closed,enhancement,Other,https://github.com/chipi-hub-team/chipi-hub/issues/46,,Other,"The bug report primarily involves a feature request or an enhancement, which does not seem to be related to configuration settings. It appears to be a user interface (UI) change request rather than a system configuration issue."
chipi-hub-team,chipi-hub,chore: Release 1.1.0,"Create a new release Description Create the second release of the project. Priority: **High** *Justification*:  This issue is related to a core aspect of continuous integration, releases, so it needs to be done Urgency: **Critical** *Justification*: This issue marks the need of publishing a release, so this issue cannot be left in the ""To do"" much time",closed,configuration,Configuration,https://github.com/chipi-hub-team/chipi-hub/issues/44,,Configuration,"The bug report is tagged as 'configuration' and involves creating a new release, which implies setting up or configuring the release process."
chipi-hub-team,chipi-hub,System doesn't let upload a uvl file,"Description: The `fakenodo` module is not functioning properly in the production environment, throwing a connection error when accessing the `/zenodo/test` endpoint. Steps to Reproduce: 1. Open a console 2. Run the application 3.  Try to create a dataset 4. Upload a UVL file Expected Behavior: The service should leave the user upload a uvl file Observed Behavior: The service doesn't work as it should and indicates that the uvl file is not valid Priority: **High** *Justification*: This issue directly impacts in the correct opearation of the platform Urgency: **Critical** *Justification*: This is a blocking issue that prevents the use of the module in the production environment, affecting project timelines.",closed,"bug, configuration",Configuration,https://github.com/chipi-hub-team/chipi-hub/issues/43,,Configuration,"The bug report mentions a specific issue with the `fakenodo` module in the production environment and tags it as 'configuration', indicating that the problem is likely due to incorrect or missing configurations rather than a code defect."
chipi-hub-team,chipi-hub,Migration doesn't work right,"Description: The `flask db migrate` command fails due to multiple heads in Alembic and an issue where migration revisions are not being found. Steps to Reproduce: 1. Open a console and navigate to the project directory. 2. Run the following command to initialize the database migration: ```bash flask db migrate ``` 3. Observe the error in the terminal output. Expected Behavior: The flask db migrate command should detect schema changes and generate a new migration file without issues. Observed Behavior: An error occurs indicating there are multiple heads in Alembic, and it cannot locate specific migration revisions. Priority: **High** *Justification*: This issue blocks database schema migrations, preventing further development and deployment of features that depend on database changes. Urgency: **Critical** *Justification*: The inability to migrate the database schema halts project progress and can introduce inconsistencies in the development and production environments.",closed,"bug, configuration",Configuration,https://github.com/chipi-hub-team/chipi-hub/issues/41,,Configuration,"The bug report mentions a specific command (`flask db migrate`) that is used to initialize the database migration, which suggests an issue with configuration or setup rather than a code defect."
chipi-hub-team,chipi-hub,fix: Change download all datasets feature,"Description The download all datasets feature currently downloads every dataset in uvlhub. After the implementation of the staging area feature, there are now some datasets that are unpublished and should only be accessible to certain users, so they should not be included included in the zip when downloading all datasets. Priority **High** *Justification*: This issue in the download all datasets feature clashes with the purpose of the staging area. Urgency **Critical** *Justification*: Makes some datasets accessible to users that should not be allowed to access to that information.",closed,enhancement,Other,https://github.com/chipi-hub-team/chipi-hub/issues/39,,Other,"The bug report primarily involves a feature implementation issue rather than a configuration problem, as it describes a change to the download all datasets feature and its interaction with the staging area feature."
chipi-hub-team,chipi-hub,Error when migrating because of multiple Alembic heads and missing revisions,"Description: The `flask db migrate` command fails due to multiple heads in Alembic and an issue where migration revisions are not being found. Steps to Reproduce: 1. Open a console and navigate to the project directory. 2. Run the following command to initialize the database migration: ```bash flask db migrate ``` 3. Observe the error in the terminal output. Expected Behavior: The flask db migrate command should detect schema changes and generate a new migration file without issues. Observed Behavior: An error occurs indicating there are multiple heads in Alembic, and it cannot locate specific migration revisions. Priority: **High** *Justification*: This issue blocks database schema migrations, preventing further development and deployment of features that depend on database changes. Urgency: **Critical** *Justification*: The inability to migrate the database schema halts project progress and can introduce inconsistencies in the development and production environments.",closed,"bug, configuration",Configuration,https://github.com/chipi-hub-team/chipi-hub/issues/38,,Configuration,"The bug report mentions a specific issue with Alembic heads and migration revisions, which are related to database settings and migrations. This suggests that the problem is due to incorrect or missing configurations rather than a code defect."
chipi-hub-team,chipi-hub,chore: Release 1.0.0,"Create a new release Description Create the first release of the project. Priority: **High** *Justification*:  This issue is related to a core aspect of continuous integration, releases, so it needs to be done Urgency: **Critical** *Justification*: This issue marks the need of publishing a release, so this issue cannot be left in the ""To do"" much time",closed,configuration,Configuration,https://github.com/chipi-hub-team/chipi-hub/issues/35,,Configuration,"The bug report is tagged as 'configuration' and involves creating a new release, which implies setting up or configuring the system for deployment."
chipi-hub-team,chipi-hub,Wiki creation and adittion of information,"Creation of the wiki Description The project Wiki must be done and filled with the corresponding documentation Priority: **High** *Justification*: This issue is related to various project deliverables, needs to be done ASAP Urgency: **Critical** *Justification*: The wiki contains various deliverables so it needs to be completed and polished before the deadline",closed,documentation,Other,https://github.com/chipi-hub-team/chipi-hub/issues/34,,Other,"The bug report does not mention configuration artifacts, incorrect or missing configurations, system setup, deployment, or runtime settings. It appears to be a project management issue related to the completion of documentation and deliverables."
chipi-hub-team,chipi-hub,Build Tests from the Stagging Area WI fail,"Description: In the pull request related to the Staging Area WI, the checks related to the unit testing fail, the thing is that it only appears to give that outcome if the application isn't running, so in the local environment, all unit tests pass. Steps to Reproduce: 1. Go to GitHub 2. Check the pull requests 3. Wait to see the  performed actions results 4. check that the 2 build tests return errors Expected Behavior: The tests should pass Observed Behavior: The tests fail in the build of the pull request, while in local all tests passed Priority: **High** *Justification*: This issue blocks the continuation of the proccess of integrating the changes made in the WI to the master branch Urgency: **Critical** *Justification*: This is a blocking issue that prevents the use of the module in the production environment, affecting project timelines. Additional information: Not needed",closed,bug,Other,https://github.com/chipi-hub-team/chipi-hub/issues/33,,Other,"The issue seems to be related to the integration of changes in a pull request, which involves code and possibly deployment or build processes. However, it does not explicitly mention configuration artifacts or settings as the root cause of the problem."
chipi-hub-team,chipi-hub,Codacy Static Analisys in Stagging Area WI gives 2 alerts,"Description: The codacy static analisys done in the pull request has encountered 2 warnings: 1. The existence of a ""Try, Except, Continue"" structure. 2. The use of a pseudo-random generator in the locust test Steps to Reproduce: 1. Go to gitHub 2. Check the pull requests 3. Wait to see the  performed actions results 4. check that the Codacy Static Analisys gives warnings Expected Behavior: The codacy analisys shouldn't give any warning, it should pass Observed Behavior: 2 warnings are given in the analisys result Priority: **High** *Justification*: This issue blocks the continuation of the proccess of integrating the changes made in the WI to the master branch Urgency: **Critical** *Justification*: This is a blocking issue that prevents the use of the module in the production environment, affecting project timelines. Additional information: Not needed",closed,bug,Other,https://github.com/chipi-hub-team/chipi-hub/issues/31,,Other,"The bug report primarily involves code defects (e.g., 'Try, Except, Continue' structure and pseudo-random generator usage) rather than configuration issues. It's related to the analysis of static code and doesn't mention any configuration artifacts or settings."
chipi-hub-team,chipi-hub,Download all datasets button missed,"Description: The ""Download All Datasets"" button is not visible to users who are logged in. This prevents authenticated users from accessing the bulk download feature for datasets, hindering their ability to efficiently obtain all available data. Steps to Reproduce: - Log in to the application with valid user credentials. - Navigate to the home page - Look for the ""Download All Datasets"" button. - Observe that the button is missing. Expected Behavior: Authenticated users should see the ""Download All Datasets"" button, allowing them to download all available datasets in a single action for convenience and efficiency. Observed Behavior: The ""Download All Datasets"" button does not appear for logged-in users, forcing them to download datasets individually, which is time-consuming and inefficient. Priority: Medium Justification: While the absence of the bulk download button impacts user experience and efficiency, users can still access and download individual datasets. This issue affects productivity but does not completely block access to the datasets. Urgency: High Justification: Enhancing the user experience by providing bulk download functionality is important for maintaining user satisfaction and productivity. Resolving this issue will streamline the data retrieval process for authenticated users. Additional Information: ![imagen](https://github.com/user-attachments/assets/61a407c2-ea88-4c67-a679-694c9a6fd630) Suggested Fix: - Review the frontend code to ensure the ""Download All Datasets"" button is rendered for authenticated users.",closed,bug,Other,https://github.com/chipi-hub-team/chipi-hub/issues/29,,Other,"The issue described in this bug report appears to be related to a missing button, which is likely due to a code defect rather than a configuration issue. The steps to reproduce involve navigating through the application and observing the UI behavior, indicating that the problem lies within the frontend code or its rendering logic."
chipi-hub-team,chipi-hub,test: Datasets Module Testing,"Datasets Module Testing Description As a developer, I want to implement comprehensive tests for the datasets module to increase code coverage. This will ensure that the module functions correctly across various scenarios and improve the overall reliability of the application. Acceptance Criteria -  Edge Cases: Include tests for edge cases and potential error conditions within the datasets module. -  CI Integration: Ensure that all new tests pass in the continuous integration pipeline without introducing failures. Priority: **Low** *Justification*: The realization of these tests won't affect the correct functionality of any test case or WI Urgency: **Low** *Justification*: We don't need to rush this issue, we are testing to improve the coverage of the dataset module, that has been tested in others WI",closed,test,Other,https://github.com/chipi-hub-team/chipi-hub/issues/27,,Other,"The bug report is about implementing comprehensive tests for the datasets module, which does not relate to configuration settings or system setup. It's a request for additional testing and code coverage."
chipi-hub-team,chipi-hub,chore: Rename Docker images in Docker compose files,"Description To ensure consistency and maintainability across the project, rename the Docker images specified in the Docker Compose files. Acceptance criteria - All Docker Compose files in the repository are identified and updated with the new image names. - Docker Compose files are validated to ensure they are free of syntax errors after renaming. - Services and networks defined in the Docker Compose files start correctly using the renamed images. - The changes do not disrupt existing development or deployment workflows. Priority **Low** _Justification_: Renaming Docker images is not time-sensitive but contributes to maintaining consistency within the project's naming conventions.",closed,configuration,Configuration,https://github.com/chipi-hub-team/chipi-hub/issues/24,,Configuration,"The bug report involves updating Docker Compose files, which are a type of configuration artifact, to rename Docker images. This is related to system setup and deployment settings."
chipi-hub-team,chipi-hub,chore: Add emails to mailmap,"Add Emails to Mailmap Description To homogenize commit author names and emails, add entries to the mailmap file. This ensures consistent author information across all commits in the repository. Acceptance Criteria - A `mailmap` file is created or updated in the repository. - All relevant email addresses and author names are mapped to their canonical forms in the `mailmap`. - Commit histories reflect the homogenized author information when using Git commands that utilize the `mailmap`. - The `mailmap` mappings cover all existing variations of author names and emails in the commit history. - Future commits by the authors are automatically mapped to the canonical names and emails as defined in the `mailmap`. Priority **Low** _Justification:_ The functionality has been studied and no critical risks have been found. Urgency: **Medium** *Justification* The functionality will help in the management of the commits, the sooner the implementation, the sooner we will see the results",closed,configuration,Other,https://github.com/chipi-hub-team/chipi-hub/issues/23,,Configuration,"The bug report involves updating a configuration file (`mailmap`) to homogenize commit author names and emails, which is related to system setup and deployment settings."
chipi-hub-team,chipi-hub,chore: Add New GitHub Workflows,"Add New GitHub Workflows Description As a developer, I want to create new GitHub workflows to check the code format and add new tests to pull requests. Acceptance Criteria - A GitHub workflow should be added to validate the code format in every pull request. - A GitHub workflow should automatically run new tests added to the repository and display results in the pull request. - The workflows should trigger on pull request events. Priority: **High** *Justification* Workflows are part of the CI process so it needs to be prioritized Urgency: **High** *Justification* The introduction of these workflow will help notoriously in the CI process",closed,configuration,Configuration,https://github.com/chipi-hub-team/chipi-hub/issues/21,,Other,"The bug report is about adding new GitHub workflows, which involves code changes and setup of a CI process. Although it mentions 'configuration' as a tag, the description primarily focuses on implementing new features rather than addressing an issue caused by misconfigured settings."
chipi-hub-team,chipi-hub,Wrong title in user profile,"Description: The user page doesn't show the correct title when navigating to the current user's profile via putting their id Steps to Reproduce: 1. Start the project 2. Log in with an user 3. Check the current user's Id ( we will call it X from now on ) 4. Navigate using the /profile/summary/X 5. You can now see how the title refers to ""User Profile"" Expected Behavior: The service should respond correctly, showing the correct title (My Profile) Observed Behavior: The system shows ""User Profile"" instead of ""My Profile"" Priority: **Low** *Justification*: This issue doesn't affect the correct behaviour of the system, its a merely aesthetic issue Urgency: **Low** *Justification*: This issue only affects an specific case, even then, the system still works fine, only showing a wrong comment Additional information: No extra information is needed",closed,bug,Other,https://github.com/chipi-hub-team/chipi-hub/issues/19,,Other,"The issue described in the bug report appears to be a UI-related problem, specifically with the title display on the user profile page. It does not mention any configuration artifacts or settings that could indicate it's a configuration issue."
chipi-hub-team,chipi-hub,Connection Error in the fakenodo Module in Production Environment,"Description: The `fakenodo` module is not functioning properly in the production environment, throwing a connection error when accessing the `/zenodo/test` endpoint. Steps to Reproduce: 1. Open a console 2. Navigate to the `/docker` file in the project. 3.  Run the following command: ```bash sudo docker compose -f docker.compose.dev.yml ``` 4. Once the service starts, access the URL provided in the system logs. 5. Navigate to the `/zenodo/test` path Expected Behavior: The service should respond correctly, allowing the tests to be carried out at the `/zenodo/test` endpoint. Observed Behavior: A `Connection refused` error occurs when attempting to access the mentioned URL. Priority: **High** *Justification*: This issue directly impacts in the production environment, halting the development and validation of features related to `fakenodo`. Urgency: **Critical** *Justification*: This is a blocking issue that prevents the use of the module in the production environment, affecting project timelines. Additional information: Error Screenshot ![connectionError](https://github.com/user-attachments/assets/1e2fdf07-7946-4f09-9518-aaa0b3fa08f8)",open,bug,Configuration,https://github.com/chipi-hub-team/chipi-hub/issues/18,,Configuration,"The bug report mentions a connection error in the production environment, which is likely due to incorrect or missing configurations in the `docker.compose.dev.yml` file. The steps to reproduce involve running a Docker command, suggesting that the issue may be related to container configuration."
chipi-hub-team,chipi-hub,chore: Configure continuous integration and deployment,"Configure Continuous Integration and Deployment Description Set up CI/CD pipelines to automate testing and deployment for the project, ensuring code changes are reliably tested and deployed with minimal manual intervention. Acceptance Criteria - CI/CD pipelines are configured to automate the testing process for every code change. - CI/CD pipelines are configured to automate the deployment process after successful tests. - The automation ensures that code changes are reliably tested and deployed with minimal manual intervention. Priority: **High** *Justification* Continuous integration is essential in the development of this project, so the implementation of these pipelines are a top priority Urgency: **HIgh** *Justification* We need the CI pipelines the earlier we can, so we can start applying it",closed,configuration,Configuration,https://github.com/chipi-hub-team/chipi-hub/issues/8,,Configuration,"The bug report is about configuring continuous integration and deployment pipelines, which involves setting up environment settings for automation."
chipi-hub-team,chipi-hub,feat: View user profile,"Issue: View user profile Description As a user, I want to be able to click on a user's profile to view their uploaded datasets. Acceptance Criteria - The user should be able to see another user's profile by clicking on the name of them in the dataset details - The user should have some type of visual clue that represents if the profile that's seeing is their's or another's Priority: **Low** *Justification* This WI doesn't require a complex change so it can be placed in the lowest priority. If a High or Medium WI sounds complex as a first dive into the project, this issue is a good place to start Urgency: **Low** *Justification* This issue is a isolated functionality that is not related to any other WI",closed,"enhancement, good first issue",Other,https://github.com/chipi-hub-team/chipi-hub/issues/7,,Other,"The bug report describes an enhancement request for a new feature (viewing user profiles) and does not mention any configuration artifacts, incorrect or missing configurations, system setup, deployment, or runtime settings. It primarily involves code defects related to the implementation of this feature."
chipi-hub-team,chipi-hub,feat: Sign up validation,"Sign up validation Description As a user, I want to be able to sign up validating an email Acceptance Criteria - The user should be able to sign up validating their email. Priority: **Low** *Justification* This WI doesn't  seem to require a complex change so it can be placed in the lowest priority. If a High or Medium WI sounds complex as a first dive into the project, this issue is a good place to start Urgency: **Medium** *Justification* This issue is related to the process of sign up, so we need to leave some time to test and see if everything works right",closed,"enhancement, good first issue",Other,https://github.com/chipi-hub-team/chipi-hub/issues/6,,Other,The bug report appears to be related to a feature implementation (sign up validation) and does not mention configuration artifacts or settings. It seems to be focused on adding functionality rather than resolving an issue caused by misconfigured settings.
chipi-hub-team,chipi-hub,feat: Rate datasets,"Issue: Rate datasets Description As a user, I would like to be able to rate the datasets in this repository. This feature would help provide feedback on the quality, usability, and relevance of the datasets, allowing other users to make more informed decisions when choosing which resources to use. Acceptance Criteria - Users can rate each dataset with a star. - Ratings should be visible on the respective dataset page. - Users should only be able to rate once per dataset. - A way to clear ratings should be available for users who wish to change their review. Priority: **Medium** *Justification* This issue isn't a Hard WI, so in the priority charts, it goes right after the development of the Hard WI's Urgency: **Low** *Justification* This issue doesn't affect the development of the remaining WI's, also, being a Medium WI implies that there is more relevant work",closed,enhancement,Other,https://github.com/chipi-hub-team/chipi-hub/issues/5,,Other,"This bug report appears to be related to feature development and acceptance criteria, rather than a configuration issue. It describes the desired functionality of rating datasets and its requirements, but does not mention any configuration artifacts or settings."
chipi-hub-team,chipi-hub,feat: Download all datasets,"Add 'Download All' Button for All Datasets Description As a user, I want a 'Download All' button somewhere that downloads ALL datasets with ALL models and in ALL formats. Acceptance Criteria - A 'Download All' button is added to the user interface in a visible and accessible location. - Clicking the button initiates the download of all available datasets. - All models associated with each dataset are included in the downloads. - Datasets are available in all formats supported by the application. Priority: **Medium** *Justification* This needs to be done, but isn't a Hard WI, so in the priority charts, it goes right after the development of the Hard WI's Urgency: **Low** *Justification* This issue doesn't affect the development of the remaining WI's, also, being a Medium WI implies that there is more relevant work",closed,enhancement,Other,https://github.com/chipi-hub-team/chipi-hub/issues/4,,Other,This bug report appears to be related to adding a new feature ('Download All' button) rather than addressing an existing configuration issue. It involves code development and does not mention any configuration artifacts or settings.
chipi-hub-team,chipi-hub,feat: Staging area,"Issue: Stagging Area Description As a user, I want to be able to upload datasets to UVLHub without the need for them to be uploaded to Zenodo, that is, keep them in an ""unpublished"" state that allows me to edit them before they are permanently uploaded. The operation of this functionality will consist of a button that will allow me to upload the datasets already created to Zenodo the new datasets created will enter this state or stage area by default. The status of said dataset can be seen by the user on the information screen as if it were another attribute. Acceptance Criteria - The  user should be able to publish the dataset using the button implemented in the page - Published dataset shouldn't be able to be updated to reset the status to unpublished Priority: **Medium** *Justification* The functionality has been studied and no critical risks have been found, so the priority is set to medium difficulty, taking into account the difficulty assigned to the WI. Urgency: **Medium** *Justification* The functionality needs to be done and reviewed, because the complexity of the issue ( a High difficulty WI) this proccess may take a while.",closed,enhancement,Other,https://github.com/chipi-hub-team/chipi-hub/issues/3,,Other,"This bug report appears to be related to feature development and acceptance criteria, rather than configuration settings or system setup. It describes a new functionality for the UVLHub system and its requirements, but does not mention any configuration artifacts, incorrect configurations, or unintended interactions between configuration settings."
chipi-hub-team,chipi-hub,feat: UVL editor,"Issue: UVL editor Description As a user, I want to have a UVL (Universal Variability Language) editor in graphical mode that allows users to visually edit UVL structures in order to export them or pass them to a parser for further processing. Acceptance Criteria - The editor should allow users to edit the designed models uploaded by them. - Users should be able to save, load, and edit their UVL designs. Priority: **High** *Justification* This issue is one of the Hard WI, so it needs to be prioritized from the rest of WI's Urgency: **Medium** *Justification* Although this issue is related to a Hard WI, the functionality doesn't affect another WI, so we can prioritize quality over speed",closed,enhancement,Other,https://github.com/chipi-hub-team/chipi-hub/issues/2,,Other,The bug report is about implementing a new feature (UVL editor) and does not mention any configuration issues or settings. It appears to be related to the development of a new functionality rather than a problem caused by misconfigured settings.
davidgonmar,uvlhub-egc,Monthly contributor report,Contributors - Date range for contributor list:  2025-01-01 to 2025-01-31 - Repository: ['davidgonmar/uvlhub-egc'] | Total Contributors | Total Contributions | % New Contributors | | --- | --- | --- | | 1 | 48 | 0.0% | | Username | All Time Contribution Count | New Contributor | Commits between 2025-01-01 and 2025-01-31 | | --- | --- | --- | --- | | @LuisMelladoDiaz | 48 | False | https://github.com/davidgonmar/uvlhub-egc/commits?author=LuisMelladoDiaz&since=2025-01-01&until=2025-01-31 | _this file was generated by the [Contributors GitHub Action](https://github.com/github/contributors)_,open,Sin etiquetas,Other,https://github.com/davidgonmar/uvlhub-egc/issues/260,,Other,"The bug report appears to be related to a GitHub issue about generating contributor reports, which does not seem to involve configuration settings or system setup. It's more likely a defect in the code or logic used for generating these reports."
davidgonmar,uvlhub-egc,Monthly contributor report,Contributors - Date range for contributor list:  2024-12-01 to 2024-12-31 - Repository: ['davidgonmar/uvlhub-egc'] | Total Contributors | Total Contributions | % New Contributors | | --- | --- | --- | | 12 | 814 | 0.0% | | Username | All Time Contribution Count | New Contributor | Commits between 2024-12-01 and 2024-12-31 | | --- | --- | --- | --- | | @adrvencon | 118 | False | https://github.com/davidgonmar/uvlhub-egc/commits?author=adrvencon&since=2024-12-01&until=2024-12-31 | | @Playeira01 | 99 | False | https://github.com/davidgonmar/uvlhub-egc/commits?author=Playeira01&since=2024-12-01&until=2024-12-31 | | @davidgonmar | 88 | False | https://github.com/davidgonmar/uvlhub-egc/commits?author=davidgonmar&since=2024-12-01&until=2024-12-31 | | @luciaPG | 78 | False | https://github.com/davidgonmar/uvlhub-egc/commits?author=luciaPG&since=2024-12-01&until=2024-12-31 | | @clameaitu | 72 | False | https://github.com/davidgonmar/uvlhub-egc/commits?author=clameaitu&since=2024-12-01&until=2024-12-31 | | @raulherasperez | 62 | False | https://github.com/davidgonmar/uvlhub-egc/commits?author=raulherasperez&since=2024-12-01&until=2024-12-31 | | @rafcasceb | 62 | False | https://github.com/davidgonmar/uvlhub-egc/commits?author=rafcasceb&since=2024-12-01&until=2024-12-31 | | @DanielFloresDeFrancisco | 58 | False | https://github.com/davidgonmar/uvlhub-egc/commits?author=DanielFloresDeFrancisco&since=2024-12-01&until=2024-12-31 | | @Cargarmar18 | 50 | False | https://github.com/davidgonmar/uvlhub-egc/commits?author=Cargarmar18&since=2024-12-01&until=2024-12-31 | | @LuisMelladoDiaz | 46 | False | https://github.com/davidgonmar/uvlhub-egc/commits?author=LuisMelladoDiaz&since=2024-12-01&until=2024-12-31 | | @Sergiotg03 | 42 | False | https://github.com/davidgonmar/uvlhub-egc/commits?author=Sergiotg03&since=2024-12-01&until=2024-12-31 | | @JaviGarcia1 | 39 | False | https://github.com/davidgonmar/uvlhub-egc/commits?author=JaviGarcia1&since=2024-12-01&until=2024-12-31 | _this file was generated by the [Contributors GitHub Action](https://github.com/github/contributors)_,open,Sin etiquetas,Other,https://github.com/davidgonmar/uvlhub-egc/issues/258,,Other,"The bug report appears to be about a GitHub issue related to the Contributors GitHub Action, but it does not mention configuration artifacts or settings. It seems to be more of an issue with the action's functionality or data generation."
davidgonmar,uvlhub-egc,Tarea 56: Change Button Name to Create,"Work item: >  N/A Description: >  - Cambiar botón del menú a ""Create dataset""",closed,"frontend, style, task",Other,https://github.com/davidgonmar/uvlhub-egc/issues/256,,Other,"The bug report does not mention configuration artifacts or describe incorrect or missing configurations. It appears to be a request for a UI change, specifically renaming a button."
davidgonmar,uvlhub-egc,Tarea M3-B: Cambiar nombre chatbot,Work item: >  N/A Description: >  Cambiar el nombre del chatbot,closed,"frontend, feat",Other,https://github.com/davidgonmar/uvlhub-egc/issues/253,,Other,"The bug report does not mention configuration artifacts or describe incorrect or missing configurations. It appears to be a feature request for changing the name of a chatbot, which is more related to code changes rather than configuration issues."
davidgonmar,uvlhub-egc,Tarea M3-A: Backend M3,Work item: >  N/A Description: >  - Change context description for AI Chatbot to answer about Universidad de Córdoba,closed,"backend, feat",Other,https://github.com/davidgonmar/uvlhub-egc/issues/252,,Other,"The provided information does not mention configuration artifacts or settings. It appears to be a feature request or task description for the backend, but lacks details about system setup, deployment, or runtime configurations."
davidgonmar,uvlhub-egc,Incidencia 26: Fix selenium tests,"**Título** Fix selenium tests **Descripción** Some of the selenium tests were very flaky, we need them to be more consistent. **Pasos para reproducir** 1.     run python -m pytest **Resultado esperado** All tests pass **Resultado obtenido** Some of them fail **Evidencias (capturas, logs, etc.)** N/A **Entorno** - Sistema operativo: Ubuntu 24.04 - Versión del producto: N/A - Modelo de navegador: Google Chrome - Versión del navegador: 131.0.6778.108 - Detalles adicionales: ChromeDriver 131.0.6778.85 **Posibles soluciones** Fix them **Percepción de prioridad o severidad (crítica, alta, media o baja)** Alta **Comentarios adicionales** N/A",closed,test,Other,https://github.com/davidgonmar/uvlhub-egc/issues/249,,Other,"The bug report describes flaky selenium tests, which is a code defect rather than a configuration issue. It mentions environment details such as the operating system and browser version, but these are not directly related to the problem at hand."
davidgonmar,uvlhub-egc,Incidencia 25: Fix a bug related to the feature model count,"**Título** Fix a bug related to the feature model count **Descripción** The feature model count does not work right. Instead of the 30 feature models shown in the database, it shows 193 feature models. **Pasos para reproducir** 1.     Seed the database. 2.      Run the application. **Resultado esperado** A count of 30 models. **Resultado obtenido** A count of 193 models. **Evidencias (capturas, logs, etc.)** ![Image](https://github.com/user-attachments/assets/e38e9184-a579-40be-a0ee-3564252309b0) **Entorno** N/A **Posibles soluciones** Change the logic in the repository for the total count. **Percepción de prioridad o severidad (crítica, alta, media o baja)** Baja.",closed,"fix, incidence",Other,https://github.com/davidgonmar/uvlhub-egc/issues/245,,Configuration,"The bug report mentions a database and an incorrect count of feature models, which suggests that the issue is related to how the system is configured or interacting with the database, rather than a code defect."
davidgonmar,uvlhub-egc,Incidencia 24: Fix a bug related to the deletion of duplicate UVLs with the same name - Different versions of models,"**Título** Fix a bug related to the deletion of duplicate UVLs with the same name. **Descripción** This bug doesn't produce an error in the system it simply prevents the deletion of a repeated UVL file. The issue occurs because the backend assigns a new name to the repeated file to differentiate it from other files with the same name. For example, if we upload a file named file.uvl twice, the backend assigns a new name, such as file(1).uvl, to the second file. However, even though the frontend displays the updated name, it does not send this updated name to the backend when the delete button for the repeated file is pressed.  Instead, it erases the first file.uvl, leaving the repeated file permanently undeleted in the system. Despite this, the frontend does not show file(1).uvl anymore, making the user think that file(1).uvl was successfully deleted. This creates a mismatch between what the user sees and the actual state of the system. **Pasos para reproducir** 1.     Upload a UVL file with the same name twice. 2.     Delete the second uploaded file from the frontend. 3.    Check the contents of the upload/temp/ folder in the IDE. **Resultado esperado** Deletion of the duplicate file **Resultado obtenido** The deletion of the duplicate file was not executed. Instead, the first uploaded file with the same name was deleted. **Evidencias (capturas, logs, etc.)** ![Screenshot from 2024-12-17 16-38-59](https://github.com/user-attachments/assets/a6c4c9ff-b480-4440-a7ce-ce20c79088f0) ![Screenshot from 2024-12-16 11-20-02](https://github.com/user-attachments/assets/e460e5e4-347b-4063-8273-f8ef628045a3) **Entorno** N/A **Posibles soluciones** When the delete button is pressed, the system must send the name assigned by the backend, which is also displayed in the frontend, rather than the original name of the uploaded file. **Percepción de prioridad o severidad (crítica, alta, media o baja)** Alta **Comentarios adicionales**",closed,"backend, fix, incidence",Other,https://github.com/davidgonmar/uvlhub-egc/issues/243,,Other,"The bug report describes a code defect related to the deletion of duplicate UVLs with the same name. The issue is caused by the frontend not sending the updated file name to the backend when deleting the repeated file, leading to incorrect behavior. This does not appear to be a configuration-related issue."
davidgonmar,uvlhub-egc,Incidencia 23: Arreglar workflow de seeders,"**Título** Arreglar workflow de seeders **Descripción** No funciona correctamente **Pasos para reproducir** 1.     Ejecutar workflow de seeders **Resultado esperado** Base de datos populada correctamente **Resultado obtenido** Base de datos populada correctamente **Evidencias (capturas, logs, etc.)** N/A **Entorno** Entorno nativo de Render. **Posibles soluciones** Cambiar el comando a ejecutar en el job de Render. **Percepción de prioridad o severidad (crítica, alta, media o baja)** Baja **Comentarios adicionales** N/A",closed,"database, build",Configuration,https://github.com/davidgonmar/uvlhub-egc/issues/240,Interesante,Other,"The bug report describes an issue with the workflow of seeders in a database, but it does not mention configuration artifacts or incorrect configurations. It seems to be related to a code defect or a process flow issue rather than a configuration problem."
davidgonmar,uvlhub-egc,Tarea 54: Clean the code,Work item: >  Multiple Login >  Advanced filtering Description: >  - Quitar logs innecesarios que solo meten ruido en la consola >  - Quitar comentarios innecesarios,closed,refactor,Other,https://github.com/davidgonmar/uvlhub-egc/issues/235,,Other,"The bug report primarily involves code refactoring and cleaning, which does not fit the criteria for a configuration bug report."
davidgonmar,uvlhub-egc,Incidencia 22: actualización del readme,"**Título** Actualizar README: Agregar repositorio Docker y corregir explicación del Remember My Password Work Item. **Descripción** El README del proyecto necesita dos actualizaciones: 1. Incluir información sobre el repositorio Docker del proyecto para que sea claro dónde se encuentra la imagen Docker correspondiente. 2. Corregir la explicación relacionada con el ""Remember My Password Work Item"", ya que actualmente es confusa o incorrecta. **Pasos para reproducir** 1. Abrir el README actual del proyecto. 2. Buscar información sobre el repositorio Docker. 3. Revisar la sección que habla sobre el ""Remember My Password Work Item"". **Resultado esperado** 1. El README debe incluir un enlace o referencia clara al repositorio Docker oficial del proyecto. 2. La explicación sobre el funcionamiento del ""Remember My Password Work Item"" debe ser clara, precisa y correcta. **Resultado obtenido** 1. No se encuentra información sobre el repositorio Docker en el README actual. 2. La explicación del ""Remember My Password Work Item"" genera confusión o contiene errores. **Evidencias (capturas, logs, etc.)** ![image](https://github.com/user-attachments/assets/a6d9440f-0e9d-43c9-9790-2b68d4875874) **Entorno** - Sistema operativo: Ubuntu 24.04 - Versión del producto: - Modelo de navegador: Google Chrome - Versión del navegador: 130.0.6723.58 - Detalles adicionales: N/A. **Posibles soluciones** 1. Agregar una sección en el README con el repositorio Docker oficial, por ejemplo:",closed,"incidence, docs",Other,https://github.com/davidgonmar/uvlhub-egc/issues/229,,Other,"The bug report describes an issue with the README file of a project, specifically about updating it to include information about the Docker repository and correcting the explanation of the 'Remember My Password Work Item'. This is more related to documentation or content updates rather than configuration settings."
davidgonmar,uvlhub-egc,Tarea 53: Seeders workflow,"Work item: >  N/A Description: >  - Implement a workflow that, when run manually, allows us to seed the deployed app database.",closed,"database, build, task",Configuration,https://github.com/davidgonmar/uvlhub-egc/issues/221,,Other,"The bug report does not mention configuration artifacts or describe incorrect or missing configurations. It appears to be a request for implementing a workflow, which is more related to code development than configuration."
davidgonmar,uvlhub-egc,Incidencia 21: Solo hacer deploy con Render cuando hay cambios en main,"**Título** Solo hacer deploy con Render cuando hay cambios en main **Descripción** Actualmente se hacen también en otras ocasiones. **Pasos para reproducir** No aplica. **Resultado esperado** No aplica. **Resultado obtenido** No aplica. **Evidencias (capturas, logs, etc.)** No aplica. **Entorno** No aplica. **Posibles soluciones** Cambiar el workflow pertinente. **Percepción de prioridad o severidad (crítica, alta, media o baja)** Media **Comentarios adicionales** No aplica.",closed,"build, incidence",Configuration,https://github.com/davidgonmar/uvlhub-egc/issues/218,,Configuration,"The bug report mentions changing a workflow, which implies modifying configuration settings to achieve the desired behavior."
davidgonmar,uvlhub-egc,Incidencia 20: Arreglar migraciones,"**Título** Arreglar migraciones **Descripción** Las migraciones muestran inconsistencias, y causan errores a la hora de aplicarlas en bases de datos limpias. **Pasos para reproducir** 1.     Correr `flask db upgrade` en una base de datos limpia. **Resultado esperado** Migraciones aplicadas correcta y completamente. **Resultado obtenido** Error por doble creación duplicada de tablas (es el error que sale a flote, pero hay otros). **Evidencias (capturas, logs, etc.)** ![image](https://github.com/user-attachments/assets/34f057f7-a186-4734-a7af-b6e8f314e7d1) **Entorno** Entorno predeterminado de Render. **Posibles soluciones** Resetear migraciones y recrearlas. **Percepción de prioridad o severidad (crítica, alta, media o baja)** Alta **Comentarios adicionales** No aplica",closed,"database, incidence",Configuration,https://github.com/davidgonmar/uvlhub-egc/issues/211,,Configuration,"The bug report mentions 'migraciones' (migrations) which are related to database configurations and the error is caused by incorrect or missing configuration settings, specifically a double creation of tables."
davidgonmar,uvlhub-egc,Tarea 52: Migration workflow,Description: >  - Implementar y testear un workflow que checkee la correcta estructura en cadena de las migraciones,closed,build,Configuration,https://github.com/davidgonmar/uvlhub-egc/issues/204,,Other,"The bug report appears to be related to implementing and testing a workflow, which suggests it's more about code development or functionality rather than configuration settings."
davidgonmar,uvlhub-egc,Historical contributor report,Contributors - Repository: ['davidgonmar/uvlhub-egc'] | Total Contributors | Total Contributions | | --- | --- | | 12  | 636  | | Username | All Time Contribution Count | All Commits | | --- | --- | --- | | @adrvencon | 96 | https://github.com/davidgonmar/uvlhub-egc/commits?author=adrvencon | | @Playeira01 | 88 | https://github.com/davidgonmar/uvlhub-egc/commits?author=Playeira01 | | @clameaitu | 67 | https://github.com/davidgonmar/uvlhub-egc/commits?author=clameaitu | | @luciaPG | 64 | https://github.com/davidgonmar/uvlhub-egc/commits?author=luciaPG | | @DanielFloresDeFrancisco | 53 | https://github.com/davidgonmar/uvlhub-egc/commits?author=DanielFloresDeFrancisco | | @rafcasceb | 52 | https://github.com/davidgonmar/uvlhub-egc/commits?author=rafcasceb | | @davidgonmar | 44 | https://github.com/davidgonmar/uvlhub-egc/commits?author=davidgonmar | | @LuisMelladoDiaz | 43 | https://github.com/davidgonmar/uvlhub-egc/commits?author=LuisMelladoDiaz | | @Cargarmar18 | 38 | https://github.com/davidgonmar/uvlhub-egc/commits?author=Cargarmar18 | | @raulherasperez | 37 | https://github.com/davidgonmar/uvlhub-egc/commits?author=raulherasperez | | @Sergiotg03 | 30 | https://github.com/davidgonmar/uvlhub-egc/commits?author=Sergiotg03 | | @JaviGarcia1 | 24 | https://github.com/davidgonmar/uvlhub-egc/commits?author=JaviGarcia1 | _this file was generated by the [Contributors GitHub Action](https://github.com/github/contributors)_,closed,Sin etiquetas,Other,https://github.com/davidgonmar/uvlhub-egc/issues/203,,Other,"This bug report appears to be a GitHub issue related to the contributors of a repository, rather than a configuration issue. It does not mention any configuration artifacts or settings."
davidgonmar,uvlhub-egc,Tarea 52: CD with dockerhub images WF,Description: >  elaboration of dockerhub image update for each pr to main,closed,"feat, task",Configuration,https://github.com/davidgonmar/uvlhub-egc/issues/202,,Other,"The bug report appears to be related to a feature or task implementation rather than a configuration issue. It mentions updating DockerHub images for each PR, which suggests a code-related change rather than a configuration problem."
davidgonmar,uvlhub-egc,Monthly contributor report,Contributors - Date range for contributor list:  2024-11-01 to 2024-11-30 - Repository: ['davidgonmar/uvlhub-egc'] | Total Contributors | Total Contributions | % New Contributors | | --- | --- | --- | | 12 | 631 | 50.0% | | Username | All Time Contribution Count | New Contributor | Commits between 2024-11-01 and 2024-11-30 | | --- | --- | --- | --- | | @adrvencon | 96 | False | https://github.com/davidgonmar/uvlhub-egc/commits?author=adrvencon&since=2024-11-01&until=2024-11-30 | | @Playeira01 | 88 | True | https://github.com/davidgonmar/uvlhub-egc/commits?author=Playeira01&since=2024-11-01&until=2024-11-30 | | @clameaitu | 67 | True | https://github.com/davidgonmar/uvlhub-egc/commits?author=clameaitu&since=2024-11-01&until=2024-11-30 | | @luciaPG | 64 | True | https://github.com/davidgonmar/uvlhub-egc/commits?author=luciaPG&since=2024-11-01&until=2024-11-30 | | @DanielFloresDeFrancisco | 53 | False | https://github.com/davidgonmar/uvlhub-egc/commits?author=DanielFloresDeFrancisco&since=2024-11-01&until=2024-11-30 | | @rafcasceb | 51 | False | https://github.com/davidgonmar/uvlhub-egc/commits?author=rafcasceb&since=2024-11-01&until=2024-11-30 | | @davidgonmar | 44 | False | https://github.com/davidgonmar/uvlhub-egc/commits?author=davidgonmar&since=2024-11-01&until=2024-11-30 | | @LuisMelladoDiaz | 39 | False | https://github.com/davidgonmar/uvlhub-egc/commits?author=LuisMelladoDiaz&since=2024-11-01&until=2024-11-30 | | @Cargarmar18 | 38 | False | https://github.com/davidgonmar/uvlhub-egc/commits?author=Cargarmar18&since=2024-11-01&until=2024-11-30 | | @raulherasperez | 37 | True | https://github.com/davidgonmar/uvlhub-egc/commits?author=raulherasperez&since=2024-11-01&until=2024-11-30 | | @Sergiotg03 | 30 | True | https://github.com/davidgonmar/uvlhub-egc/commits?author=Sergiotg03&since=2024-11-01&until=2024-11-30 | | @JaviGarcia1 | 24 | True | https://github.com/davidgonmar/uvlhub-egc/commits?author=JaviGarcia1&since=2024-11-01&until=2024-11-30 | _this file was generated by the [Contributors GitHub Action](https://github.com/github/contributors)_,closed,Sin etiquetas,Other,https://github.com/davidgonmar/uvlhub-egc/issues/201,,Other,"The bug report appears to be about a GitHub Action that generated a contributors report, which is not related to configuration settings or system setup. It's more likely a reporting or data generation issue."
davidgonmar,uvlhub-egc,Incidencia 19: Fix desincronization of IDs when login with Orcid,"**Título** Fix desincronized ids when login with Orcid **Descripción** Ocasionalmente cuando te registras con orcid, las ids de user y profile se desincronizan, lo que hace que salte un error al logearte con orcid. **Pasos para reproducir** 1.     Registrarte con Orcid 2.     Cerrar sesión 3.     Volver a iniciar sesión con la misma cuenta **Resultado esperado** Se inicia sesión correctamente siempre **Resultado obtenido** Ocasionalmente ocurre un error al intentar iniciar sesion **Evidencias (capturas, logs, etc.)** ![image](https://github.com/user-attachments/assets/532483da-1873-4b72-8166-693f509fda2d) **Entorno** - Sistema operativo:  Ubuntu - Versión del producto:  24.04.1 - Modelo de navegador:  Google Chrome - Versión del navegador: 130.0.6723.69 - Detalles adicionales:  N/A **Posibles soluciones** Hacer que si existe un user, busque su perfil comparando el id de orcid, y no sus profile_id y user_id (ya que puede que no sean iguales) **Percepción de prioridad o severidad (crítica, alta, media o baja)** Media **Comentarios adicionales** El login con orcid solo esta registrado para que funcione en 127.0.0.1:5000 y en la url desplegada",closed,"backend, fix, incidence",Other,https://github.com/davidgonmar/uvlhub-egc/issues/197,,Configuration,"The bug report mentions a possible solution involving configuration changes (comparing the Orcid ID instead of profile_id and user_id), which suggests that the issue is related to how the system is configured rather than a code defect."
davidgonmar,uvlhub-egc,Incidencia 18: Move 2 selenium tests to test_selenium_ide folder - Search Queries,"**Título** Move 2 selenium tests to test_selenium_ide folde **Descripción** In the module explore, a folder for Selenium tests was created, but two tests were located outside of it. **Pasos para reproducir** Not applicable. **Resultado esperado** Not applicable. **Resultado obtenido** Not applicable. **Evidencias (capturas, logs, etc.)** ![Captura desde 2024-12-12 23-10-09](https://github.com/user-attachments/assets/b17ac716-36e6-4291-b947-0bb2db998747) **Entorno** Not applicable. **Posibles soluciones** Not applicable. **Percepción de prioridad o severidad (crítica, alta, media o baja)** Baja **Comentarios adicionales** For maintaining a tidy repository",closed,"backend, test, incidence",Configuration,https://github.com/davidgonmar/uvlhub-egc/issues/196,,Other,The bug report is about moving tests to a specific folder for organization purposes and does not mention any configuration issues or incorrect settings.
davidgonmar,uvlhub-egc,Incidencia 17: Remove unnecesary and breaking migration,"**Título** Remove unnecesary and breaking migration. **Descripción** Hay una migración que está rompiendo la cadena de migraciones. Ha creado una segunda ""head"". Además, es innecesaria. **Pasos para reproducir** 1.      rosemary db:reset 2.      rosemary db:migrate **Resultado esperado** El reseteo y las migraciones se aplican correctamente. **Resultado obtenido** Error de múltiples ""heads"" en las migraciones. **Evidencias (capturas, logs, etc.)** ![image](https://github.com/user-attachments/assets/b99334ab-e698-451c-8ad6-20ec29376d97) **Entorno** - Sistema operativo:  Ubuntu - Versión del producto:  24.04.1 - Modelo de navegador:  Firefox - Versión del navegador: 133  - 64 bits - Detalles adicionales:  N/A **Posibles soluciones** Borrar la migración innecesaria, pues si se borra y se lanza el comando de migraciones no se crea ninguna migración nueva y funciona perfectamente. **Percepción de prioridad o severidad (crítica, alta, media o baja)** Media **Comentarios adicionales** Cuidado con las migraciones.",closed,"database, incidence",Configuration,https://github.com/davidgonmar/uvlhub-egc/issues/185,,Other,"The bug report describes an issue with a migration in the database, which is related to code defects rather than configuration settings. The problem seems to be caused by a faulty migration that creates a second 'head' in the migration chain, and the solution involves removing the unnecessary migration."
davidgonmar,uvlhub-egc,Incidencia 6: Fix Selenium tests for Chatbot and Advanced Search,"**Título** Fix Selenium tests for Chatbot and Advanced Search **Descripción** Añadir configuraciones especificas de forma que todos los equipos tengan la facilidad de correr los tests **Pasos para reproducir** 1.     cambiar el driver 2.     reproducir tests **Resultado esperado** Todos los tests de dichos WI funcionando en entornos locales **Resultado obtenido** N/A **Evidencias (capturas, logs, etc.)** N/A **Entorno** N/A **Posibles soluciones** Probar cambiar el driver que coge por defecto selenium. Tambien añadir XPath si es necesario **Percepción de prioridad o severidad (crítica, alta, media o baja)** Media **Comentarios adicionales** N/A",closed,incidence,Configuration,https://github.com/davidgonmar/uvlhub-egc/issues/177,,Configuration,"The bug report mentions changing the driver and adding specific configurations to run Selenium tests, which suggests a configuration issue rather than a code defect."
davidgonmar,uvlhub-egc,Incidencia 15: Refactor duplicated code in download all y download all relevant,"**Título** Refactor duplicated code in download all y download all relevant **Descripción** Gran parte de código duplicado en download all y download all relevant dataset **Pasos para reproducir** 1.     Mirar el fichero **Resultado esperado** Código más limpio **Resultado obtenido** Muchas repeticiones del mismo código **Evidencias (capturas, logs, etc.)** ![image](https://github.com/user-attachments/assets/2b3bcb26-49d3-48b1-8482-5dac57d39218) ![image](https://github.com/user-attachments/assets/22b890b8-099c-4c81-b25d-75fe0bb9977f) **Entorno** - Sistema operativo:  Ubuntu 24.04 - Versión del producto: - Modelo de navegador:  Google Chrome - Versión del navegador: 131.0.6778.108 - Detalles adicionales: ChromeDriver 131.0.6778.85 **Posibles soluciones** Crear una función común que puedan usar las dos rutas para la misma funcionalidad **Percepción de prioridad o severidad (crítica, alta, media o baja)** baja **Comentarios adicionales**",closed,"backend, refactor, incidence",Other,https://github.com/davidgonmar/uvlhub-egc/issues/176,,Other,"The bug report describes a code refactoring issue to eliminate duplicated code in two functions. It does not mention configuration artifacts or settings, but rather a code organization problem."
davidgonmar,uvlhub-egc,Incidencia 14: Fix selenium tests g2,"**Título** Fix selenium tests g2 **Descripción** Con las nuevas migraciones algunos test han empezado a fallar por los cambios de nomrbes y de informaciones **Pasos para reproducir** 1.     pytest **Resultado esperado** Todos los test pasados **Resultado obtenido** Ciertos test de selenium fallan **Evidencias (capturas, logs, etc.)** **Entorno** - Sistema operativo:  Ubuntu 24.04 - Versión del producto: - Modelo de navegador:  Google Chrome - Versión del navegador: 131.0.6778.108 - Detalles adicionales:  Chromedriver : 131.0.6778.85 **Posibles soluciones** Cambiar los xpath, los css selector y los link text **Percepción de prioridad o severidad (crítica, alta, media o baja)** baja **Comentarios adicionales**",closed,"backend, test, incidence",Configuration,https://github.com/davidgonmar/uvlhub-egc/issues/175,,Other,"The bug report describes an issue with Selenium tests failing due to changes in names and information after new migrations. The possible solutions involve changing XPath, CSS selectors, and link text, which suggests a code defect rather than a configuration issue."
davidgonmar,uvlhub-egc,Incidencia 13: Publication DOI when creating a dataset did not update the doi of the dataset,"**Título** Publication DOI when creating a dataset did not update the doi of the dataset **Descripción** When creating a dataset and inserting the doi, an error appeared, it wasn't updating the default doi with the new one **Pasos para reproducir** 1.     Log in 2.     Click upload dataset 3.     Fill in title, description, uvl and publication doi **Resultado esperado** A dataset with the new doi created **Resultado obtenido** Upload error **Evidencias (capturas, logs, etc.)** ![imagen](https://github.com/user-attachments/assets/00286e3f-b5b1-45a8-8b9b-1d3ccdca5479) **Entorno** - Operating System: Linux Ubuntu 22.04 - Product Version: v3.2.1 - Browser Model: Google Chrome - Browser Version: 109.0.5414.119 - Detalles adicionales: none **Posibles soluciones** Fix the validator and how you get the doi **Percepción de prioridad o severidad (crítica, alta, media o baja)** Alta, se están haciendo tests de este módulo, y se ha cambiado cosas **Comentarios adicionales** Esto es debido a que no se entiende bien lo que hacía Zenodo",closed,"backend, frontend, fix, incidence",Other,https://github.com/davidgonmar/uvlhub-egc/issues/173,,Configuration,"The bug report mentions a specific issue with the DOI not updating when creating a dataset, which could be related to configuration settings or interactions between different configuration options."
davidgonmar,uvlhub-egc,Incidencia 12: Delete the code related to transforming uvls when they are downloaded - Different versions of models,"**Título** Delete the code related to transforming UVLs when they are downloaded **Descripción** This functionality is implemented, but instead of being transformed when they are downloaded, they are transformed when they are published on the platform. **Pasos para reproducir** Not applicable. **Resultado esperado** Not applicable. **Resultado obtenido** Not applicable. **Evidencias (capturas, logs, etc.)** The functions to_glencoe, to_splot, and to_cnf have been deleted from the Flamapy module (routes). ![Captura desde 2024-12-10 20-12-53](https://github.com/user-attachments/assets/261cc6f5-e141-49a2-8c9a-c72bc39b18e9) ![Captura desde 2024-12-10 20-17-13](https://github.com/user-attachments/assets/4e88531d-62fb-4559-a0e1-cd156a2b87a8) **Entorno** Not applicable. **Posibles soluciones** Not applicable. **Percepción de prioridad o severidad (crítica, alta, media o baja)** Baja. **Comentarios adicionales** This Incidencia was opened to maintain a clean repository.",closed,"backend, refactor, incidence",Other,https://github.com/davidgonmar/uvlhub-egc/issues/172,,Other,"The bug report describes an issue with the implementation of a specific functionality (transforming UVLs when downloaded) and its incorrect behavior, which is related to code defects rather than configuration settings."
davidgonmar,uvlhub-egc,Tarea 47: Write Locust test - Fakenodo,Work item: Fakenodo Description: Write load tests after the change of Fakenodo,closed,test,Other,https://github.com/davidgonmar/uvlhub-egc/issues/170,,Other,"The bug report appears to be related to writing load tests after a change in Fakenodo, which suggests it's about testing or development rather than configuration."
davidgonmar,uvlhub-egc,Tarea 46: Write tests selenium - Advanced search,Work item: > Advanced search Description: > + Write frontend/selenium tests for Advanced search.,closed,test,Other,https://github.com/davidgonmar/uvlhub-egc/issues/168,,Other,"The bug report appears to be about writing tests using Selenium, which is a task related to development and testing, but it does not mention configuration artifacts or settings. It seems to be primarily focused on implementing test code rather than dealing with system configurations."
davidgonmar,uvlhub-egc,Tarea 46: PR Agent bot workflow,Description: Add a workflow to automate pull requests description and aproval.,closed,Sin etiquetas,Other,https://github.com/davidgonmar/uvlhub-egc/issues/158,,Other,"The bug report appears to be about adding a workflow for automating pull requests, which is related to development process and not specifically about configuration settings."
davidgonmar,uvlhub-egc,Tarea 45:  Write unit tests - Fakenodo,Work item: >  Fakenodo Description: >  - Crear Tests unitarios para fakenodo >  - Aumentar la cobertura de código,closed,"backend, test",Other,https://github.com/davidgonmar/uvlhub-egc/issues/156,,Other,"The bug report is about writing unit tests and increasing code coverage, which does not seem to be related to configuration settings or system setup."
davidgonmar,uvlhub-egc,Incidencia 11: Correct selenium folders and file names for a common structure - N/A,"**Título** Correct selenium folders and file names for a common structure **Descripción** Los ficheros de selenium presentan distintos nombres y estructuras dentro de los módulos del proyecto **Pasos para reproducir** 1.     Mirar los ficheros de test dentro de los módulos dataset y auth y la estructura será distinta **Resultado esperado** Estructura uniforme en todos los test de selenium y nombres de ficheros **Resultado obtenido** Diferentes nombres de ficheros de selenium, algunos en carpetas otros sueltos **Evidencias (capturas, logs, etc.)** ![image](https://github.com/user-attachments/assets/ec96dcaa-a12b-45b7-a486-24e89b8fca30) ![image](https://github.com/user-attachments/assets/925d99e4-cb9d-45a4-bb7f-fbaeeeda0586) **Entorno** - Sistema operativo: Ubuntu 24.04 - Versión del producto: - Modelo de navegador: Google Chrome - Versión del navegador: 130.0.6723.58 - Detalles adicionales: **Posibles soluciones** Cambiar nombres de ficheros y crear carpeta de selenium ide para todos los módulos con test de selenium **Percepción de prioridad o severidad (crítica, alta, media o baja)** baja **Comentarios adicionales**",closed,"backend, test, incidence",Configuration,https://github.com/davidgonmar/uvlhub-egc/issues/150,,Configuration,"The bug report mentions different file names and structures for Selenium tests within the project modules, which suggests a configuration issue rather than a code defect."
davidgonmar,uvlhub-egc,Incidencia 10: Update .env.example(s) - N/A,"**Título** Update .env.example(s) files. **Descripción** Actualizar los archivos .env.example con placeholders de nuestras variables de entorno para que el usuario pueda utilizar las nuevas funcionalidades. **Pasos para reproducir** No aplica. **Resultado esperado** No aplica. **Resultado obtenido** No aplica. **Evidencias (capturas, logs, etc.)** Ejemplo de .[env.example](https://github.com/davidgonmar/uvlhub-egc/blob/main/.env.local.example) desactualizado. **Entorno** No aplica. **Posibles soluciones** Añadir placeholders para que futuros usuarios o desarrolladores sepan que tienen que configurar esas variables con detalles. **Percepción de prioridad o severidad (crítica, alta, media o baja)** Baja. **Comentarios adicionales** Debe hacerse en torno al **final del milestone**, para asegurarnos de que el .env ya no se va a modificar más.",closed,"backend, build, incidence",Configuration,https://github.com/davidgonmar/uvlhub-egc/issues/148,,Configuration,"The bug report mentions updating .env.example files with placeholders for environment variables, which is a configuration issue."
davidgonmar,uvlhub-egc,Incidencia 9: Complete tests - Forgot Password,"**Título** Complete test **Descripción** Faltan test en el módulo auth, no hay suficientes test unitarios **Pasos para reproducir** **Resultado esperado** Un coverage más alto del módulo **Resultado obtenido** Un coverage no lo suficiente alto **Evidencias (capturas, logs, etc.)** ![image](https://github.com/user-attachments/assets/304c38c4-ef9a-4df7-a8a9-19cf286a276e) **Entorno** - Sistema operativo:  Ubuntu 24.04 - Versión del producto: - Modelo de navegador:  Google Chrome - Versión del navegador: 130.0.6723.58 - Detalles adicionales: **Posibles soluciones** Añadir más test unitarios **Percepción de prioridad o severidad (crítica, alta, media o baja)** baja **Comentarios adicionales**",closed,"backend, test, incidence",Other,https://github.com/davidgonmar/uvlhub-egc/issues/146,,Other,"The bug report is about missing unit tests in the auth module and low coverage, which suggests a code defect rather than a configuration issue."
davidgonmar,uvlhub-egc,Incidencia 8: Error in staging area with fakenodo when creating a dataset and accessing the dataset list.,"**Title** Error in staging area with fakenodo when creating a dataset and accessing the dataset list. **Description** When trying to create a new dataset in the staging area using the fakenodo, an error occurs when trying to access the dataset list after creation. This problem prevents the user from viewing the newly created datasets and affects the functionality of the staging environment. **Steps to reproduce** - Log in to the staging environment. - Create a new dataset using the fakenodo. - After creation, try to access the dataset list from the user interface. - Observe that the datasets do not load correctly, or an error message appears. **Expected result** The dataset list should display the newly created dataset without errors, allowing access and management. **Actual result** When trying to access the dataset list, an error occurs during loading, or the list does not update and does not include the newly created dataset. **Evidence (screenshots, logs, etc.)** ![WhatsApp Image 2024-12-02 at 16 29 57](https://github.com/user-attachments/assets/4575fb75-8a62-40cf-b470-f71fab0c5e6a) **Environment** - Operating System: Linux Ubuntu 22.04 - Product Version: v3.2.1 - Browser Model: Google Chrome - Browser Version: 109.0.5414.119 - Additional Details: The error occurs only in the staging environment it does not occur in the production environment. **Possible solutions** - Review the fakenodo configuration in the staging environment to ensure it is properly set up to handle dataset creation. - Check that the paths to the database or dataset storage are correct and not affected by environment-specific configurations in the staging area. **Priority or severity perception (critical, high, medium, low)** High. This error affects basic functionality in the staging environment and could delay the testing and development process. **Additional comments** This issue seems related to the fakenodo configuration in the staging environment. It would be helpful to check if other data creation processes exhibit similar issues.",closed,"backend, fix, incidence",Other,https://github.com/davidgonmar/uvlhub-egc/issues/141,,Configuration,"The bug report mentions fakenodo configuration in the staging environment and suggests reviewing it to resolve the issue. It also involves checking paths to database or dataset storage, which are typically configured settings."
davidgonmar,uvlhub-egc,Tarea 44: Frontend - Rate models,Work item: >  Rate datasets/models Description: >  Implement rating stars for each model >  Edit models rating in dataset screen,closed,"frontend, feat, task",Other,https://github.com/davidgonmar/uvlhub-egc/issues/140,,Other,"The bug report does not mention configuration artifacts or describe incorrect or missing configurations. It appears to be a feature request for implementing rating stars in the frontend, which is related to code development rather than system configuration."
davidgonmar,uvlhub-egc,Incidencia 7:  Download all datasets gets overflowed with new files - Search queries,"**Título** Download all datasets gets overflowed with new files **Descripción** Al descargar todos los ficheros de todas las datasets nuevas la aplicación se ve sobrepasada en el número de ficheros. **Pasos para reproducir** 1.     Entrar en explore 2.     Intentar descargar all relevant datasets datasets 3.       [...] **Resultado esperado** Descarga de ficheros en la carpeta download **Resultado obtenido** Error del servidor, 500 **Evidencias (capturas, logs, etc.)** ![image](https://github.com/user-attachments/assets/c0446e19-3a1f-46d4-bb0d-7a5c899afd26) ![image](https://github.com/user-attachments/assets/924094bd-42da-4c91-8a4e-05a50cd7bd72) **Entorno** - Sistema operativo: Ubuntu 24.04 - Versión del producto: - Modelo de navegador: Google Chrome - Versión del navegador: 130.0.6723.58 - Detalles adicionales: **Posibles soluciones** Modificando la forma de iterar en la función zip **Percepción de prioridad o severidad (crítica, alta, media o baja)** alta **Comentarios adicionales** <comentarios adicionales>",closed,"backend, fix, incidence",Other,https://github.com/davidgonmar/uvlhub-egc/issues/137,,Configuration,"The bug report mentions an error with the server (500) and suggests modifying the way of iterating in a function called zip, which implies that there might be an issue with how the system is configured or set up to handle file downloads."
davidgonmar,uvlhub-egc,Tarea 43: Backend for rate Models,Work item: >  Rate Description: >  Implement database models >  Implement backend logic and basic routing,closed,"backend, feat, task",Other,https://github.com/davidgonmar/uvlhub-egc/issues/134,,Other,"The provided information does not mention configuration artifacts or describe a specific issue related to system setup, deployment, or runtime settings. It appears to be a task description for implementing backend logic and database models."
davidgonmar,uvlhub-egc,Tarea 42:  Test for Search Queries - Search Queries,Work item: > Search Queries Description: >  - Unit tests >  - Locust tests >  - Selenium tests,closed,"backend, frontend, test, task",Other,https://github.com/davidgonmar/uvlhub-egc/issues/133,,Other,The bug report appears to be related to testing and does not mention configuration artifacts or settings. It seems to be a general issue with test cases rather than a specific configuration problem.
davidgonmar,uvlhub-egc,Incidencia 6: Return button in view datasets required for QoL purposes,"**Título** Return button in view datasets required for QoL purposes **Descripción** creación de un boton en el menu de view datasets para volver a la página de inicio, creando un ambiente mas comodo para el usuario **Resultado esperado** aparicion del boton funcional en la pagina de los datasets **Resultado obtenido** aparicion del boton funcional en la pagina de los datasets **Entorno** - Sistema operativo: MacOs Ventura 13.6.9 - Versión del producto: - Modelo de navegador: Google Chrome - Versión del navegador: 130.0.6723.58 - Detalles adicionales: **Percepción de prioridad o severidad (crítica, alta, media o baja)** baja",closed,"backend, frontend, incidence",Other,https://github.com/davidgonmar/uvlhub-egc/issues/130,,Other,"The bug report describes a feature request for adding a return button in the view datasets page to improve user experience. It does not mention any configuration artifacts, incorrect or missing configurations, system setup, deployment, or runtime settings. The issue is related to the functionality of the application rather than its configuration."
davidgonmar,uvlhub-egc,Tarea 41: Frontend - Rate datasets,Work item: >  Rate datasets/models Description: >  Implement rating button >  Edit dataset screen,closed,"frontend, feat, task",Other,https://github.com/davidgonmar/uvlhub-egc/issues/128,,Other,"The provided information does not mention configuration artifacts or settings. It appears to be a feature request or implementation task for the frontend, which may involve code development rather than configuration issues."
davidgonmar,uvlhub-egc,Incidencia 5: Incorrect behavior of explore page - Advanced Search,"**Título** Incorrect behavior of explore page **Descripción** Los datasets que no contienen ningún modelo UVL no se muestran en el listado de la pantalla ""Explore"", ni por búsqueda general ni por búsqueda específica por filtros adecuados como el nombre del dataset sin modelos. En la página principal ""Home"" sí se muestran, así como es posible entrar la página con los detalles del dataset. **Pasos para reproducir** 1.     Ejecutar el script de seeder de la aplicación. 2.     Ejecutar la aplicación. 3.     Entrar a la página ""Home"". 4.     Entrar a la página ""Explore."" **Resultado esperado** Todos los datasets deberían estar en la página ""Home"" y ""Explore"" **Resultado obtenido** Solo los datasets que contienen modelos UVL aparecen en la página ""Explore"". Los datasets sin modelos solo aparecen en la página ""Home"". **Evidencias (capturas, logs, etc.)** ![Imagen de WhatsApp 2024-11-28 a las 11 52 20_4089ed44](https://github.com/user-attachments/assets/861ec4f0-e1f3-4527-9785-e4e3ac1d14eb) ![Imagen de WhatsApp 2024-11-28 a las 11 52 41_fe7c2ada](https://github.com/user-attachments/assets/19ca3781-01ee-466a-8b5c-465a4bf2f16c) ![Imagen de WhatsApp 2024-11-28 a las 11 53 01_1122cfd4](https://github.com/user-attachments/assets/221b4576-a7d5-4ae3-a8a4-98d0fe8a3267) ![Imagen de WhatsApp 2024-11-28 a las 11 53 24_2ec75169](https://github.com/user-attachments/assets/4604fe83-2b4c-4394-9bc3-d528ad78b069) **Entorno** - Sistema operativo:  Ubuntu - Versión del producto:  24.04.1 LTS - Modelo de navegador:  Mozilla Firefox - Versión del navegador: 132.0 - Detalles adicionales:  N/A **Posibles soluciones** 1. Cambiar los seeders para no incluir datasets vacíos. Esta solución parece lógica pero no soluciona el problema base sino que lo evita. 2. Cambiar la lógica desde backend para la página de explore. Esta es la solución más práctica y útil. **Percepción de prioridad o severidad (crítica, alta, media o baja)** Baja. **Comentarios adicionales** N/A",closed,"backend, fix, incidence",Other,https://github.com/davidgonmar/uvlhub-egc/issues/123,,Configuration,"The bug report mentions the need to change the seeders and the logic from the backend for the 'Explore' page, which suggests that the issue is related to how the system is configured or set up rather than a flaw in the source code itself."
davidgonmar,uvlhub-egc,Incidencia 4: Checkmarks from developer datasets missing from browser screen - Register Developer,"**Título** checkmarks from developer submitted datasets missing from browser screen **Descripción** Los datasets que esten subidos por un developer tienen en la pantalla de inicio un checkmark azul que los certifica. sin embargo estos checkmarks no estan presentes **Resultado esperado** Aparición del checkmark en la pagina de busqueda **Resultado obtenido** Aparición del checkmark en la pagina de busqueda **Entorno** - Sistema operativo:  MacOs Ventura 13.6.9 - Versión del producto: - Modelo de navegador:  Google Chrome - Versión del navegador: 130.0.6723.58 - Detalles adicionales: **Posibles soluciones** recrear el sistema de creación de checkmarks en la página de inicio en la página de búsqueda **Percepción de prioridad o severidad (crítica, alta, media o baja)** baja **Comentarios adicionales**",closed,"frontend, feat, incidence",Other,https://github.com/davidgonmar/uvlhub-egc/issues/119,,Other,"The bug report describes a missing feature or functionality in the browser screen, but it does not mention any configuration artifacts, incorrect configurations, system setup, deployment, or runtime settings. The issue seems to be related to the frontend code rather than a configuration problem."
davidgonmar,uvlhub-egc,Tarea 40: Generate Tests - Different Versions of Models,Work item: >  Different versions of models. Description: >  - Creation of the tests for the WI: Different versions of models.,closed,"backend, test, task",Other,https://github.com/davidgonmar/uvlhub-egc/issues/118,,Other,"The bug report appears to be related to a task or work item for generating tests, but it does not mention configuration artifacts, incorrect configurations, system setup, deployment, runtime settings, or unintended interactions between configuration settings. It seems more focused on the development and testing process rather than system configuration."
davidgonmar,uvlhub-egc,Tarea 40: Set-up Vagrant - N/A,Work item: >  N/A. Description: >  - Config vagrant files to make them compatible with all our deployment methods and current workflows.,closed,"backend, build, task",Configuration,https://github.com/davidgonmar/uvlhub-egc/issues/115,,Configuration,"The bug report involves configuring Vagrant files to make them compatible with deployment methods and workflows, which suggests a configuration issue."
davidgonmar,uvlhub-egc,Incidencia 3: Fakenodo needs to have a service - Fakenodo,"**Título** Falta de servicio en Fakenodo **Descripción** EL servicio de Fakenodo actualmente está vacío y nos ha llegado información de otro grupo que la implementación es diferente **Pasos para reproducir** 1.     Mirar código **Resultado esperado** service.py tiene que simular el zenodo pero en vez de llamadas a api devuelve mensajes json. **Resultado obtenido** **Evidencias (capturas, logs, etc.)** ![imagen](https://github.com/user-attachments/assets/8121f673-d5c7-403c-9544-ff3fc99a29f5) **Entorno** - Sistema operativo: Ubuntu 24.04 - Versión del producto: - Modelo de navegador: Google Chrome - Versión del navegador: 130.0.6723.58 - Detalles adicionales: **Posibles soluciones** Copiar el service.py de zenodo y cambiar lo que devuelve a respuestas de json. **Percepción de prioridad o severidad (crítica, alta, media o baja)** Baja **Comentarios adicionales** Habría que hablar con el tutor antes de mergear esta pull request",closed,"backend, fix, incidence",Other,https://github.com/davidgonmar/uvlhub-egc/issues/111,,Other,"The bug report describes a code defect in the service.py file where it is expected to simulate Zenodo but instead returns JSON messages. The issue seems to be related to the implementation of the service, not a configuration problem."
davidgonmar,uvlhub-egc,Tarea 39:  Direct download of all supported-platform formats - Different Versions of Models,Work item: >  Different Versions of Models Description: >  - Being able to directly download all platform-supported formats without needing to convert them beforehand.,closed,"backend, frontend, task",Other,https://github.com/davidgonmar/uvlhub-egc/issues/110,,Other,"The bug report does not mention configuration artifacts or describe incorrect or missing configurations. It appears to be related to a feature request for downloading different versions of models without conversion, which is more related to code functionality than system configuration."
davidgonmar,uvlhub-egc,Incidencia 2:  Selenium Test failure due to dataset name change - Improve UI,"**Título** Fallo en tests por cambio de nombre en datasets **Descripción** Fallo de un test de selenium tras la modificación de los seeders para el work item de search queries **Pasos para reproducir** 1.     pytest **Resultado esperado** 62 test passed **Resultado obtenido** 1 failed, 61 passed **Evidencias (capturas, logs, etc.)** ![image](https://github.com/user-attachments/assets/8396edc7-b5c6-4efa-ad84-2369e298cc23) ![image](https://github.com/user-attachments/assets/35ceec5d-99d7-434c-9b0d-6cd985792e72) **Entorno** - Sistema operativo:  Ubuntu 24.04 - Versión del producto: - Modelo de navegador: Google Chrome - Versión del navegador: 130.0.6723.58 - Detalles adicionales: **Posibles soluciones** Cambio de nombre del dataset en el test para que coincida con la aplicación actual **Percepción de prioridad o severidad (crítica, alta, media o baja)** baja **Comentarios adicionales**",closed,"backend, fix, incidence",Configuration,https://github.com/davidgonmar/uvlhub-egc/issues/108,,Configuration,The bug report mentions a dataset name change which is likely related to configuration settings. The test failure due to this change suggests an issue with how the system is configured rather than a code defect.
davidgonmar,uvlhub-egc,Tarea 38: Backend - Rate datasets/models,Work item: >  Rate datasets/models Description: >  Implement the database models >  Implement backend logic and routing,closed,"backend, feat",Other,https://github.com/davidgonmar/uvlhub-egc/issues/103,,Other,"The provided information does not mention configuration artifacts or settings. It appears to be a task description for implementing database models and backend logic, which is more related to coding and development rather than configuration."
davidgonmar,uvlhub-egc,Tarea 29: Implement advanced search - Advanced search,Sin descripción,closed,"backend, frontend, feat, task",Other,https://github.com/davidgonmar/uvlhub-egc/issues/98,,Other,"The provided information does not mention configuration artifacts or settings, so it's unlikely to be a configuration bug report."
davidgonmar,uvlhub-egc,Tarea 37: Generate Tests - Staging Area,Work item: > Staging Area Description: >  - Unit tests >  - Locust tests >  - Selenium tests,closed,"feat, test, task",Other,https://github.com/davidgonmar/uvlhub-egc/issues/96,,Other,"The bug report appears to be related to a development task or feature implementation rather than a configuration issue. It mentions generating tests for different environments, but there is no indication of any configuration-related problems."
davidgonmar,uvlhub-egc,Tarea 36: Write tests - Fakenodo,Work item: >  Fakenodo Description: >  - Add some more unit tests if possible. >  - Add a load test and a Selenium test if possible.,closed,test,Other,https://github.com/davidgonmar/uvlhub-egc/issues/93,,Other,"The bug report is about adding tests, which does not seem to be related to configuration settings or system setup. It appears to be a task for implementing additional testing functionality."
davidgonmar,uvlhub-egc,Tarea 36: Realizar READme,Work item: >  N/A Description: >  - Modify readme file,closed,docs,Other,https://github.com/davidgonmar/uvlhub-egc/issues/90,,Other,"The bug report is about modifying a README file, which does not seem to be related to configuration settings or system behavior. It appears to be a documentation task."
davidgonmar,uvlhub-egc,Tarea 35: Transform Published Datasets into All Platform-Supported Formats - Different Versions of Models,"Work item: >  Different Versions of Models Description: >  - The dataset will be transformed into all platform-supported formats when published, except for the UVL format, which is the required format when the dataset is uploaded to the platform.",closed,"backend, refactor, task",Other,https://github.com/davidgonmar/uvlhub-egc/issues/89,,Other,"The bug report appears to be related to a specific task or feature implementation rather than a configuration issue. It mentions the transformation of datasets and different versions of models, which suggests a code-related problem rather than a configuration one."
davidgonmar,uvlhub-egc,Tarea 34: Update Database Seeder - Different Versions of Models,"Work item: >  Different Versions of Models Description: >  - Update the migration and seeders to store all platform-supported formats in the dataset, except for the UVL format, which is already implemented.",closed,"backend, feat, task",Configuration,https://github.com/davidgonmar/uvlhub-egc/issues/88,,Other,"The bug report appears to be related to updating database seeders and migration scripts, which involves code changes rather than configuration settings."
davidgonmar,uvlhub-egc,Tarea 33: Add Backend for Staging Area - Staging Area,Work item: >  Staging Area Description: >  - Add draft mode feature,closed,"backend, feat",Other,https://github.com/davidgonmar/uvlhub-egc/issues/86,,Other,"The bug report does not mention configuration artifacts or describe incorrect or missing configurations. It appears to be a feature request for adding a backend for the staging area, which is more related to development and implementation rather than system configuration."
davidgonmar,uvlhub-egc,Tarea 32: Add Frontend for Staging Area - Staging Area,Work item: >  Staging Area Description: >  - Create staging area screen >  - Add button to save to staging area >  - Add button to acces datasets in staging area,closed,"frontend, feat, task",Other,https://github.com/davidgonmar/uvlhub-egc/issues/85,,Other,"The bug report appears to be related to a feature development task rather than a configuration issue. It involves adding frontend functionality for the staging area, which suggests a code-related problem rather than a misconfiguration."
davidgonmar,uvlhub-egc,Tarea 31: Improve Search Queries - Search Queries,Work item: >  Search Queries Description: >  Improve search queries.,closed,"backend, feat, task",Other,https://github.com/davidgonmar/uvlhub-egc/issues/84,,Other,"The bug report does not mention configuration artifacts or describe incorrect or missing configurations. It appears to be related to a feature improvement in the backend, which suggests it's a code-related issue rather than a configuration one."
davidgonmar,uvlhub-egc,Tarea 30: Download relevant datasets - Search Queries,Work Item: > Search Queries Description: > + Make it possible to download only the dataset that appear after filtering with the search queries,closed,"backend, feat, task",Other,https://github.com/davidgonmar/uvlhub-egc/issues/81,,Other,"The bug report appears to be related to a feature request or an issue with search queries functionality in the backend, but it does not mention configuration artifacts or settings. It seems to be more of a code defect or a requirement for new functionality rather than a configuration issue."
davidgonmar,uvlhub-egc,Tarea 29:  Update Seeders - Search queries,Work Item: > Search Queries Description: >+ Updating seeders so that there's enough files for the seeders to work >+ Webscrapping from zenodo,closed,"backend, database, task",Other,https://github.com/davidgonmar/uvlhub-egc/issues/80,,Other,"The bug report appears to be related to updating seeders and webscraping from zenodo, but it does not mention configuration artifacts or incorrect configurations. It seems more focused on a task or feature implementation rather than a configuration issue."
davidgonmar,uvlhub-egc,Tarea 28: UVLHub context for AI chatbot - AI chatbot,"Work item: > AI chatbot Description: > + After M2, we were required to add a new feature to the AI chatbot. We must pass an initial context to the AI API about UVLHub.",closed,"backend, feat",Other,https://github.com/davidgonmar/uvlhub-egc/issues/78,,Other,"The bug report does not mention configuration artifacts or incorrect configurations, but rather a feature addition and passing an initial context to the AI API. This suggests it's related to code changes rather than configuration settings."
davidgonmar,uvlhub-egc,Tarea 26 - Write Locust test - Sign up validation,"Work item: >   Sign up validation Description: >  + Write load test (after M2 we have been required to add more tests, not only unit tests).",closed,test,Other,https://github.com/davidgonmar/uvlhub-egc/issues/76,,Other,"The bug report appears to be about writing a load test for sign up validation, which is related to testing and not configuration."
davidgonmar,uvlhub-egc,Tarea 27: Download all datasets (not all formats) - Donwload all,Work item: > Donwload all Description: > + Download all datasets. > + It will not consider yet downloading them in all formats.,closed,"backend, frontend, feat, database",Other,https://github.com/davidgonmar/uvlhub-egc/issues/75,,Other,"The bug report appears to be related to a feature request or task description rather than an issue caused by misconfigured settings. It mentions downloading datasets in different formats, which suggests a functional requirement rather than a configuration problem."
davidgonmar,uvlhub-egc,Tarea 26: add to 'Acta fundacional' M2 feedback,Work item: >   N/A Description: > Write in 'Acta fundacional' all feedback and those things agreed fom the M2 meetings.,closed,Sin etiquetas,Other,https://github.com/davidgonmar/uvlhub-egc/issues/71,,Other,"The bug report does not mention configuration artifacts, incorrect or missing configurations, system setup, deployment, runtime settings, or unintended interactions between configuration settings. It appears to be a task or work item related to writing feedback in an 'Acta fundacional' document."
davidgonmar,uvlhub-egc,Tarea 25: Write tests - Advanced search,"Work item: > Advanced search Description: > + Write unit tests for Advanced search. > + Unit tests are compulsory. Load and Selenium tests should be done if possible, but there may be WI which don't support them. If they are possible, we must do them.",closed,test,Other,https://github.com/davidgonmar/uvlhub-egc/issues/70,,Other,"The bug report appears to be about writing unit tests and does not mention configuration artifacts or settings. It is related to testing and development rather than system setup, deployment, or runtime configurations."
davidgonmar,uvlhub-egc,Tarea 24: Write tests - Rate datasets/models,"Work item: > Rate datasets/models Description: > + Write unit tests for Rate datasets/models. > + Unit tests are compulsory. Load and Selenium tests should be done if possible, but there may be WI which don't support them. If they are possible, we must do them.",closed,test,Other,https://github.com/davidgonmar/uvlhub-egc/issues/69,,Other,The bug report primarily involves writing unit tests and does not mention any configuration issues or settings.
davidgonmar,uvlhub-egc,Tarea 23: Write tests - Donwload all,"Work item: > Download all Description: > + Write unit tests for Download all. > + Unit tests are compulsory. Load and Selenium tests should be done if possible, but there may be WI which don't support them. If they are possible, we must do them.",closed,test,Other,https://github.com/davidgonmar/uvlhub-egc/issues/68,,Other,The bug report appears to be related to writing tests and does not mention configuration artifacts or settings. It seems to be a task about implementing unit tests for a specific feature.
davidgonmar,uvlhub-egc,Tarea 21: Write tests - Multiple Login,"Work item: > Multiple login Description: > + Write unit tests for multiple login. > + Unit tests are compulsory. Load and Selenium tests should be done if possible, but there may be WI which don't support them. If they are possible, we must do them.",closed,test,Other,https://github.com/davidgonmar/uvlhub-egc/issues/67,,Other,"The bug report appears to be about writing unit tests for multiple login functionality, rather than an issue caused by misconfigured settings or incorrect parameter values."
davidgonmar,uvlhub-egc,Tarea 22: Write tests - AI chatbot,"Work item: > AI chatbot Description: > + Write unit tests for AI chatbot. > + Unit tests are compulsory. Load and Selenium tests should be done if possible, but there may be WI which don't support them. If they are possible, we must do them.",closed,test,Other,https://github.com/davidgonmar/uvlhub-egc/issues/66,,Other,"The bug report appears to be related to writing unit tests for an AI chatbot, which is a development task rather than a configuration issue."
davidgonmar,uvlhub-egc,Incidencia 1: Broken Log-out,"**Título:** Broken Log-out **Descripción:** El log-out no funciona. **Pasos para reproducir:** 1. Hacer log-in con cualquier cuenta. 2. Intentar hacer log-out. **Resultado esperado:** Se hace log-out correctamente. **Resultado obtenido:** No se hace log-out. **Evidencias (capturas, logs, etc.):** N/A. **Posibles soluciones:** Eliminar la línea de borrado de sesión. Ese parece ser el problema. **Percepción de prioridad o severidad (crítica, alta, media o baja):** Alta.",closed,Sin etiquetas,Other,https://github.com/davidgonmar/uvlhub-egc/issues/62,,Other,"The bug report describes a broken log-out functionality, but it does not mention configuration artifacts or incorrect configurations. It seems to be related to the source code itself rather than how the system is configured."
davidgonmar,uvlhub-egc,Tarea 20: Fakenodo,Fakenodo development,closed,Sin etiquetas,Other,https://github.com/davidgonmar/uvlhub-egc/issues/59,,Other,"Insufficient information is provided to determine if the bug report is a configuration issue. The description does not mention any specific configuration artifacts, settings, or interactions that could indicate a configuration problem."
davidgonmar,uvlhub-egc,Tarea 19: Donwload all formats - Download all,"Work item: > Donwload all Description: > + Currently, there is an option to download all datasets in UVL format. > + Now, we have to make that when downloading them all, they are download in all formats, not only UVL.",closed,"backend, feat, database",Other,https://github.com/davidgonmar/uvlhub-egc/issues/53,,Other,The bug report appears to be about adding a new feature (downloading all formats) rather than an issue caused by misconfigured settings or incorrect parameter values.
davidgonmar,uvlhub-egc,Tarea 18: Login with ORCID account - Multiple Login,Opción para que los usuarios inicien sesión utilizando sus cuentas de ORCID.,closed,"backend, frontend, feat",Other,https://github.com/davidgonmar/uvlhub-egc/issues/35,,Other,"The bug report does not mention configuration artifacts or describe incorrect or missing configurations. It appears to be related to a feature implementation (feat) and has been closed, suggesting it was resolved as part of the development process."
davidgonmar,uvlhub-egc,Tarea 15: Chatbot API routes and frontend - AI chatbot,Work item: > AI Integration Description: > - Implement a chatbot accessible from any screen of the application. Use OpenAI API to carry out this task. > - Frontend but also a bit of backend.,closed,"backend, frontend, feat",Other,https://github.com/davidgonmar/uvlhub-egc/issues/32,,Other,"The bug report does not mention configuration artifacts or describe incorrect or missing configurations. It appears to be a task description for implementing a chatbot API and frontend, which is more related to code development than configuration."
davidgonmar,uvlhub-egc,Tarea 14: Integrate chatbot API (backend) - AI chatbot,Work item: AI Integration Description: Implement a chatbot accessible from any screen of the application. Use OpenAI API to carry out this task,closed,"backend, feat",Other,https://github.com/davidgonmar/uvlhub-egc/issues/22,,Other,The bug report appears to be related to implementing a feature (chatbot API integration) rather than describing an issue caused by misconfigured settings or incorrect parameter values.
davidgonmar,uvlhub-egc,Tarea 13: UI Change to Prototype Model - Improve UI,Work item: > Improve UI Description: >  + The way of listing the dataset content has to be as similar as possible to the prototype for the principle of usability predictability.,closed,frontend,Other,https://github.com/davidgonmar/uvlhub-egc/issues/19,,Other,"The bug report appears to be related to a UI change and improving the usability of an application, but it does not mention configuration artifacts or settings. It seems to be more focused on a code or design issue rather than a configuration problem."
davidgonmar,uvlhub-egc,Tarea 12: Login with Google - Multiple Login,Opción para que los usuarios inicien sesión utilizando sus cuentas de GitHub.,closed,"backend, frontend, feat",Other,https://github.com/davidgonmar/uvlhub-egc/issues/18,,Other,The bug report does not mention configuration artifacts or describe incorrect or missing configurations. It seems to be related to a feature implementation (Login with Google) rather than a configuration issue.
davidgonmar,uvlhub-egc,Tarea 7: Generate Tests - Remember My Password,"Work item: > Remember (Forgot) My Password Description: >  + Generate tests (unit, integration, interface...) for the remember my password backend.",closed,test,Other,https://github.com/davidgonmar/uvlhub-egc/issues/16,,Other,"The bug report appears to be related to writing tests for a feature, rather than an issue with system configuration."
davidgonmar,uvlhub-egc,Tarea 11: Frontend Characteristics - Register Developer,"Work item: > Register Developer Description: >  + Add checkbox to register. >  + Add ""checkmark"" to user profile. >  + Add github field to user profile. >  + Add automatic labels to datasets.",closed,"frontend, feat",Other,https://github.com/davidgonmar/uvlhub-egc/issues/15,,Other,"The bug report appears to be related to adding new features and UI elements to the frontend of a system, rather than an issue with configuration settings."
davidgonmar,uvlhub-egc,Tarea 10: Change User Model and Generate Tests - Register Developer,"Work item: > Register Developer Description: >  + Change user model to include developer options and characteristics. >  + Generate tests (unit, integration, interface...) for the register developer backend.",closed,"backend, feat",Other,https://github.com/davidgonmar/uvlhub-egc/issues/14,,Other,"The bug report appears to be related to a development task involving code changes and test generation, rather than a configuration issue."
davidgonmar,uvlhub-egc,Tarea 9: Frontend Screens - Remember My Password,Work item: > Remember (Forgot) My Password Description: >  + Add button. >  + Check code screen. >  + Reset password screen.,closed,"frontend, feat, task",Other,https://github.com/davidgonmar/uvlhub-egc/issues/13,,Other,"The bug report appears to be related to a specific feature or functionality in the frontend code, but it does not mention configuration artifacts, incorrect configurations, system setup, deployment, runtime settings, or unintended interactions between configuration settings. It seems to be primarily focused on a code defect rather than a configuration issue."
davidgonmar,uvlhub-egc,Tarea 8: Validate Code and Update Password  - Remember My Password,Work item: > Remember (Forgot) My Password Description: >  + Check that the input code is the same as the generated one. >  + Update password with new password.,closed,"backend, feat",Other,https://github.com/davidgonmar/uvlhub-egc/issues/12,,Other,"The bug report does not mention configuration artifacts or describe incorrect or missing configurations. It appears to be related to a feature implementation and validation of user input, rather than a system setup or deployment issue."
davidgonmar,uvlhub-egc,Tarea 6: Send Email and Generate Code - Remember My Password,Work item: > Remember (Forgot) My Password Description: >  + Send email with generated code. >  + Generate code to be sent in the email. >  + Base structure for the backend methods.,closed,"backend, feat",Other,https://github.com/davidgonmar/uvlhub-egc/issues/11,,Other,The bug report appears to be related to a feature implementation (backend methods) and does not mention configuration artifacts or settings. It seems to be focused on the development of code rather than its configuration.
davidgonmar,uvlhub-egc,Tarea 5: Login with GitHub Account - Multiple Login,Work item: > Multiple login Description: > + Opción para que los usuarios inicien sesión utilizando sus cuentas de GitHub. > + Frontend y backend.,closed,"backend, frontend, feat",Other,https://github.com/davidgonmar/uvlhub-egc/issues/10,,Other,The bug report appears to be about implementing a feature (login with GitHub account) rather than describing an issue caused by misconfigured settings.
davidgonmar,uvlhub-egc,Tarea 4: Notify user of email and wait for code (frontend) - Sign-up validation,"Work item: > Sign-up validation Description: >  + Notify the user, onscreen, that an email has been sent. >  + Wait for the code to be sent and send it one it is entered.",closed,"backend, frontend, feat",Other,https://github.com/davidgonmar/uvlhub-egc/issues/8,,Other,"The bug report description does not mention configuration artifacts or incorrect configurations, but rather describes a functional requirement for the system's behavior. It appears to be related to code implementation and user experience."
davidgonmar,uvlhub-egc,Tarea 3: Receive and validate input code (backend) - Sign-up validation,"Work item: > Sign-up validation Description: > + The user will input a code and the application must manage it. The input code must be compared to the code that was output, to check its validity (date, time to live, user, etc.).",closed,"backend, feat",Other,https://github.com/davidgonmar/uvlhub-egc/issues/7,,Other,"The bug report appears to be about a feature implementation or validation logic in the code, rather than a configuration issue."
davidgonmar,uvlhub-egc,Tarea 2: Write tests - Sign-up validation,Work item: > Sign-up validation Description: > + Write unit tests for sign up validation (only unit tests are required).,closed,test,Other,https://github.com/davidgonmar/uvlhub-egc/issues/6,,Other,"The bug report appears to be about writing unit tests for sign-up validation, which is a development task rather than a configuration issue."
davidgonmar,uvlhub-egc,Tarea 1: Sending email with code (backend) - Sign-up validation,"Work item: > Sign-up validation Description: > +  Implement in backend the code (date, time to live, user, etc.) > + When the user wants to sign up, an email will be sent to their email, with a verification code. Implement the sending of the email in backend, using an external server, an API or whatever needed. > - Not considered: the onscreen notification of the sending and the validation of the check.",closed,"backend, feat",Other,https://github.com/davidgonmar/uvlhub-egc/issues/5,,Other,"The bug report does not mention configuration artifacts or incorrect configurations, but rather a feature implementation in the backend. It seems to be related to code development rather than system setup or deployment."
davidgonmar,uvlhub-egc,Getting started,- Carry out lab 1. - Carry out lab 2 (P4-testing). - Integrate commit workflow to enforce the ´Conventional Commits´ convention.,closed,Sin etiquetas,Other,https://github.com/davidgonmar/uvlhub-egc/issues/1,,Other,"The bug report appears to be a task or instruction for completing labs and integrating a commit workflow, rather than describing an issue caused by misconfigured settings."
Lidiajim,montaito-hub,Change ranking icon,"As a user, I want to see a better cion in ranking Impacted Modules: None Estimated Hours: 1h",open,"3, M3, upgrade",Other,https://github.com/Lidiajim/montaito-hub/issues/100,,Other,"The bug report does not mention configuration artifacts or describe incorrect or missing configurations. It appears to be a feature request related to user interface, specifically the ranking icon."
Lidiajim,montaito-hub,Bug Uvlhub Menu,"As a user, I want to see the right menu on uvlhub. Impacted Modules: None Estimated Hours: 1h",closed,"bug, 3, M3",Other,https://github.com/Lidiajim/montaito-hub/issues/94,,Other,"The description does not mention configuration artifacts or settings, and the title suggests a user interface issue rather than a configuration problem."
Lidiajim,montaito-hub,AI Payload Bug,"As a user, I want to fix the AI payload bug when the app is running: Impacted Modules: AI Estimated Hours: 30min",closed,"bug, 3, M3",Other,https://github.com/Lidiajim/montaito-hub/issues/90,,Other,"The provided information does not mention configuration artifacts or settings. The title and description suggest a code-related issue with the AI payload, which is likely a defect in the source code rather than a misconfiguration."
Lidiajim,montaito-hub,AI Blueprint Bug,"As a user, I want to fix the AI Blueprint bug when the app is running. Impacted Modules: AI Estimated Hours: 10min",closed,"bug, 3, M3",Other,https://github.com/Lidiajim/montaito-hub/issues/89,,Other,"The provided information does not mention configuration artifacts or settings. The title and description suggest a code-related issue with the AI Blueprint, which is likely a defect rather than a configuration problem."
Lidiajim,montaito-hub,Upgrade Discord bot,"As a user, I want to see a section on the home screen that allows me to join the Discord server for the course, so I can easily join de bot server. Estimation: 1h estimated. Impacted Modules: none",closed,"3, high, M3, upgrade",Other,https://github.com/Lidiajim/montaito-hub/issues/82,,Other,"The bug report does not mention configuration artifacts or describe incorrect or missing configurations. It appears to be a feature request for an enhancement in the user interface, rather than a problem caused by misconfigured settings."
Lidiajim,montaito-hub,Fix migrations on render,"As a admin I want to deploy the app on render, but there is a error with migrations Estimation: 2h estimated. Impacted Modules: Migrations",closed,"fix, low, 2, M3, config",Configuration,https://github.com/Lidiajim/montaito-hub/issues/79,,Configuration,"The bug report mentions 'config' as a tag, which suggests that the issue is related to configuration settings."
Lidiajim,montaito-hub,Unit-Test flamapy,"Title: Add Unit Tests for FlamaPy Description: As a user, I want comprehensive unit tests for the Dataset and Public modules of FlamaPy to ensure code reliability and facilitate future development. Estimation: 1h estimated. Impacted Modules: flamapy",closed,"test, 2, M3",Other,https://github.com/Lidiajim/montaito-hub/issues/78,,Other,"The bug report is about adding unit tests for the FlamaPy codebase, which does not seem to be related to configuration settings. It appears to be a request for implementing additional testing functionality."
Lidiajim,montaito-hub,Feature: Deploy with Docker,"As a user, I want to deploy the app with Docker. Estimation: 1 hour estimated. Impacted Modules: None.",closed,"feature, medium, 2, M3",Configuration,https://github.com/Lidiajim/montaito-hub/issues/76,,Other,The bug report is about implementing a new feature (deploying with Docker) and does not mention any configuration issues or misconfigured settings.
Lidiajim,montaito-hub,Workflows Integration,"As a user, I want to fix all the workflows so that they work well in main. Impacted Modules: None Estimated Hours: 6h",closed,"fix, 3, M3",Configuration,https://github.com/Lidiajim/montaito-hub/issues/72,,Other,"The bug report does not mention configuration artifacts or describe incorrect or missing configurations. It seems to be a general task for fixing workflows, which could involve code changes rather than just configuration issues."
Lidiajim,montaito-hub,Unit tests in notepad,"As a user, I want to ensure the functionality for notapad works correctly by implementing comprehensive unit tests, so I can verify the feature's reliability and avoid potential issues during usage. Estimation: 1h estimated. Impacted Modules: Notepad",closed,"test, 1, M3",Configuration,https://github.com/Lidiajim/montaito-hub/issues/68,,Other,"The bug report is about implementing unit tests for the notepad feature, which does not relate to configuration settings. It's a request to add testing functionality."
Lidiajim,montaito-hub,Workflow- Collect errors,"As a user, I want a new workflow that collects the errors from other workflows and centralizes them for easier debugging and analysis. Estimation: 1h estimated. Impacted Modules: CI/CD workflows (.github/workflows)",closed,"medium, 2, M3",Other,https://github.com/Lidiajim/montaito-hub/issues/67,,Other,"The bug report appears to be about implementing a new feature or workflow rather than addressing an existing configuration issue. It mentions impacted modules and estimation, which suggests it's related to code development rather than system setup or configuration."
Lidiajim,montaito-hub,Fix: fix run bot,"As a user, I want to deploy the app without the bot token. Estimation: 1h estimated. Impacted Modules: Bot",closed,"fix, 3, M3",Configuration,https://github.com/Lidiajim/montaito-hub/issues/65,,Configuration,"The bug report mentions a specific requirement to deploy the app without the bot token, which suggests that it's related to configuration settings rather than code defects."
Lidiajim,montaito-hub,Workflow- Security Scan with Trivy,"As a user, I want to implement a GitHub Actions workflow that scan project files for known vulnerabilities,build a local Docker image called my-project:latest and scans the Docker image for vulnerabilities in system and package dependencies. If Trivy detects CRITICAL or HIGH vulnerabilities, the flow will fail with a ❌ message. If everything is clean, it will display a success message ✅. Estimation: 1 hour estimated. Affected modules: CI/CD workflows (.github/workflows).",closed,"medium, 2, M3",Configuration,https://github.com/Lidiajim/montaito-hub/issues/55,,Configuration,"The bug report mentions implementing a GitHub Actions workflow and scanning for vulnerabilities with Trivy, which involves configuration settings such as CI/CD workflows (.github/workflows)."
Lidiajim,montaito-hub,Workflow- Lint Workflow,"As a user, I want to implement a GitHub Actions workflow that it is triggered on every pull request to the main or develop branches and on pushes to main.Analyzes all files in the project. If it finds any stylistic errors, the workflow will automatically fail. Estimation: 1 hour estimated. Affected modules: CI/CD workflows (.github/workflows).",closed,"medium, 2, M3",Configuration,https://github.com/Lidiajim/montaito-hub/issues/54,,Configuration,"The bug report involves setting up a GitHub Actions workflow, which is related to configuration and deployment settings."
Lidiajim,montaito-hub,Workflow- setup tests,"As a developer, I want to create a GitHub Actions workflow to automatically run tests on every push or pull request to the develop or main branches. This ensures that the code changes do not break existing functionality and maintain the project's reliability. Estimation: 2 hours estimated. Affected modules: CI/CD workflows (.github/workflows).",closed,"medium, 2, M3, config",Configuration,https://github.com/Lidiajim/montaito-hub/issues/53,,Configuration,"The bug report involves setting up a GitHub Actions workflow which is related to configuration and CI/CD workflows (.github/workflows), indicating it's a configuration issue."
Lidiajim,montaito-hub,Workflow- Validate commit message,"As a user, I want to implement a GitHub Actions workflow that validates commit messages to ensure they follow the established project policies. This will enforce consistency in commit messages across all contributions and avoid issues with improper formatting. Estimation: 1 hour estimated. Affected modules: CI/CD workflows (.github/workflows).",closed,"medium, 2, M3, config",Configuration,https://github.com/Lidiajim/montaito-hub/issues/51,,Configuration,"The bug report mentions configuration artifacts (CI/CD workflows) and involves implementing a workflow that enforces consistency in commit messages, which suggests a configuration issue related to GitHub Actions."
Lidiajim,montaito-hub,Unit-Tests Fakenodo,"As a user, I want to ensure the functionality for fakenodo works correctly by implementing comprehensive unit tests, so I can verify the feature's reliability and avoid potential issues during usage. Estimation: 1h estimated. Impacted Modules: fakenodo.",closed,"test, 2, M3",Other,https://github.com/Lidiajim/montaito-hub/issues/50,,Other,"The bug report is about implementing unit tests for a feature (fakenodo), which suggests it's related to code development and testing, rather than configuration settings."
Lidiajim,montaito-hub,Local validate commits messages Script,"As a developer, I want to create a local script that helps enforce commit message policies during development, ensuring all team members can easily comply with the project's commit standards. This script should guide developers interactively and validate the commit message format before allowing a commit to be created. Estimation: 1 hour estimated. Affected modules: Scripts (scripts/).",closed,"medium, 2, M3, config",Configuration,https://github.com/Lidiajim/montaito-hub/issues/49,,Other,"The bug report is about creating a local script to enforce commit message policies, which involves writing code rather than configuring an existing system. It's related to development workflow and doesn't seem to be directly related to configuration settings."
Lidiajim,montaito-hub,Unit- Tests for profile,"As a user, I want to verify the correct functionality of the ""Remember my password"" feature to ensure that users can request password reset emails, handle invalid email requests gracefully, and validate the correct behavior when sending reset emails. Estimation: 1 hour estimated. Affected modules: profile,",closed,"test, 2, M3",Other,https://github.com/Lidiajim/montaito-hub/issues/48,,Other,The bug report is about a missing unit-test for the 'Remember my password' feature and does not mention any configuration issues.
Lidiajim,montaito-hub,Unit-Tests for dashboard,"As a user, I want to verify the correct functionality of the dashboard panels. Estimation: 1h estimated. Impacted Modules: Dashboard",closed,"test, 2, M3",Other,https://github.com/Lidiajim/montaito-hub/issues/42,,Other,"The bug report primarily involves testing and verifying the functionality of dashboard panels, which does not directly relate to configuration settings or system setup."
Lidiajim,montaito-hub,Unit-Tests for auth,"As a user, I want to verify the correct functionality of the ""Remember My Password"" feature to ensure it retains user credentials securely and allows seamless login on subsequent visits. Estimation: 1h estimated. Impacted Modules: Auth",closed,"test, 2, M3",Other,https://github.com/Lidiajim/montaito-hub/issues/39,,Other,The bug report primarily involves testing the functionality of a feature and does not mention configuration artifacts or settings.
Lidiajim,montaito-hub,Unit-Tests AI,"As a user, I want to ensure the functionality for AI works correctly by implementing comprehensive unit tests, so I can verify the feature's reliability and avoid potential issues during usage. Estimation: 1h estimated. Impacted Modules: Public, AI.",closed,"test, 2, M3",Other,https://github.com/Lidiajim/montaito-hub/issues/37,,Other,"The bug report is about implementing unit tests for the AI feature to ensure its reliability and functionality. It does not mention configuration artifacts, incorrect or missing configurations, system setup, deployment, or runtime settings."
Lidiajim,montaito-hub,Unit tests in view profile,"As a user with or without login, I want to see other profile Estimation: 1h estimated. Impacted Modules: Dataset.",closed,"test, low, 2, M3",Other,https://github.com/Lidiajim/montaito-hub/issues/34,,Other,"The bug report does not mention configuration artifacts or describe incorrect or missing configurations. It appears to be related to a unit test issue in the view profile, which is more likely a code defect rather than a configuration issue."
Lidiajim,montaito-hub,Unit-Tests Rate Datasets/Models,"As a user, I want to ensure the functionality for rating datasets and models works correctly by implementing comprehensive unit tests, so I can verify the feature's reliability and avoid potential issues during usage. Estimation: 3h estimated. Impacted Modules: Dataset, Featuremodels.",closed,"test, 2, M3",Other,https://github.com/Lidiajim/montaito-hub/issues/33,,Other,"The bug report primarily involves implementing unit tests for a feature's functionality and reliability, which is related to code development rather than configuration settings."
Lidiajim,montaito-hub,Rate Datasets Upgrade,"As a user I want to be able to see a ranking of the datasets according to their average ratings. Estimation: 3h Impacted Modules: Public, Datasets, Ranking (new module)",closed,"1, M3, upgrade",Other,https://github.com/Lidiajim/montaito-hub/issues/31,,Other,"The bug report does not mention configuration artifacts or describe incorrect or missing configurations. It appears to be a feature request or an issue related to the functionality of the system, rather than a configuration issue."
Lidiajim,montaito-hub,Follow Up M2,Sin descripción,closed,"documentation, M2, 3",Other,https://github.com/Lidiajim/montaito-hub/issues/28,,Other,"The provided information does not contain enough details to determine if the bug report is a configuration issue. The description field is empty, and there are no specific mentions of configuration artifacts or settings."
Lidiajim,montaito-hub,Bug codacy,"As a user, I want to fix the codacy bug. Impacted Modules: None Estimated Hours: 1h",closed,"bug, fix, 2, M3, config",Configuration,https://github.com/Lidiajim/montaito-hub/issues/22,Interesante,Other,"The description does not mention configuration artifacts or settings, and the tags 'config' is likely referring to a different context (e.g., code review tool). The issue seems more related to fixing a bug in the Codacy tool rather than a configuration issue."
Lidiajim,montaito-hub,Bad migrations,"As a user, I want to unify the migrations to work properly. Impacted Modules: None Estimated Hours: 1h",closed,"bug, 3",Configuration,https://github.com/Lidiajim/montaito-hub/issues/19,,Other,The description does not mention configuration artifacts or settings. It seems to be related to a code defect in the migration process rather than a configuration issue.
Lidiajim,montaito-hub,Workflow migraciones,Sin descripción,closed,"feature, low",Configuration,https://github.com/Lidiajim/montaito-hub/issues/18,,Other,The provided information does not contain enough details to determine if the bug report is a configuration issue. The description field is empty and no specific configuration-related keywords are mentioned.
Lidiajim,montaito-hub,Project Report,"As a user, I want to create a comprehensive Project Report that synthesizes the most relevant aspects of the project, ensuring it aligns with the topics covered during the course. Impacted Modules: None Estimated Hours: 8h",closed,documentation,Other,https://github.com/Lidiajim/montaito-hub/issues/13,,Other,"The bug report does not mention configuration artifacts, incorrect or missing configurations, system setup, deployment, runtime settings, or unintended interactions between configuration settings. It appears to be a functional requirement for creating a project report."
Lidiajim,montaito-hub,Articles of Incorporation,"As a user, I want to have an Articles of Incorporation document to see all the defined politics for the project. Impacted Modules: None Estimated Hours: 4h",closed,"documentation, 3",Other,https://github.com/Lidiajim/montaito-hub/issues/12,,Other,"The bug report is about a missing feature or document (Articles of Incorporation) and does not mention any configuration artifacts or issues related to system setup, deployment, or runtime settings."
Lidiajim,montaito-hub,Team Diary,"As a user, I want to maintain a Team Diary that serves as a formal record of the key decisions made by the team throughout the project's development. Impacted Modules: None Estimated Hours: 6h",closed,documentation,Other,https://github.com/Lidiajim/montaito-hub/issues/11,,Other,"The bug report does not mention configuration artifacts, incorrect or missing configurations, system setup, deployment, or runtime settings. It appears to be a feature request or requirement for the Team Diary functionality."
Lidiajim,montaito-hub,Fakenodo,"As a user I want to be able to design Fakenodo which is a mock module designed to provide a basic repository management system (data records, files, or resources) with functionalities similar to those offered by real repositories such as Zenodo. Estimation: 3h Impacted Modules: fakenodo public.",closed,"feature, M2, 3, high",Other,https://github.com/Lidiajim/montaito-hub/issues/10,,Other,The bug report appears to be about a feature request or design of the Fakenodo module rather than an issue with its configuration.
Lidiajim,montaito-hub,Bot Integration,"As a user, I want to have a Discord bot that can help me in uvlhub. Impacted Modules: Bot Estimated Hours: 8h",closed,"feature, high, 2, M3",Other,https://github.com/Lidiajim/montaito-hub/issues/9,,Other,The bug report appears to be about implementing a new feature (Discord bot integration) rather than addressing an existing configuration issue.
Lidiajim,montaito-hub,AI Integration,"As a user, I want to add AI that can answer questions on my web when the app is running. Impacted Modules: AI Estimated Hours: 3h",closed,"feature, high, 2, M3",Other,https://github.com/Lidiajim/montaito-hub/issues/8,,Other,The bug report does not mention configuration artifacts or describe incorrect or missing configurations. It appears to be a feature request rather than a bug report.
Lidiajim,montaito-hub,Rate datasets / models,"As a user, I want to be able to rate the datasets and/or feature models in uvlhub. Impacted Modules: datasets, featuremodel Estimated Hours: 5h",closed,"feature, test, M2, 3, medium",Other,https://github.com/Lidiajim/montaito-hub/issues/7,,Other,"The bug report does not mention configuration artifacts or describe incorrect or missing configurations. It appears to be a feature request for rating datasets and models, which is related to the system's functionality rather than its configuration."
Lidiajim,montaito-hub,Dashboard,"As a user, I want to have a dashboard that displays both public metrics (overall statistics of the app) and personal metrics (my individual statistics), so that I can see my performance and compare it with the app's overall activity. Estimation: 6 hours Impacted Modules : A new module had to be created specifically for this feature.",closed,"feature, medium, 1, M3",Other,https://github.com/Lidiajim/montaito-hub/issues/6,,Other,"The bug report describes a functional requirement for a new feature and its implementation, but does not mention any configuration-related issues."
Lidiajim,montaito-hub,Remember my password,"As a user, I want to remember my password if I forget it. Impacted Modules: Auth, Profile Estimated Hours: 3h",closed,"feature, test, M2, 3, low",Other,https://github.com/Lidiajim/montaito-hub/issues/5,,Other,The bug report appears to be about a missing or incorrect feature functionality rather than an issue with system configuration.
Lidiajim,montaito-hub,View user profile,"As a user, I want to click on the user names on datasets and see their profile. Impacted Modules: Dataset, Profile Estimated Hours: 2h",closed,"feature, test, M2, 3, low",Other,https://github.com/Lidiajim/montaito-hub/issues/4,,Other,"The bug report does not mention configuration artifacts or describe incorrect or missing configurations. It appears to be a functional requirement for the system, specifically related to user interaction and feature implementation."
alvaroChico2408,innosoft-diplomas-1,Change title to capital letters in home view,"El usuario quiere poner en mayúscula el título de la portada: BIENVENIDO A DIPLOMAS INNOSOFT. Anteriormente aparecía ""Bienvenido a diplomas INNOSOFT"" y ahora quiere que aparezca de la siguiente manera ""BIENVENIDO A DIPLOMAS INNOSOFT"". Para comprobar que todo funciona correctamente haremos un test de interfaz para ver que aparece correctamente. De desarrollar la tarea se encargará Álvaro Chico y del testing se encargará Alejandro.",closed,"Change request, High",Other,https://github.com/alvaroChico2408/innosoft-diplomas-1/issues/117,,Other,"The bug report primarily involves a change in UI title and assignment of tasks to team members, which does not relate to configuration settings or system behavior."
alvaroChico2408,innosoft-diplomas-1,Corregir delete selected diplomas,"Error al eliminar selected diplomas Replicar el error: Entrando en la pestaña, se seleccionan algunos diplomas y se pulsa delete selected diplomas y salta un mensaje de error",closed,"bug, Critical",Other,https://github.com/alvaroChico2408/innosoft-diplomas-1/issues/99,,Other,"The description mentions an error when deleting selected diplomas, but it does not explicitly mention configuration artifacts or settings. It seems to be a code-related issue rather than a configuration one."
alvaroChico2408,innosoft-diplomas-1,Corregir filtro de diplomas,"Errores que han surgido realizando los test de interfaz: al abrir la pestaña de manejo de los diplomas aparece que el filtro esta abierto pero no deja scrollear debido a que realmente no ha sido pulsado para poder filtrar. Replicar el error: Entrando en la pestaña aparece como que el display de los filtros está activado a pesar de que no lo hayamos pulsado, aparece visible por defecto pero no deja scrollear porque no lo hemos pulsado.",closed,"bug, High",Other,https://github.com/alvaroChico2408/innosoft-diplomas-1/issues/89,,Other,"The description of the issue seems to be related to a UI defect or a logic error in the code, rather than a configuration issue. The problem is described as a bug that prevents scrolling and appears to be related to the display of filters, which suggests a coding issue rather than a misconfiguration."
alvaroChico2408,innosoft-diplomas-1,Eliminar funcionalidad del proyecto base no usada,"Eliminar confirmación de email, registro de usuarios...",closed,"enhancement, High",Other,https://github.com/alvaroChico2408/innosoft-diplomas-1/issues/73,,Other,The bug report appears to be related to a feature removal/enhancement request rather than an issue caused by misconfigured settings.
alvaroChico2408,innosoft-diplomas-1,Despliegue con máquinas virtuales,Realizar el despliegue con máquinas virtuales como hemos visto en la práctica,closed,"task, Medium",Other,https://github.com/alvaroChico2408/innosoft-diplomas-1/issues/71,,Other,"The bug report appears to be related to a deployment task with virtual machines, but it does not mention configuration artifacts or settings. It seems more like a procedural or instructional issue rather than a configuration problem."
alvaroChico2408,innosoft-diplomas-1,Team daily final,Englobar todo según la descripción de como tiene que quedar el Team daily,closed,"documentation, Medium",Other,https://github.com/alvaroChico2408/innosoft-diplomas-1/issues/68,,Other,The provided information does not mention configuration artifacts or settings. The title and description suggest a documentation issue rather than a configuration problem.
alvaroChico2408,innosoft-diplomas-1,Corregir documentación M2 según lo hecho finalmente,Sin descripción,closed,"documentation, Medium",Other,https://github.com/alvaroChico2408/innosoft-diplomas-1/issues/67,,Other,"The bug report does not mention configuration artifacts or describe incorrect or missing configurations. It appears to be related to documentation, which is a non-technical aspect of the project."
alvaroChico2408,innosoft-diplomas-1,Nuevos scripts de integración continua y corregir los puestos,"Además de los script que tenemos, podemos añadir uno para que se creen solas las imágenes de docker y quizas también podemos ver como hacerlo con las máquinas virtuales",closed,"enhancement, Medium",Configuration,https://github.com/alvaroChico2408/innosoft-diplomas-1/issues/66,,Other,"The bug report is about adding new scripts for continuous integration and exploring the creation of Docker images and virtual machines, which does not seem to be a configuration issue but rather an enhancement request."
alvaroChico2408,innosoft-diplomas-1,Despliegue con Docker,Realizar el despliegue a partir de docker siguiendo los pasos explicados en la práctica,closed,"task, Medium",Other,https://github.com/alvaroChico2408/innosoft-diplomas-1/issues/64,,Other,"The bug report appears to be related to a deployment issue using Docker, but it does not mention configuration artifacts or incorrect configurations. It seems more like a procedural or instructional issue rather than a configuration problem."
alvaroChico2408,innosoft-diplomas-1,Desplegar el proyecto en Render,Desplegar el proyecto en Render siguiendo los pasos que seguimos en uvlhub,closed,"task, High",Other,https://github.com/alvaroChico2408/innosoft-diplomas-1/issues/63,,Other,"The bug report appears to be related to deploying a project on Render, but it does not mention configuration artifacts or settings. It seems more like a task or deployment issue rather than a configuration problem."
alvaroChico2408,innosoft-diplomas-1,Establecer la integración continua,Establecer ficheros de integración continua que hay en uvlhub.,closed,"task, High",Other,https://github.com/alvaroChico2408/innosoft-diplomas-1/issues/62,,Configuration,The bug report mentions setting up integration files which implies a configuration issue related to deployment or system setup.
alvaroChico2408,innosoft-diplomas-1,Test,"Test unitarios, test de interfaz (selenium), test de carga (locust) y test de integración",closed,"task, High",Other,https://github.com/alvaroChico2408/innosoft-diplomas-1/issues/61,,Other,"The bug report does not mention configuration artifacts or describe incorrect or missing configurations. It appears to be related to testing and has a status of 'closed', indicating that the issue is resolved."
alvaroChico2408,innosoft-diplomas-1,Mejora del diseño de la interfaz de usuario,Mejorar la apariencia general de la aplicación,closed,"enhancement, Medium",Other,https://github.com/alvaroChico2408/innosoft-diplomas-1/issues/60,,Other,"The bug report is about improving the design of the user interface and does not mention configuration artifacts or settings, so it's likely an enhancement request rather than a configuration issue."
alvaroChico2408,innosoft-diplomas-1,Borrar todos los diplomas,"Cambios en la funcionalidad de eliminar: además de poder borrar los diplomas de manera individual, poder borrar todos los diplomas seleccionados",closed,"enhancement, Medium",Other,https://github.com/alvaroChico2408/innosoft-diplomas-1/issues/59,,Other,The bug report is about a feature enhancement and does not mention configuration artifacts or incorrect configurations. It seems to be related to code functionality rather than system setup or deployment settings.
alvaroChico2408,innosoft-diplomas-1,Implementación Codacy,Solucionar los errores que hay en el fichero de integración continua de Codacy,closed,"bug, High",Configuration,https://github.com/alvaroChico2408/innosoft-diplomas-1/issues/58,,Other,The description does not mention configuration artifacts or settings. It seems to be related to a code defect in the integration with Codacy.
alvaroChico2408,innosoft-diplomas-1,Diploma creation using templates,Poder elegir la plantilla que quieres usar a la hora de generar los diplomas,closed,"Change request, High",Other,https://github.com/alvaroChico2408/innosoft-diplomas-1/issues/57,,Other,The bug report does not mention configuration artifacts or describe incorrect or missing configurations. It seems to be related to a feature request or change in the system's functionality rather than a configuration issue.
alvaroChico2408,innosoft-diplomas-1,Documento final del proyecto,Sin descripción,closed,"documentation, Medium",Other,https://github.com/alvaroChico2408/innosoft-diplomas-1/issues/56,,Other,"The provided information does not contain any details about the bug report itself. It appears to be a closed issue related to documentation, but there is no description of the problem or its cause."
alvaroChico2408,innosoft-diplomas-1,Team daily M3,Sin descripción,closed,"documentation, Medium",Other,https://github.com/alvaroChico2408/innosoft-diplomas-1/issues/55,,Other,"The provided information does not contain enough details to determine if the bug report is a configuration issue. The description field is empty, and there are no specific mentions of configuration artifacts or settings."
alvaroChico2408,innosoft-diplomas-1,View template management,Vista en la que se pueda añadir una plantilla en pdf y el texto que queremos que se meta en esa plantilla para crear los diplomas.,closed,"Change request, High",Other,https://github.com/alvaroChico2408/innosoft-diplomas-1/issues/54,,Other,"The bug report appears to be related to a feature request or enhancement rather than a configuration issue. It describes the desired functionality and does not mention any specific configuration artifacts, settings, or interactions that could indicate a configuration problem."
alvaroChico2408,innosoft-diplomas-1,Documentation M2,"Continuous Integration, Automated Testing, Release and Deployment",closed,"documentation, Medium",Other,https://github.com/alvaroChico2408/innosoft-diplomas-1/issues/49,,Other,"The provided information does not mention configuration artifacts or incorrect configurations. The issue seems to be related to documentation and automated processes, which might involve code defects rather than a pure configuration issue."
alvaroChico2408,innosoft-diplomas-1,View edit email,Sin descripción,closed,"task, High",Other,https://github.com/alvaroChico2408/innosoft-diplomas-1/issues/48,,Other,The provided information does not contain any details about configuration artifacts or settings. The title and description are too brief to determine the nature of the bug report.
alvaroChico2408,innosoft-diplomas-1,Add information to initial page in the new repository,Añadir el logo de las jornadas del otro proyecto al nuevo repositorio,closed,"task, Medium",Other,https://github.com/alvaroChico2408/innosoft-diplomas-1/issues/45,,Other,The bug report appears to be related to a specific feature or task implementation rather than a configuration issue. It mentions adding information to an initial page and includes tags like 'task' which suggests it's about implementing a new functionality.
alvaroChico2408,innosoft-diplomas-1,Correction of functionality of diplomas generation in new repository,"Errores que han surgido en el traslado de funcionalidad de un proyecto a otro: al generar los diplomas que se añada la cadena de texto aleatoria, añadir al .gitignore la carpeta donde se generan los diplomas y otras más, añadir la información que teníamos en la pantalla de inicio, modificar el menú para que aparezca toda la información que teníamos en el otro repositorio y añadir logo y favicon. Replicar el error de cadena aleatoria: Al añadir el diploma a la base de datos se guarda únicamente con el uvus y no añadiéndole un texto extra para darle más seguridad. Replicar el error del logo: En cualquier pantalla que cargues no sale el logo y es porque se tiene añadido uno que no encaja en dimensiones ni es el que teníamos de InnoSoft en el anterior proyecto",closed,"bug, High",Other,https://github.com/alvaroChico2408/innosoft-diplomas-1/issues/44,,Configuration,"The bug report mentions configuration-related issues such as adding to .gitignore, modifying the menu, and replicating errors related to logo and favicon, which suggests a configuration problem rather than a code defect."
alvaroChico2408,innosoft-diplomas-1,Gestión de cambios e incidencia,Sin descripción,closed,"documentation, Medium",Other,https://github.com/alvaroChico2408/innosoft-diplomas-1/issues/43,,Other,"The provided information does not contain enough details to determine if the bug report is a configuration issue. The description field is empty, and there are no specific mentions of configuration artifacts or settings."
alvaroChico2408,innosoft-diplomas-1,Team daily M2,Sin descripción,closed,"documentation, Low",Other,https://github.com/alvaroChico2408/innosoft-diplomas-1/issues/42,,Other,"The provided information does not contain enough details to determine if the bug report is a configuration issue. The description field is empty, and there are no specific mentions of configuration artifacts or settings."
alvaroChico2408,innosoft-diplomas-1,Project migration,Migración del proyecto antiguo al nuevo proyecto proporcionado por la asignatura.,closed,"task, High",Other,https://github.com/alvaroChico2408/innosoft-diplomas-1/issues/37,,Other,The bug report appears to be related to a project migration and does not mention configuration artifacts or settings. It seems more like a task or a project management issue rather than a configuration bug.
alvaroChico2408,innosoft-diplomas-1,Send emails with the diploma,Crear y enviar correos al pulsar en el botón de enviar los diplomas seleccionados.,closed,"task, Critical",Other,https://github.com/alvaroChico2408/innosoft-diplomas-1/issues/36,,Other,The bug report does not mention configuration artifacts or describe incorrect or missing configurations. It seems to be related to a feature implementation (sending emails) rather than a system setup or deployment issue.
alvaroChico2408,innosoft-diplomas-1,Moving to the new base repository,"Llevar toda la funcionalidad hecha en el repositorio antiguo al nuevo repositorio que nos han proporcionado los profesores que nos dará más facilidades a la hora de implementar los test, el despliegue en docker, render y en máquinas virtuales.",closed,"enhancement, High",Configuration,https://github.com/alvaroChico2408/innosoft-diplomas-1/issues/32,,Other,"The bug report appears to be related to a migration or refactoring effort rather than a configuration issue. It mentions moving functionality from an old repository to a new one, which suggests a change in codebase rather than a misconfiguration."
alvaroChico2408,innosoft-diplomas-1,Do the diploma design implementation,"A partir de una plantilla, añadir el texto relacionado con esa plantilla y generar el diploma en pdf",closed,"task, Medium",Other,https://github.com/alvaroChico2408/innosoft-diplomas-1/issues/30,,Other,"The bug report does not mention configuration artifacts or describe incorrect or missing configurations. It appears to be related to a specific task implementation and its status is closed, indicating it has been resolved."
alvaroChico2408,innosoft-diplomas-1,Change base project,Sin descripción,closed,Sin etiquetas,Other,https://github.com/alvaroChico2408/innosoft-diplomas-1/issues/29,,Other,"Insufficient information is provided to determine if the bug report is a configuration issue. The description does not mention any specific configuration artifacts, settings, or interactions that could indicate a configuration problem."
alvaroChico2408,innosoft-diplomas-1,Adapt email operation,Change sending emails to stmp,closed,"task, High",Configuration,https://github.com/alvaroChico2408/innosoft-diplomas-1/issues/24,,Configuration,The bug report mentions changing a configuration setting (smtp) which suggests it's related to system setup or runtime settings.
alvaroChico2408,innosoft-diplomas-1,Improve project structure,Sin descripción,closed,Sin etiquetas,Configuration,https://github.com/alvaroChico2408/innosoft-diplomas-1/issues/23,,Other,"The bug report does not mention configuration artifacts, incorrect or missing configurations, system setup, deployment, or runtime settings. It only mentions improving the project structure which is more related to code organization and design."
alvaroChico2408,innosoft-diplomas-1,Diploma list view,"En esta vista habrá un listado de los diplomas que se han generado, cada entrada de la tabla tendrá información básica del alumno del que se ha generado el diploma, un botón para poder visualizar el diploma generado, un botón para seleccionar o no el diploma (para enviar o eliminar, un botón para eliminar y una columna para saber si ese diploma se ha enviado). Se podrán enviar varios diplomas, eliminar varias diplomas, filtrar por uvus y por participación y se podrán seleccionar todos o deseleccionar todos los diplomas.",closed,"task, Critical",Other,https://github.com/alvaroChico2408/innosoft-diplomas-1/issues/22,,Other,"The bug report describes a specific feature or user interface issue in the diploma list view, but it does not mention configuration artifacts, incorrect or missing configurations, system setup, deployment, or runtime settings. It appears to be related to a code defect or a requirement for a new feature."
alvaroChico2408,innosoft-diplomas-1,Improve project structure,Sin descripción,closed,Sin etiquetas,Configuration,https://github.com/alvaroChico2408/innosoft-diplomas-1/issues/21,,Other,"The bug report does not mention configuration artifacts, incorrect or missing configurations, system setup, deployment, runtime settings, or unintended interactions between configuration settings. It seems to be related to project structure and organization."
alvaroChico2408,innosoft-diplomas-1,Create and store diplomas generated from the excel,* Guardar la información del excel en la base de datos para generar los diplomas * Generar y almacenar los diplomas en una carpeta del proyecto (esta carpeta no deberá subirse a GitHub) * Mensaje con la información de la operación (éxito y error),closed,"task, Critical",Other,https://github.com/alvaroChico2408/innosoft-diplomas-1/issues/20,,Configuration,"The bug report mentions storing information in a database and generating diplomas, which implies configuration settings for data storage and file generation."
alvaroChico2408,innosoft-diplomas-1,View generate diplomas,La vista deberá tener una entrada para cargar un excel a partir del cual se creen las entradas en la base de datos y se generen los diplomas siempre y cuando pasen las validaciones y además deberá incluir una entrada para seleccionar con que plantilla de las que hay generadas vamos a querer generar los diplomas.,closed,"task, High",Other,https://github.com/alvaroChico2408/innosoft-diplomas-1/issues/19,,Other,"The bug report appears to be related to a feature request or enhancement rather than an existing issue with the system's configuration. It describes new functionality and requirements for the view, but does not mention any specific configuration issues."
alvaroChico2408,innosoft-diplomas-1,View edit password,Sin descripción,closed,"enhancement, Medium",Other,https://github.com/alvaroChico2408/innosoft-diplomas-1/issues/18,,Other,"The provided information does not mention configuration artifacts or settings. The bug report is tagged as 'enhancement' and has a status of 'closed', but it lacks details about the issue, making it difficult to determine if it's related to configuration."
alvaroChico2408,innosoft-diplomas-1,View edit password,Poder cambiar la contraseña en una pestaña a parte (añadir también una label para confirmar contraseña),closed,"enhancement, Medium",Other,https://github.com/alvaroChico2408/innosoft-diplomas-1/issues/17,,Other,"The bug report is about adding a new feature (enhancement) and does not mention configuration artifacts or incorrect configurations, so it's unlikely to be a configuration issue."
alvaroChico2408,innosoft-diplomas-1,View user profile,Añadir la información del usuario a la vista del perfil y poder modificar tal información,closed,"enhancement, Medium",Other,https://github.com/alvaroChico2408/innosoft-diplomas-1/issues/16,,Other,"The bug report does not mention configuration artifacts or describe incorrect or missing configurations. It appears to be related to a feature enhancement, which suggests it involves code changes rather than configuration settings."
alvaroChico2408,innosoft-diplomas-1,Modify menu,"Modificar el menú de forma que aparezcan las acciones principales de la aplicación (una pestaña para generar los diplomas a partir del excel y una de las plantillas que seleccionemos, otra pestaña para poder filtrar, visualizar, enviar y eliminar diplomas, y por último una pestaña más para poder crear plantillas con la que se crearán los diplomas).",closed,"task, High",Other,https://github.com/alvaroChico2408/innosoft-diplomas-1/issues/15,,Other,"The bug report describes a feature request or a task to modify the menu of an application, but it does not mention any configuration artifacts, incorrect configurations, system setup, deployment, runtime settings, or unintended interactions between configuration settings. It appears to be a requirement for new functionality rather than a configuration issue."
alvaroChico2408,innosoft-diplomas-1,Team daily M1,Sin descripción,closed,"documentation, Low",Other,https://github.com/alvaroChico2408/innosoft-diplomas-1/issues/13,,Other,"The provided information does not contain enough details to determine if the bug report is a configuration issue. The description field is empty, and there are no specific mentions of configuration artifacts or settings."
alvaroChico2408,innosoft-diplomas-1,Realistic prototype,Sin descripción,closed,"documentation, Medium",Other,https://github.com/alvaroChico2408/innosoft-diplomas-1/issues/12,,Other,"The provided information does not contain enough details to determine if the bug report is a configuration issue. The description is empty, and there are no mentions of configuration artifacts or settings."
alvaroChico2408,innosoft-diplomas-1,Acta fundacional,Sin descripción,closed,"documentation, Medium",Other,https://github.com/alvaroChico2408/innosoft-diplomas-1/issues/11,,Other,"The provided information does not contain enough details to determine if the bug report is a configuration issue. The description field is empty, and there are no specific mentions of configuration artifacts or settings."
alvaroChico2408,innosoft-diplomas-1,Fix the initial project,"El proyecto base que hemos seleccionado, hay que solucionar los errores que presenta para poder tener una base solida con la que poder empezar a trabajar. Los errores fundamentales es el envío de correos y las dependencias.",closed,"enhancement, Critical",Configuration,https://github.com/alvaroChico2408/innosoft-diplomas-1/issues/10,,Configuration,"The bug report mentions 'envío de correos' which translates to 'email sending', a common configuration issue, and also mentions 'dependencias' which refers to dependencies, often related to configuration settings."
rubpergar,piripi-hub,[feat] M3,Description of the feature. Cambios para la M3. Additional context Para cada dataset un único usuario puede hacer una valoración.,closed,enhancement,Other,https://github.com/rubpergar/piripi-hub/issues/65,,Other,"The bug report is about a feature implementation and does not mention configuration artifacts or settings, so it's unlikely to be a configuration issue."
rubpergar,piripi-hub,fix: hotfix validate yaml in docker workflow,docker workflow bug fixes,closed,bug,Configuration,https://github.com/rubpergar/piripi-hub/issues/64,,Other,"The provided information does not explicitly mention configuration artifacts, incorrect or missing configurations, system setup, deployment, runtime settings, or unintended interactions between configuration settings. The title and description suggest a bug fix related to Docker workflow validation of YAML files, which appears to be a code-related issue rather than a configuration one."
rubpergar,piripi-hub,[test] WI4-Locust for rate,Tests locust for rate,closed,test,Other,https://github.com/rubpergar/piripi-hub/issues/58,,Other,"The provided information does not mention configuration artifacts, incorrect or missing configurations, system setup, deployment, runtime settings, or unintended interactions between configuration settings. It appears to be a test-related issue."
rubpergar,piripi-hub,[ci] add format lint,A lint formatter to facilitate flake8 compliance.,closed,ci,Configuration,https://github.com/rubpergar/piripi-hub/issues/54,,Other,"The bug report appears to be related to code and a lint formatter, rather than configuration settings."
rubpergar,piripi-hub,[docs] create wiki,Sin descripción,closed,documentation,Other,https://github.com/rubpergar/piripi-hub/issues/50,,Other,"The provided information does not contain enough details to determine if the bug report is a configuration issue. The title mentions 'docs' and 'create wiki', which suggests it's related to documentation, but there's no description or context about configuration settings."
rubpergar,piripi-hub,[fix] no login profile access,"Bug description Without being logged in, it gives an uncontrolled error when you want to access a profile that does not have public data. Steps to reproduce 1. Not be logged in. 2. Access a dataset. 3. Click on the name of the user. Additional context _No response_",closed,bug,Other,https://github.com/rubpergar/piripi-hub/issues/49,,Other,"The issue seems to be related to a code defect or authentication logic rather than a configuration problem. It involves steps such as not being logged in, accessing a dataset, and clicking on the user's name, which suggests a flaw in the source code itself."
rubpergar,piripi-hub,[ci] make migrations,"Create a workflow that updates migrations, resolves potential conflicts, and creates a new migration if necessary every time a push to develop or a PR to develop or main.",closed,ci,Configuration,https://github.com/rubpergar/piripi-hub/issues/46,Interesante,Other,"The bug report appears to be related to setting up a Continuous Integration (CI) workflow, which involves code and automation setup rather than configuration settings."
rubpergar,piripi-hub,[fix] Rate functionality doesn't work,"Bug description Rate dataset Steps to reproduce 1. Log in 2. Navigate into a dataset 3. Click on ""Valoraciones"" Additional context ![WhatsApp Image 2024-12-04 at 11 16 31](https://github.com/user-attachments/assets/074587b7-08f9-49b0-9c25-06f777ac7633)",closed,bug,Configuration,https://github.com/rubpergar/piripi-hub/issues/35,,Other,"The provided information does not mention configuration artifacts, incorrect or missing configurations, system setup, deployment, or runtime settings. It appears to be a bug report related to the functionality of the 'Rate' feature, which might involve code defects rather than configuration issues."
rubpergar,piripi-hub,[ci] add workflow validate yaml,Add new workflow lint yaml,closed,ci,Configuration,https://github.com/rubpergar/piripi-hub/issues/33,,Other,"The bug report does not mention configuration artifacts, incorrect or missing configurations, system setup, deployment, or runtime settings. It appears to be related to adding a new workflow and linting YAML files in the CI pipeline."
rubpergar,piripi-hub,[feat] Develop integration into main,Description of the feature. Develop integration into main to move code to production and creation of tag and release associated. Additional context _No response_,closed,enhancement,Other,https://github.com/rubpergar/piripi-hub/issues/31,,Other,"The bug report is about developing a feature integration into the main branch, which does not seem to be related to configuration settings or system setup. It appears to be a code-related issue."
rubpergar,piripi-hub,[docs] Update documentation,"Updating the Source Code Management, Tasks and Incidents Management, PR Template, Issues Template and Founding Minutes documents.",closed,documentation,Other,https://github.com/rubpergar/piripi-hub/issues/25,,Other,"The bug report is about updating documentation, which does not seem to be related to configuration settings or system behavior."
rubpergar,piripi-hub,[docs] Pull request GitHub template,GitHub template in Markdown format of pull requests to guide contributors to the project to maintain homogeneity.,closed,documentation,Other,https://github.com/rubpergar/piripi-hub/issues/24,,Other,"The bug report is about a GitHub template for pull requests, which does not seem to be related to configuration settings or system setup. It appears to be a documentation issue."
rubpergar,piripi-hub,[docs] Issue GitHub templates,GitHub templates in YAML format of bug and feature issues to guide contributors to the project to maintain homogeneity.,closed,documentation,Other,https://github.com/rubpergar/piripi-hub/issues/23,,Other,"The provided information does not indicate a configuration issue, but rather a documentation or template-related problem."
rubpergar,piripi-hub,[test] WI7-Fakenodo,Sin descripción,closed,test,Other,https://github.com/rubpergar/piripi-hub/issues/22,,Other,The provided information does not contain enough details to determine whether the bug report is a configuration issue. It lacks description and tags that could indicate if it's related to configuration settings.
rubpergar,piripi-hub,[test] WI6-RememberMyPassword,Sin descripción,closed,test,Other,https://github.com/rubpergar/piripi-hub/issues/21,,Other,"The provided information does not mention configuration artifacts, incorrect or missing configurations, system setup, deployment, runtime settings, or unintended interactions between configuration settings. The title and description do not provide enough context to determine if it's a configuration bug report."
rubpergar,piripi-hub,[test] WI5-ViewUserProfile,Different tests to check view user profile feature.,closed,test,Other,https://github.com/rubpergar/piripi-hub/issues/20,,Other,"The bug report does not mention configuration artifacts, incorrect or missing configurations, system setup, deployment, or runtime settings. It appears to be related to a test case for the view user profile feature."
rubpergar,piripi-hub,[test] WI4-RateDatasets,Sin descripción,closed,test,Other,https://github.com/rubpergar/piripi-hub/issues/19,,Other,The provided information does not contain enough details to determine if the bug report is a configuration issue. It lacks description and tags that could indicate a configuration problem.
rubpergar,piripi-hub,[test] WI3-DownloadAll,Sin descripción,closed,test,Other,https://github.com/rubpergar/piripi-hub/issues/18,,Other,The provided information does not contain enough details to determine if the bug report is a configuration issue. It lacks description and tags that could indicate a configuration problem.
rubpergar,piripi-hub,[test] WI2-AdvancedFiltering,Sin descripción,closed,test,Other,https://github.com/rubpergar/piripi-hub/issues/17,,Other,"The provided information does not contain any details about configuration artifacts, incorrect or missing configurations, system setup, deployment, runtime settings, or unintended interactions between configuration settings. Therefore, it cannot be classified as a configuration bug report."
rubpergar,piripi-hub,[test] WI1-SearchQueries,Sin descripción,closed,test,Other,https://github.com/rubpergar/piripi-hub/issues/16,,Other,"The provided information does not contain any details about configuration artifacts, incorrect or missing configurations, system setup, deployment, runtime settings, or unintended interactions between configuration settings. Therefore, it cannot be classified as a configuration bug report."
rubpergar,piripi-hub,[ci] add codacy worflow,Sin descripción,closed,ci,Other,https://github.com/rubpergar/piripi-hub/issues/15,,Other,"The bug report does not mention configuration artifacts or describe incorrect or missing configurations. It appears to be related to a CI workflow addition, but the description is empty and there's no clear indication of a configuration issue."
rubpergar,piripi-hub,[feat] WI7-Fakenodo,Sin descripción,closed,enhancement,Other,https://github.com/rubpergar/piripi-hub/issues/11,,Other,"The bug report does not mention configuration artifacts, incorrect or missing configurations, system setup, deployment, or runtime settings. It is tagged as an 'enhancement' and has a title that suggests it's related to a feature implementation rather than a configuration issue."
rubpergar,piripi-hub,[feat] WI6-RememberMyPassword,"As a user, I want to remember my password.",closed,enhancement,Other,https://github.com/rubpergar/piripi-hub/issues/10,,Other,"The bug report does not mention configuration artifacts or describe incorrect or missing configurations, and it is tagged as an 'enhancement' which suggests a feature request rather than a bug."
rubpergar,piripi-hub,[feat] WI2-AdvancedFiltering,"As a user I want to filter by number of features, number of products, etc. to obtain datasets according to my needs.",closed,enhancement,Other,https://github.com/rubpergar/piripi-hub/issues/8,,Other,"The bug report does not mention configuration artifacts or describe incorrect or missing configurations, but rather appears to be related to a feature request for filtering datasets."
rubpergar,piripi-hub,[feat] WI3-DownloadAll,Sin descripción,closed,Sin etiquetas,Other,https://github.com/rubpergar/piripi-hub/issues/7,,Other,"The provided information does not contain enough details to determine if the bug report is a configuration issue. The description field is empty, and there are no mentions of configuration artifacts or settings."
rubpergar,piripi-hub,[feat] WI1-SearchQueries,"As a user I want to be able to query the repo in a way that allows me to bring me a set of models, or even download them all.",closed,enhancement,Other,https://github.com/rubpergar/piripi-hub/issues/6,,Other,"The bug report is about an enhancement feature and does not mention configuration artifacts or incorrect configurations, so it's unlikely to be a configuration issue."
rubpergar,piripi-hub,[feat] WI4-Rate-Datasets,Develop a dataset rating system with user comments,closed,enhancement,Other,https://github.com/rubpergar/piripi-hub/issues/5,,Other,"The bug report appears to be related to feature development rather than configuration. It does not mention any configuration artifacts, incorrect or missing configurations, system setup, deployment, or runtime settings."
rubpergar,piripi-hub,[feat] WI5-ViewUserProfile,As a user I want to be able to click on a profile and see his uploaded datasets. This can only be done if the user has their profile public.,closed,enhancement,Other,https://github.com/rubpergar/piripi-hub/issues/4,,Other,"The bug report appears to describe a feature request or an enhancement, rather than a configuration issue. It mentions user behavior and functionality, but does not mention any configuration artifacts or settings."
EGC-Gazpacho,gazpacho-hub,WI/Communities-AddFeature,The user wants to see the id of the dataset in the community's view.,closed,Sin etiquetas,Other,https://github.com/EGC-Gazpacho/gazpacho-hub/issues/160,,Other,"The bug report does not mention configuration artifacts, incorrect or missing configurations, system setup, deployment, or runtime settings. It appears to be a feature request or a user requirement rather than a configuration issue."
EGC-Gazpacho,gazpacho-hub,WI/Dashboard: Examen,Change type of diagram for examam,closed,Sin etiquetas,Other,https://github.com/EGC-Gazpacho/gazpacho-hub/issues/157,,Other,"The bug report does not mention configuration artifacts, incorrect or missing configurations, system setup, deployment, or runtime settings. It appears to be related to a feature request or change in the dashboard's functionality."
EGC-Gazpacho,gazpacho-hub,Fix/Remove redundant tests in render workflow,Sin descripción,closed,Sin etiquetas,Other,https://github.com/EGC-Gazpacho/gazpacho-hub/issues/137,,Other,"The bug report does not mention configuration artifacts, incorrect or missing configurations, system setup, deployment, or runtime settings. It appears to be related to code quality and testing."
EGC-Gazpacho,gazpacho-hub,WI/Fix download in different formats,Sin descripción,closed,Sin etiquetas,Other,https://github.com/EGC-Gazpacho/gazpacho-hub/issues/132,,Other,"The provided information does not contain enough details to determine if the bug report is a configuration issue. The title mentions 'download in different formats', which could be related to code or functionality, but without further description, it's unclear what the actual problem was."
EGC-Gazpacho,gazpacho-hub,CI: Remove integration_test of github to fix codacy workflow error,"Fix the error with pytest, because of the github integration tests Added --ignore-glob to ignore the test, the rate limit of github api, could be a problem",closed,Sin etiquetas,Configuration,https://github.com/EGC-Gazpacho/gazpacho-hub/issues/130,Interesante,Other,"The bug report primarily involves fixing an error in the CI workflow due to integration tests, which is related to code defects rather than configuration issues."
EGC-Gazpacho,gazpacho-hub,CI: Rollback seeders to previous version to avoid conflict,Rollback to the previous version of the seeders will be performed to resolve the current conflict with other work items.,closed,Sin etiquetas,Configuration,https://github.com/EGC-Gazpacho/gazpacho-hub/issues/127,,Configuration,"The bug report involves a rollback of seeders to resolve a conflict, which suggests an issue with the configuration or setup of the system rather than a code defect."
EGC-Gazpacho,gazpacho-hub,CI: Remove integration_test of github,"To avoid the rate limit of github and don't have problems with codacy, we decided to remove the integration_test of the CI.",closed,Sin etiquetas,Configuration,https://github.com/EGC-Gazpacho/gazpacho-hub/issues/126,,Configuration,"The bug report mentions a change to the Continuous Integration (CI) configuration, specifically removing an integration test due to rate limit issues with GitHub and Codacy."
EGC-Gazpacho,gazpacho-hub,WI: Advanced Filtering: Integration Tests,Add integration tests for the explore model,closed,Sin etiquetas,Other,https://github.com/EGC-Gazpacho/gazpacho-hub/issues/125,,Other,"The bug report does not mention configuration artifacts, incorrect or missing configurations, system setup, deployment, or runtime settings. It appears to be related to adding integration tests for the explore model."
EGC-Gazpacho,gazpacho-hub,WI/Dashboard fix issue,Fix some errors from dashboards.,closed,Sin etiquetas,Other,https://github.com/EGC-Gazpacho/gazpacho-hub/issues/124,,Other,"The bug report does not mention configuration artifacts, incorrect or missing configurations, system setup, deployment, or runtime settings. It only mentions fixing some errors from dashboards which could be related to code defects rather than a configuration issue."
EGC-Gazpacho,gazpacho-hub,WI/Remember my password: Locust Tests,Test de carga para el modulo remember my password,closed,Sin etiquetas,Other,https://github.com/EGC-Gazpacho/gazpacho-hub/issues/116,,Other,"The bug report does not mention configuration artifacts, incorrect or missing configurations, system setup, deployment, or runtime settings. It seems to be related to a test scenario for the 'remember my password' feature."
EGC-Gazpacho,gazpacho-hub,WI/Remember my password: Unit Tests,Tests unitarios para el modulo remember my password,closed,Sin etiquetas,Other,https://github.com/EGC-Gazpacho/gazpacho-hub/issues/115,,Other,"The bug report does not mention configuration artifacts, incorrect or missing configurations, system setup, deployment, or runtime settings. It appears to be related to unit tests for a specific feature."
EGC-Gazpacho,gazpacho-hub,CD/Delete Dockerhub unused workflow,Sin descripción,closed,Sin etiquetas,Other,https://github.com/EGC-Gazpacho/gazpacho-hub/issues/110,,Configuration,"The bug report mentions a specific action related to Dockerhub workflow, which suggests it's about configuration or setup of the system rather than a code defect."
EGC-Gazpacho,gazpacho-hub,CI-CD/Implement Vagrant,Issue: Implement Vagrant to deploy a virtual machine.,closed,Sin etiquetas,Configuration,https://github.com/EGC-Gazpacho/gazpacho-hub/issues/109,,Other,"The bug report is about implementing Vagrant to deploy a virtual machine, which seems to be related to infrastructure setup and deployment. However, it does not explicitly mention configuration artifacts or incorrect configurations, so I'm classifying it as 'Other'."
EGC-Gazpacho,gazpacho-hub,WI/Search Queries: Locust Tests,Sin descripción,closed,Sin etiquetas,Other,https://github.com/EGC-Gazpacho/gazpacho-hub/issues/108,,Other,"The provided information does not contain enough details to determine if the bug report is a configuration issue. The description field is empty, and there are no specific mentions of configuration artifacts or settings."
EGC-Gazpacho,gazpacho-hub,WI:Download All Datasets: Selenium Tests,Sin descripción,closed,Sin etiquetas,Other,https://github.com/EGC-Gazpacho/gazpacho-hub/issues/93,,Other,"The provided information does not mention configuration artifacts, incorrect or missing configurations, system setup, deployment, or runtime settings. The title mentions Selenium Tests which is related to automated testing and might involve code defects rather than a configuration issue."
EGC-Gazpacho,gazpacho-hub,WI/Remember my password: Selenium Tests,Tests de selenium para el módulo de remember my password,closed,Sin etiquetas,Other,https://github.com/EGC-Gazpacho/gazpacho-hub/issues/92,,Other,"The bug report does not mention configuration artifacts, incorrect or missing configurations, system setup, deployment, or runtime settings. It appears to be related to Selenium tests for a specific feature."
EGC-Gazpacho,gazpacho-hub,WI/Dashboard: Locust Tests,Implement locust test for ensure it works as expected. The tests should cover all edge cases and scenarios relevant to the functionality. Acceptance criteria: The implemented test must pass successfully.,closed,Sin etiquetas,Other,https://github.com/EGC-Gazpacho/gazpacho-hub/issues/89,,Other,"The bug report is about implementing a locust test, which seems to be related to testing and ensuring the functionality works as expected. There's no mention of configuration artifacts or incorrect configurations."
EGC-Gazpacho,gazpacho-hub,WI/Search Queries: Selenium Tests,Sin descripción,closed,Sin etiquetas,Other,https://github.com/EGC-Gazpacho/gazpacho-hub/issues/86,,Other,"The provided information does not contain enough details to determine if the bug report is a configuration issue. The description field is empty, and there are no specific mentions of configuration artifacts or settings."
EGC-Gazpacho,gazpacho-hub,WI/Search Queries: Unit Tests,Sin descripción,closed,Sin etiquetas,Other,https://github.com/EGC-Gazpacho/gazpacho-hub/issues/85,,Other,"The provided information does not contain enough details to determine if the bug report is a configuration issue. The description field is empty, and there are no specific mentions of configuration artifacts or settings."
EGC-Gazpacho,gazpacho-hub,WI/Dashboard: Selenium Tests,Implement Selenium test for ensure it works as expected. The tests should cover all edge cases and scenarios relevant to the functionality. Acceptance criteria: The implemented test must pass successfully.,closed,Sin etiquetas,Other,https://github.com/EGC-Gazpacho/gazpacho-hub/issues/84,,Other,"The bug report is about implementing Selenium tests, which does not relate to configuration settings or system setup. It appears to be a request for development work rather than a description of an issue caused by misconfigured settings."
EGC-Gazpacho,gazpacho-hub,WI/Dashboard: Unit Tests,Implement unit tests for the methods to ensure it works as expected. The tests should cover all edge cases and scenarios relevant to the functionality. Acceptance Criteria: - The implemented tests must pass successfully. - Test coverage must reach 100% for the tested method/functionality.,closed,Sin etiquetas,Other,https://github.com/EGC-Gazpacho/gazpacho-hub/issues/83,,Other,"The bug report is about implementing unit tests for a method, which is related to code development and testing rather than configuration settings."
EGC-Gazpacho,gazpacho-hub,CI-CD/Unit Tests covarage Report,Implement a workflow to comment the coverage of the unit tests on pull requests,closed,Sin etiquetas,Other,https://github.com/EGC-Gazpacho/gazpacho-hub/issues/82,,Other,"The bug report appears to be related to implementing a workflow for commenting unit test coverage on pull requests, which is more of a development process or feature request rather than a configuration issue."
EGC-Gazpacho,gazpacho-hub,WI/Remember my password,Sin descripción,closed,Sin etiquetas,Other,https://github.com/EGC-Gazpacho/gazpacho-hub/issues/81,,Other,"The provided information does not contain enough details to determine if the bug report is a configuration issue. The description field is empty, and there are no specific mentions of configuration artifacts or settings."
EGC-Gazpacho,gazpacho-hub,WI/Advanced Filtering: Unit Tests,Add unit tests for the explore model,closed,Sin etiquetas,Other,https://github.com/EGC-Gazpacho/gazpacho-hub/issues/78,,Other,"The bug report does not mention configuration artifacts, incorrect or missing configurations, system setup, deployment, or runtime settings. It appears to be related to adding unit tests for the explore model."
EGC-Gazpacho,gazpacho-hub,WI/View user profile:Tests,Sin descripción,closed,Sin etiquetas,Other,https://github.com/EGC-Gazpacho/gazpacho-hub/issues/76,,Other,"The provided information does not contain any details about configuration artifacts, incorrect or missing configurations, system setup, deployment, runtime settings, or unintended interactions between configuration settings. Therefore, it cannot be classified as a configuration bug report."
EGC-Gazpacho,gazpacho-hub,WI/Community: Selenium Tests,Add the selenium UI tests for the community module,closed,Sin etiquetas,Other,https://github.com/EGC-Gazpacho/gazpacho-hub/issues/75,,Other,"The bug report does not mention configuration artifacts, incorrect or missing configurations, system setup, deployment, or runtime settings. It appears to be related to adding Selenium UI tests for the community module."
EGC-Gazpacho,gazpacho-hub,WI/Community: Locust Tests,Add the locust tests for the community module,closed,Sin etiquetas,Other,https://github.com/EGC-Gazpacho/gazpacho-hub/issues/74,,Other,"The bug report does not mention configuration artifacts, incorrect or missing configurations, system setup, deployment, or runtime settings. It appears to be related to adding tests for a community module."
EGC-Gazpacho,gazpacho-hub,WI/Community: Integration Tests,Develop the communities module's routes integration tests,closed,Sin etiquetas,Other,https://github.com/EGC-Gazpacho/gazpacho-hub/issues/73,,Other,"The provided information does not mention configuration artifacts, incorrect or missing configurations, system setup, deployment, runtime settings, or unintended interactions between configuration settings. It appears to be a task description for developing integration tests."
EGC-Gazpacho,gazpacho-hub,WI:Download All Datasets: Unit Tests,Tests for Download All Datasets feature: - Unitary Tests.,closed,Sin etiquetas,Other,https://github.com/EGC-Gazpacho/gazpacho-hub/issues/72,,Other,"The bug report appears to be related to unit tests for a feature, which suggests it's about testing code rather than configuration settings."
EGC-Gazpacho,gazpacho-hub,WI/select-backup-dataset: Locust tests,Sin descripción,closed,Sin etiquetas,Other,https://github.com/EGC-Gazpacho/gazpacho-hub/issues/71,,Other,"The provided information does not contain enough details to determine if the bug report is a configuration issue. The title mentions 'Locust tests', which could be related to performance or testing, but it's unclear without more context."
EGC-Gazpacho,gazpacho-hub,WI/select-backup-dataset: Selenium tests,Sin descripción,closed,Sin etiquetas,Other,https://github.com/EGC-Gazpacho/gazpacho-hub/issues/70,,Other,"The provided information does not contain enough details to determine if the bug report is a configuration issue. The description field is empty, and there are no mentions of configuration artifacts or settings."
EGC-Gazpacho,gazpacho-hub,WI/select-backup-database: Integration tests,Sin descripción,closed,Sin etiquetas,Other,https://github.com/EGC-Gazpacho/gazpacho-hub/issues/68,,Other,"The provided information does not contain enough details to determine if the bug report is a configuration issue. The title mentions 'select-backup-database' and 'integration tests', which could be related to database or system setup, but without further description, it's unclear what the actual problem is."
EGC-Gazpacho,gazpacho-hub,WI/select-backup-database: Unit tests,Sin descripción,closed,Sin etiquetas,Other,https://github.com/EGC-Gazpacho/gazpacho-hub/issues/67,,Other,"The provided information does not mention configuration artifacts, incorrect or missing configurations, system setup, deployment, runtime settings, or unintended interactions between configuration settings. The description is also empty."
EGC-Gazpacho,gazpacho-hub,WI/select-backup-database,Implement a WI to upload a dataset from uvlhub to your own repo to have a backup,closed,Sin etiquetas,Other,https://github.com/EGC-Gazpacho/gazpacho-hub/issues/66,,Other,The bug report appears to be about implementing a new feature (uploading a dataset from uvlhub) rather than describing an existing issue caused by misconfigured settings.
EGC-Gazpacho,gazpacho-hub,CI-CD/Commits hook,Sin descripción,closed,Sin etiquetas,Other,https://github.com/EGC-Gazpacho/gazpacho-hub/issues/64,,Configuration,"The bug report is related to the CI-CD pipeline, which suggests a configuration issue with commits hooks."
EGC-Gazpacho,gazpacho-hub,WI/Remember my password,Se requiere desarrollar un módulo que permita a los usuarios restablecer la contraseña de su cuenta en caso de olvido. El módulo debe incluir las siguientes funcionalidades: - Un formulario donde el usuario pueda ingresar su dirección de correo electrónico registrada. - El envío de un correo electrónico con un enlace único y seguro para restablecer la contraseña. - Una vista que permita al usuario establecer una nueva contraseña al hacer clic en el enlace enviado. - Eliminación de anterior contraseña y poder usar la nueva definida anteriormente.,open,Sin etiquetas,Other,https://github.com/EGC-Gazpacho/gazpacho-hub/issues/62,,Other,"The bug report describes a feature request for implementing a password reset module, which does not relate to configuration issues or system settings."
EGC-Gazpacho,gazpacho-hub,WI/Download all datasets,Sin descripción,closed,Sin etiquetas,Other,https://github.com/EGC-Gazpacho/gazpacho-hub/issues/61,,Other,"The provided information does not contain enough details to determine if the bug report is a configuration issue. The description field is empty, and there are no specific mentions of configuration artifacts or settings."
EGC-Gazpacho,gazpacho-hub,WI/Rate Datasets: Tests,"Make, for the Rate Datasets Work Item: - Integration Tests. - Charge Tests (Locust). - Unitary Tests. - Interface Tests (Selenium).",closed,Sin etiquetas,Other,https://github.com/EGC-Gazpacho/gazpacho-hub/issues/59,,Other,"The bug report does not mention configuration artifacts, incorrect or missing configurations, system setup, deployment, or runtime settings. It appears to be related to testing and integration of different components."
EGC-Gazpacho,gazpacho-hub,WI/Rate Datasets: FrontEnd,"Create necessary frontend implementation for the ""Rate Datasets""  Work Item: - A user must be able to rate Datasets by assigning a specific score. - Must not be able to do multiple reviews. - Must be able to update a review.",closed,Sin etiquetas,Other,https://github.com/EGC-Gazpacho/gazpacho-hub/issues/58,,Other,"The bug report appears to be related to the implementation of a feature (Rate Datasets) rather than an issue with system configuration. It involves requirements and functionality, but does not mention any configuration artifacts or settings."
EGC-Gazpacho,gazpacho-hub,WI/Rate Datasets,"Create necessary backend implementation for the ""Rate Datasets""  Work Item: - Users and Datasets must have tabled relation in order to keep the same user from ""rate-bombing"" a single dataset . - Necessary columns must be added to relevant DataBase tables. - Users must be able to update their rating. Create necessary frontend implementation for the ""Rate Datasets""  Work Item: - A user must be able to rate Datasets by assigning a specific score. - Must not be able to do multiple reviews. - Must be able to update a review.",closed,Sin etiquetas,Other,https://github.com/EGC-Gazpacho/gazpacho-hub/issues/57,,Other,"The bug report appears to describe the implementation of a new feature ('Rate Datasets') rather than an issue caused by misconfigured settings. It involves backend and frontend development tasks, but does not mention configuration artifacts or incorrect configurations."
EGC-Gazpacho,gazpacho-hub,WI/Download All Datasets,"As a user, I want a ‘Download all’ button somewhere that downloads ALL datasets with ALL models and in ALL formats",closed,Sin etiquetas,Other,https://github.com/EGC-Gazpacho/gazpacho-hub/issues/56,,Other,"The bug report does not mention configuration artifacts, incorrect or missing configurations, system setup, deployment, or runtime settings. It appears to be a feature request for the application."
EGC-Gazpacho,gazpacho-hub,WI/Search Queries,"As a user I want to be able to query the repo in a way that allows me to bring me a set of models, or even download them all.",closed,Sin etiquetas,Other,https://github.com/EGC-Gazpacho/gazpacho-hub/issues/55,,Other,"The bug report appears to be related to a feature request or user story, rather than an issue with system configuration. It describes a desired functionality and does not mention any configuration artifacts or settings."
EGC-Gazpacho,gazpacho-hub,WI/Automatic_test_for_DownloadInDifferentFormats,Sin descripción,closed,Sin etiquetas,Other,https://github.com/EGC-Gazpacho/gazpacho-hub/issues/53,,Other,"The provided information does not contain any details about configuration artifacts, incorrect or missing configurations, system setup, deployment, runtime settings, or unintended interactions between configuration settings. Therefore, it is classified as an 'Other' bug report."
EGC-Gazpacho,gazpacho-hub,WI/Dashboard,"Develop an interactive dashboard that displays and allows the monitoring of key system metrics, with filters and real-time data visualizations.",closed,Sin etiquetas,Other,https://github.com/EGC-Gazpacho/gazpacho-hub/issues/49,,Other,"The bug report does not mention configuration artifacts, incorrect or missing configurations, system setup, deployment, or runtime settings. It appears to be a feature request for an interactive dashboard."
EGC-Gazpacho,gazpacho-hub,WI/View user profile,Sin descripción,closed,Sin etiquetas,Other,https://github.com/EGC-Gazpacho/gazpacho-hub/issues/44,,Other,"The provided information does not mention configuration artifacts, incorrect or missing configurations, system setup, deployment, runtime settings, or unintended interactions between configuration settings. Therefore, it is classified as an 'Other' bug report."
EGC-Gazpacho,gazpacho-hub,CI-CD/Codium Review Agent,Integration of the codium ai agent to make reviews on pull requests and accept them.,closed,Sin etiquetas,Other,https://github.com/EGC-Gazpacho/gazpacho-hub/issues/28,,Other,"The bug report does not mention configuration artifacts, incorrect or missing configurations, system setup, deployment, or runtime settings. It appears to be related to the integration of a third-party AI agent with a CI-CD pipeline."
EGC-Gazpacho,gazpacho-hub,CI-CD/Dockerhub Workflow Integration,The current uvlhub dockerhub workflow must be properly configured so that the image of the project is pushed when changes are merged to the development branch,closed,Sin etiquetas,Configuration,https://github.com/EGC-Gazpacho/gazpacho-hub/issues/26,,Configuration,"The bug report mentions a workflow integration issue, which is likely related to configuration settings for the CI-CD pipeline and Dockerhub."
EGC-Gazpacho,gazpacho-hub,WI/Community: Unit Tests,"Develop unit tests to check the functionalities of the community WI: creating communities, editing, deleting, joining, abandoning, etc.",closed,Sin etiquetas,Other,https://github.com/EGC-Gazpacho/gazpacho-hub/issues/25,,Other,"This bug report is about developing unit tests for the community functionality, which does not relate to configuration issues. It's a task about writing code to test existing features."
EGC-Gazpacho,gazpacho-hub,CI-CD/Codacy Workflow,Implement a workflow that runs an analysis of the project with Codacy when develop branch is updated,closed,Sin etiquetas,Other,https://github.com/EGC-Gazpacho/gazpacho-hub/issues/24,,Other,"The bug report appears to be related to implementing a workflow for Codacy analysis, which is more about setting up a CI/CD pipeline rather than a configuration issue."
EGC-Gazpacho,gazpacho-hub,CI-CD/Implement Docker,Develop the Dockerfile so that the project can be built into a container,closed,Sin etiquetas,Configuration,https://github.com/EGC-Gazpacho/gazpacho-hub/issues/23,,Other,"The bug report is about implementing Docker and developing a Dockerfile, which is related to development configuration. However, it does not describe an issue caused by misconfigured settings or incorrect parameter values."
EGC-Gazpacho,gazpacho-hub,CI-CD/Deploy Project in Render,Make a deployment in Render that contains the project and updates when changes are pushed to the main branch,closed,Sin etiquetas,Configuration,https://github.com/EGC-Gazpacho/gazpacho-hub/issues/22,,Configuration,"The bug report mentions deployment and updates, which are related to system setup and runtime settings. It is likely a configuration issue with the CI-CD pipeline or deployment process in Render."
EGC-Gazpacho,gazpacho-hub,WI/Fakenodo: Initial CRUD Operations,Sin descripción,closed,Sin etiquetas,Other,https://github.com/EGC-Gazpacho/gazpacho-hub/issues/19,,Other,"The provided information does not contain enough details to determine if the bug report is a configuration issue. It lacks description and tags, making it difficult to assess its nature."
EGC-Gazpacho,gazpacho-hub,WI/Advanced Filtering: Filter by Tag,Sin descripción,closed,Sin etiquetas,Other,https://github.com/EGC-Gazpacho/gazpacho-hub/issues/15,,Other,"The bug report does not mention configuration artifacts, incorrect or missing configurations, system setup, deployment, or runtime settings. It also lacks a description of the issue."
EGC-Gazpacho,gazpacho-hub,WI/Advanced Filtering: Filter by Author,Sin descripción,closed,Sin etiquetas,Other,https://github.com/EGC-Gazpacho/gazpacho-hub/issues/14,,Other,"The provided information does not mention configuration artifacts, incorrect or missing configurations, system setup, deployment, or runtime settings. The title and description do not provide enough context to determine if it's a configuration bug report."
EGC-Gazpacho,gazpacho-hub,WI/Advanced Filtering: Filter by number of products,Sin descripción,closed,Sin etiquetas,Other,https://github.com/EGC-Gazpacho/gazpacho-hub/issues/13,,Other,"The provided information does not mention configuration artifacts, incorrect or missing configurations, system setup, deployment, runtime settings, or unintended interactions between configuration settings. The description is also empty, making it difficult to determine the nature of the bug report."
EGC-Gazpacho,gazpacho-hub,WI/Advanced Filtering: Filter by number of features,Sin descripción,closed,Sin etiquetas,Other,https://github.com/EGC-Gazpacho/gazpacho-hub/issues/12,,Other,"The provided information does not mention configuration artifacts, incorrect or missing configurations, system setup, deployment, runtime settings, or unintended interactions between configuration settings. The title and description do not provide enough context to determine if it's a configuration bug report."
EGC-Gazpacho,gazpacho-hub,WI/Download in different formats: Add fuctionality to buttons in frontend,Sin descripción,closed,Sin etiquetas,Other,https://github.com/EGC-Gazpacho/gazpacho-hub/issues/11,,Other,"The bug report does not mention configuration artifacts, incorrect or missing configurations, system setup, deployment, or runtime settings. It seems to be related to adding functionality to buttons in the frontend, which is a code-related issue."
EGC-Gazpacho,gazpacho-hub,WI/Download in different formats: Add functionality in backend,Sin descripción,closed,Sin etiquetas,Other,https://github.com/EGC-Gazpacho/gazpacho-hub/issues/10,,Other,"The bug report does not mention configuration artifacts, incorrect or missing configurations, system setup, deployment, or runtime settings. The title mentions adding functionality in the backend, which suggests a code-related issue rather than a configuration one."
EGC-Gazpacho,gazpacho-hub,WI/Download in different formats: Add buttons in frontend,Sin descripción,closed,Sin etiquetas,Other,https://github.com/EGC-Gazpacho/gazpacho-hub/issues/9,,Other,"The bug report does not mention configuration artifacts, incorrect or missing configurations, system setup, deployment, or runtime settings. It only mentions adding buttons in the frontend, which suggests a UI-related issue rather than a configuration problem."
EGC-Gazpacho,gazpacho-hub,WI/Community: Invitation-only communities,Sin descripción,closed,Sin etiquetas,Other,https://github.com/EGC-Gazpacho/gazpacho-hub/issues/8,,Other,"The provided information does not contain enough details to determine if the bug report is a configuration issue. The description field is empty, and there are no specific mentions of configuration artifacts or settings."
EGC-Gazpacho,gazpacho-hub,WI/Community: Validations and seeders,Sin descripción,closed,Sin etiquetas,Other,https://github.com/EGC-Gazpacho/gazpacho-hub/issues/7,,Other,"The provided information does not contain enough details to determine if the bug report is a configuration issue. The description field is empty, and there are no specific mentions of configuration artifacts or settings."
EGC-Gazpacho,gazpacho-hub,WI/Community: Roles and permissions,Sin descripción,closed,Sin etiquetas,Other,https://github.com/EGC-Gazpacho/gazpacho-hub/issues/6,,Other,"The provided information does not contain enough details to determine if the bug report is a configuration issue. The description field is empty, and there are no specific mentions of configuration artifacts or settings."
EGC-Gazpacho,gazpacho-hub,WI/Community: Community's Users recent datasets,Sin descripción,closed,Sin etiquetas,Other,https://github.com/EGC-Gazpacho/gazpacho-hub/issues/5,,Other,"The provided information does not contain enough details to determine if the bug report is a configuration issue. The description field is empty, and there are no specific mentions of configuration artifacts or settings."
EGC-Gazpacho,gazpacho-hub,WI/Community: Improve UI,Sin descripción,closed,Sin etiquetas,Other,https://github.com/EGC-Gazpacho/gazpacho-hub/issues/4,,Other,"The provided information does not mention configuration artifacts, incorrect or missing configurations, system setup, deployment, runtime settings, or unintended interactions between configuration settings. The title mentions 'UI' which suggests a user interface issue rather than a configuration problem."
EGC-Gazpacho,gazpacho-hub,WI/Community: Show User communities,Sin descripción,closed,Sin etiquetas,Other,https://github.com/EGC-Gazpacho/gazpacho-hub/issues/3,,Other,"Insufficient information is provided to determine if the bug report is a configuration issue. The description is empty, and there are no tags or keywords that suggest a configuration-related problem."
EGC-Gazpacho,gazpacho-hub,"WI/Community: Join, Leave, Edit, Public Show, Delete Cascade",Sin descripción,closed,Sin etiquetas,Other,https://github.com/EGC-Gazpacho/gazpacho-hub/issues/2,,Other,"The provided information does not mention configuration artifacts, incorrect or missing configurations, system setup, deployment, runtime settings, or unintended interactions between configuration settings. The title and description do not provide enough context to determine if it's a configuration bug report."
EGC-Gazpacho,gazpacho-hub,WI/Community: Create Community Models and Basic CRUD operations,Sin descripción,closed,Sin etiquetas,Other,https://github.com/EGC-Gazpacho/gazpacho-hub/issues/1,,Other,"The provided information does not mention configuration artifacts, incorrect or missing configurations, system setup, deployment, runtime settings, or unintended interactions between configuration settings. It appears to be a general issue report related to creating community models and CRUD operations."
salmorejo-hub,uvlhub,Issue with the module dataset seeders.py,"The changes made to the seeders.py of the module datasets makes, upon execution, the example uvl files unreadable. While this won't affect any deployed modules, We want this function to test so in order to make the project more cohesive we would like this fixed. Example of uvl file upon seeders.py execution: ![image](https://github.com/user-attachments/assets/69cc2a7b-c373-4fd8-a56a-085188d45100)",closed,"incidence, priority:critical",Configuration,https://github.com/salmorejo-hub/uvlhub/issues/83,,Other,"The bug report primarily involves a code defect in the seeders.py module rather than an issue with system configuration. The description mentions changes made to the source code causing issues, which suggests a need for code review or refactoring."
salmorejo-hub,uvlhub,render.yml workflow is triggered in develop instead of only main,"**Description:** The `render.yml` workflow is being incorrectly triggered on the `develop` branch. This workflow is intended to run exclusively on the `main` branch to align with the expected deployment and CI/CD processes. This issue may lead to unintended deployments or conflicts with the project workflow. **Steps to Reproduce:** 1. Push or create a pull request in the `develop` branch. 2. Observe that the `render.yml` workflow is triggered. **Expected Result:** The `render.yml` workflow should only trigger on changes to the `main` branch. **Current Result:** The `render.yml` workflow is being triggered on the `develop` branch, which is not the intended behavior.",closed,"incidence, deployment, priority:medium",Configuration,https://github.com/salmorejo-hub/uvlhub/issues/76,,Configuration,The bug report mentions a specific configuration file (render.yml) and its incorrect behavior due to misconfiguration. This indicates that the issue is related to how the system is configured rather than a code defect.
salmorejo-hub,uvlhub,WI-1.7.3: Bug resend verification link,"Description: When the  user clicks on the Resend verification link button in check-inbox page, el system launches error 405 method not authorized Steps to reproduce 1- The user fills the signup form 2- The user is redirected to the check-inbox page 3- The user clicks on the Resend verification link button 4- The error is launched Expected result: The button works properly, resending to the user inbox a new email with confirmation link Current result: Launches an error Additional information (Optional): Intentionally blank",closed,"incidence, priority:medium",Other,https://github.com/salmorejo-hub/uvlhub/issues/71,,Other,"The bug report does not mention configuration artifacts or describe incorrect or missing configurations. It appears to be a code defect related to the Resend verification link button functionality, as it launches an error with a specific HTTP status code (405)."
salmorejo-hub,uvlhub,Fix flake8 issue,Description: fix a little flake8 issue in test_unit.py of auth module Process followed: Additional information:,closed,"incidence, priority:low",Other,https://github.com/salmorejo-hub/uvlhub/issues/67,,Other,The bug report mentions fixing a flake8 issue in a specific file (test_unit.py) which suggests it's related to code quality or linting rather than configuration.
salmorejo-hub,uvlhub,Fix flake8 issues,"There has been an oversight with some issues coming from SH2 that flake8 has detected, a fix needs to be made in order to apply the next release: app/modules/dataset/tests/test_selenium.py:182:121: E501 line too long (135 > 120 characters) app/modules/dataset/tests/test_unit.py:3:1: F401 'shutil' imported but unused app/modules/dataset/tests/test_unit.py:4:1: F401 'flask.url_for' imported but unused app/modules/dataset/tests/test_unit.py:5:1: F401 'flask.request' imported but unused app/modules/dataset/tests/test_unit.py:7:1: F401 'datetime.datetime' imported but unused app/modules/dataset/tests/test_unit.py:15:1: F811 redefinition of unused 'db' from line 6",closed,"incidence, priority:critical",Other,https://github.com/salmorejo-hub/uvlhub/issues/63,,Other,The bug report primarily involves code defects (flake8 issues) rather than configuration settings.
salmorejo-hub,uvlhub,Remove the fakenodo selenium test,The fakenodo selenium test created is not fit to test the functionality so is better to get it removed to avoid further errors that may create.,closed,"incidence, priority:critical",Other,https://github.com/salmorejo-hub/uvlhub/issues/60,,Other,"The bug report does not mention configuration artifacts or settings, but rather a test that is deemed unfit for its purpose. The issue seems to be related to the functionality of the test itself, rather than how it's configured."
salmorejo-hub,uvlhub,Fakenodo doesn't return DOI,"We have found that the Fakenodo function get_doi doesn't return the DOI but None and because of that the dataset is created incorrectly, making the app unable to create syncronized datasets. Steps to reproduce: 1. Login and try to upload dataset 2. The dataset will appear as unsyncronize when it should be syncronized If the DOI is returned correctly it will show as syncronized upon creation.",closed,"incidence, priority:critical",Other,https://github.com/salmorejo-hub/uvlhub/issues/54,,Other,"The bug report primarily involves a code defect (get_doi function not returning DOI) rather than an issue with system configuration. It does not mention any configuration artifacts, incorrect or missing configurations, or unintended interactions between configuration settings."
salmorejo-hub,uvlhub,Fix featuremodel selenium test,I found this error while doing pytest. The error is due to a change on a file ID. This is the exception: ![image](https://github.com/user-attachments/assets/80abf903-6bc2-4d81-9e79-b95b8238f0d1),closed,"incidence, priority:critical",Other,https://github.com/salmorejo-hub/uvlhub/issues/53,,Other,The bug report mentions an error during pytest execution due to a change in a file ID. This suggests a code defect rather than a configuration issue.
salmorejo-hub,uvlhub,Fix pytests Issues,"I found this error while doing pytest. My intuition is that the error are of salmorejo-hub-1, in two tests. If I'm not mistaken, the errors are in the api, maybe in searching the different objects to click in selenium and in the discordbot module, in importing src instead of the hole module. My actions where: 1. Run the app with `flask run --host=0.0.0.0 --reload --debug` 2. Run `pytest` Here the exceptions: ![image](https://github.com/user-attachments/assets/e87e275b-14f8-4196-bc29-695ffde5c3af) ![Captura desde 2024-12-14 19-26-48](https://github.com/user-attachments/assets/f6066165-21be-44b0-808a-79f4034adaa8)",closed,"incidence, priority:critical",Configuration,https://github.com/salmorejo-hub/uvlhub/issues/52,Interesante,Other,"The bug report primarily involves running tests and exceptions, but does not mention configuration artifacts or settings. It appears to be a code defect related to pytest and selenium usage."
salmorejo-hub,uvlhub,WI-0: Fakenodo,"Description: Create fakenodo API in order to simulate zenodo API Process followed: 1. Create fakenodo app 2. Create models services and routes to create the API 3. Create test suite 4. Dockerize the app Modified modules: zenodo,dataset,docker,fakenodo Additional information:",closed,"enhancement, priority:critical",Other,https://github.com/salmorejo-hub/uvlhub/issues/47,,Other,"The bug report appears to be related to the development and implementation of a new API feature (Fakenodo), rather than an issue caused by misconfigured settings or incorrect parameter values. The description mentions creating models, services, routes, and test suites, which suggests that this is primarily a code-related issue."
salmorejo-hub,uvlhub,Integration workflow fails on conflicts,"**Description**: The CI.yml workflow intended to integrate changes from main (salmorejo-hub-1 and salmorejo-hub-2) to develop (salmorejo-hub) is not functioning as expected. Currently, when conflicts arise: 1. The pull step fails. 2. Despite this, the workflow proceeds with a forced push. 3. This results in the workflow copying the entire branch without properly integrating the changes. **Expected Behavior**: • If there are conflicts during the integration: 1. The workflow should fail and stop further execution. 2. Notify the user about the conflict so it can be resolved manually. **Steps**: • Modify the CI.yml workflow to detect conflicts during the pull step. • Ensure the workflow exits with an error when conflicts are detected. • Implement user notifications to alert them of the conflict and provide guidance on resolution.",closed,"incidence, priority:critical, integration",Configuration,https://github.com/salmorejo-hub/uvlhub/issues/23,,Configuration,"The bug report mentions modifying the CI.yml workflow to detect conflicts during the pull step and implementing user notifications, which suggests a configuration issue with the integration workflow."
salmorejo-hub,uvlhub,Fix Codacy issues,"In the most recent iteration of our continous integration we found some codacy issues from the salmorejo-hub-1 repository that needs extra attention, otherwise we wont be able to merge the changes into ours and the overall quality of the project may be severely impacted. More details can be found here: https://app.codacy.com/gh/salmorejo-hub-2/uvlhub/pull-requests/17/issues",closed,"incidence, priority:medium",Configuration,https://github.com/salmorejo-hub/uvlhub/issues/18,,Other,The bug report primarily involves a code quality issue (Codacy issues) and does not mention configuration artifacts or settings. It seems to be related to the project's overall quality rather than a specific configuration problem.
EGC-Porra-23-24,porra-hub,Formato de descarga de todos los datasets,"**Descripción** Al descargar todos los datasets, se descarga como .uvl.txt **Pasos para reproducir:** 1. Al descargar todos los datasets, se descarga como .uvl.txt **Módulos afectados** Dataset",open,fix,Other,https://github.com/EGC-Porra-23-24/porra-hub/issues/99,,Configuration,"The bug report mentions a specific file format (.uvl.txt) which suggests that the issue might be related to configuration settings, possibly in the dataset or download process."
EGC-Porra-23-24,porra-hub,Cambiar entrada de secretos en workflow de despliegue en Docker,**Descripción** Cambiar el acceso a los secretos para que sean accesibles por el workflow. **Módulos afectados** Workflows,closed,fix,Configuration,https://github.com/EGC-Porra-23-24/porra-hub/issues/96,,Configuration,"The bug report mentions changing the access to secrets in a Docker deployment workflow, which involves configuration settings."
EGC-Porra-23-24,porra-hub,Error en los test de Download all,**Título** Error en los test de Download all **Descripción** Hay problemas en los test de download all debido a conflictos **Módulos afectados** dataset,closed,fix,Other,https://github.com/EGC-Porra-23-24/porra-hub/issues/93,,Other,"The bug report does not mention configuration artifacts or describe incorrect or missing configurations. It seems to be related to a code defect in the 'dataset' module, which is causing issues with the 'Download all' feature."
EGC-Porra-23-24,porra-hub,Workflow de render no usa la versión correcta de python,**Título** Workflow de render no usa la versión correcta de python **Descripción** Da error a la hora de instalar las dependencias porque requiere python 3.11 or superior. Este es un segundo intento en solucionarlo.,closed,fix,Configuration,https://github.com/EGC-Porra-23-24/porra-hub/issues/92,Interesante,Configuration,"The bug report mentions a specific version of Python required for the workflow, indicating an issue with configuration settings rather than a code defect."
EGC-Porra-23-24,porra-hub,Archivos file(11-14).uvl no se pueden parsear,**Título** Archivos file(11-14).uvl no se pueden parsear **Descripción** Al querer descargar uno de estos archivos con un formato distinto a UVL da error,closed,fix,Other,https://github.com/EGC-Porra-23-24/porra-hub/issues/90,,Other,"The bug report does not mention configuration artifacts or incorrect configurations. It seems to be related to a specific file format issue, which is more likely a code defect rather than a configuration problem."
EGC-Porra-23-24,porra-hub,Wokflow de render requiere python 3.11 o superior,"**Título** Wokflow de render requiere python 3.11 o superior **Descripción** Al instalar las dependencias en el step ""Seed the database"" del job ""Deploy to Render"" da error por requerir python 3.11 o superior",closed,fix,Configuration,https://github.com/EGC-Porra-23-24/porra-hub/issues/88,Interesante,Configuration,"The bug report mentions a specific version requirement for Python, which is related to the system's configuration settings."
EGC-Porra-23-24,porra-hub,Cambiar ruta del home en fakenodo,Cambiar ruta para que la ruta home de fakenodo no esté vacía y no se asigne a la página inicial,closed,fix,Configuration,https://github.com/EGC-Porra-23-24/porra-hub/issues/85,Interesante,Configuration,"The bug report mentions changing the home route in fakenodo, which implies modifying configuration settings to achieve a specific behavior."
EGC-Porra-23-24,porra-hub,Incluir secretos de verificación de email en .github,Incluir el correo y contraseña en los secretos para ci/cd y render,closed,fix,Configuration,https://github.com/EGC-Porra-23-24/porra-hub/issues/84,Interesante,Configuration,"The bug report mentions secrets for CI/CD and rendering, which are typically configuration settings."
EGC-Porra-23-24,porra-hub,Poblar base de datos al desplegar render,**Descripción:** Añadir un paso a la tarea para que se ejecuten los seeders con rosemary. **Archivos afectados:** - workflows/render.yml,closed,configuration,Configuration,https://github.com/EGC-Porra-23-24/porra-hub/issues/80,Interesante,Configuration,"The bug report mentions a specific configuration file (workflows/render.yml) and involves modifying the deployment process to execute seeders with rosemary, indicating a configuration-related issue."
EGC-Porra-23-24,porra-hub,Refactorización de modelo de comunidades,"**Descripción:** Mover los modelos relacionados con comunidades a dataset/models.py y quitarlos de auth/models.py. **WorkItem:** Community **Módulos involucrados:** Dataset, Auth",closed,feat,Configuration,https://github.com/EGC-Porra-23-24/porra-hub/issues/79,,Other,"The bug report appears to be related to code refactoring and moving models from one file to another, which is a coding issue rather than a configuration problem."
EGC-Porra-23-24,porra-hub,completar tests de download all,**Descripción:** Completar pruebas de download all **Casos de prueba:** test_unit.py test_selenium.py **WorkItem:** Download all datasets **Módulos involucrados:** datasets,closed,test,Other,https://github.com/EGC-Porra-23-24/porra-hub/issues/78,,Other,"The bug report appears to be related to testing and completing unit tests for a specific feature (download all datasets), but it does not mention configuration artifacts or settings. It seems more focused on the development process rather than system setup or runtime configurations."
EGC-Porra-23-24,porra-hub,Error en los formatos de descarga en el download all,**Título** Error en los formatos de descarga en el download all **Descripción** Detectado un error en los formatos de descarga del download all **Módulos afectados** dataset/routes.py,closed,fix,Other,https://github.com/EGC-Porra-23-24/porra-hub/issues/76,,Other,"The bug report mentions a specific code file (dataset/routes.py) and the status is 'closed' with a tag of 'fix', indicating that it's likely a code defect rather than a configuration issue."
EGC-Porra-23-24,porra-hub,Mejora de la documentación,**Descripción:** Mejora general de la documentación y añadir cambios en que se ha llevado a cabo. **Secciones afectadas:** - Acta fundacional,open,documentation,Other,https://github.com/EGC-Porra-23-24/porra-hub/issues/75,,Other,"The bug report is related to improving the documentation, which does not seem to be a configuration issue but rather a content or feature request."
EGC-Porra-23-24,porra-hub,Implementacion de nuevo workflow formateador,**Descripción:** Incluir nuevo workflow para que formatee el codigo añadido al proyecto en funcion de python lint **Archivos afectados:** formatter.yml **Notas adicionales:** El workflow se ejecutará en cada push a una rama o en una PR,closed,configuration,Configuration,https://github.com/EGC-Porra-23-24/porra-hub/issues/73,,Configuration,"The bug report mentions the 'formatter.yml' file, which is a configuration artifact, and has been tagged as a 'configuration' issue."
EGC-Porra-23-24,porra-hub,DSMetrics no se calcula correctamente con archivos que usa espacios,"**Título** DSMetrics no se calcula correctamente con archivos que usa espacios **Descripción** Si se sube un archivo uvl que usa 4 espacios en vez de tabulador, al crear el dataset, DSMetrics calculará las features de ese archivo como cero. **Pasos para reproducir:** 1. Subir dataset 2. Subir un archivo uvl que use grupos de 4 espacios en vez de tabuladores para jerarquizar los elementos. 3. Confirmar subir dataset **Módulos afectados** dataset",closed,fix,Other,https://github.com/EGC-Porra-23-24/porra-hub/issues/70,,Configuration,"The bug report mentions a specific configuration issue (use of spaces instead of tabulators in uvl files) that affects the calculation of DSMetrics, indicating a problem with how the system is configured rather than a code defect."
EGC-Porra-23-24,porra-hub,Cambios en los Workflows,"**Descripción:** Cambios en los workflows, flujo de ejecución. **Archivos afectados:** .ignore/workflows/ **Módulos involucrados:** Workflows",closed,configuration,Configuration,https://github.com/EGC-Porra-23-24/porra-hub/issues/68,,Configuration,The bug report mentions 'configuration' as a tag and references specific files (.ignore/workflows/) which suggests that the issue is related to configuration settings.
EGC-Porra-23-24,porra-hub,Crear testing unitario para fakenodo,"Crear testing unitario para fakenodo para probar la ""subida"" de datasets a fakenodo",closed,test,Other,https://github.com/EGC-Porra-23-24/porra-hub/issues/67,,Other,"The bug report is about creating a unit testing for fakenodo, which seems to be related to writing code rather than configuring an existing system."
EGC-Porra-23-24,porra-hub,Añadir comunidad en UploadZip,**Descripción:** Poder elegir Comunidad cuando subas un o varios dataset con zip **WorkItem:** Community **Módulos involucrados:** Dataset,open,feat,Other,https://github.com/EGC-Porra-23-24/porra-hub/issues/62,,Other,"The bug report does not mention configuration artifacts, incorrect or missing configurations, system setup, deployment, or runtime settings. It appears to be a feature request or an issue related to the functionality of the 'Dataset' module."
EGC-Porra-23-24,porra-hub,Pruebas funcionales subir desde Github,"**Descripción:** Se agregarán pruebas unitarias, de selenium y de locust para comprobar el funcionamiento del workitem **Casos de prueba:** -/dataset/routes.py **WorkItem:** -Upload from zip/Github **Módulos involucrados:** Dataset",closed,test,Other,https://github.com/EGC-Porra-23-24/porra-hub/issues/60,,Other,The bug report appears to be related to adding functional tests and does not mention configuration artifacts or settings. It seems to be a request for implementing new test cases rather than a description of an issue caused by misconfigured settings.
EGC-Porra-23-24,porra-hub,Arreglo de bugs varios encontrados en Community,"**Descripción** Durante la creación de los test de communidades se han encontrado varios bugs. **Pasos para reproducir:** 1. Como miembro de una comunidad, acceder a la misma, no detecta el endpoint **Módulos afectados** Dataset",closed,fix,Other,https://github.com/EGC-Porra-23-24/porra-hub/issues/58,,Other,"The bug report mentions 'bugs varios encontrados' (various bugs found) and provides steps to reproduce, but it does not mention configuration artifacts or settings. It seems more related to a code defect or an issue with the application's functionality rather than a configuration issue."
EGC-Porra-23-24,porra-hub,Fakenodo,Simular zenodo sin hacer llamadas a ninguna api,closed,feat,Other,https://github.com/EGC-Porra-23-24/porra-hub/issues/57,,Other,"The bug report does not mention configuration artifacts, incorrect or missing configurations, system setup, deployment, or runtime settings. It seems to be related to a feature implementation (feat tag) and its status is closed."
EGC-Porra-23-24,porra-hub,Añadir plantillas de Issues,Añadir plantillas de issues para distintos cambios: - feat - test - fix - config - documentation,closed,configuration,Other,https://github.com/EGC-Porra-23-24/porra-hub/issues/54,,Configuration,"The bug report is tagged as 'configuration' and involves adding templates for different types of changes, which suggests a configuration-related issue."
EGC-Porra-23-24,porra-hub,Pruebas Selenium Descargar todos los dataset,Relizar Pruebas con Selenium para el WI Download All datasets,closed,test,Other,https://github.com/EGC-Porra-23-24/porra-hub/issues/49,,Other,"The bug report appears to be related to a Selenium test, which is likely a code defect rather than a configuration issue. The description mentions 'relizar pruebas' (performing tests) and 'WI Download All datasets', indicating that the problem is with the test execution or data retrieval, not with system configurations."
EGC-Porra-23-24,porra-hub,Arreglar límite superior del filtro de fecha de creación,"El filtro de fecha creación no filtra los dataset creados a las 00:00:00.000 del próximo día del límite superior. Por ejemplo, si se tiene un dataset creado el 2000-01-02 00:00:00, aparecerá a pesar de que el valor máximo en el filtro de fecha de creación sea 2000-01-01. Esto no ocurre si la hora es 00:00:01.",closed,fix,Other,https://github.com/EGC-Porra-23-24/porra-hub/issues/48,,Configuration,"The bug report mentions a specific issue with the filter's upper limit, which suggests that it is related to how the system is configured rather than a code defect."
EGC-Porra-23-24,porra-hub,Arreglar botón de vaciar filtros,"El botón ""Clear Filters"" de la página explore no vacía los nuevos filtros.",closed,fix,Other,https://github.com/EGC-Porra-23-24/porra-hub/issues/47,,Other,"The bug report does not mention configuration artifacts or settings, but rather a specific functionality issue with the 'Clear Filters' button. It appears to be a code defect related to filtering logic."
EGC-Porra-23-24,porra-hub,Pruebas funcionales de filtrado de datasets,Crear tests unitarios y tests de integración para el filtrado de datasets y la creación de métricas. Tareas: - Añadir valores para testing al seeder de dataset - Tests de integración de filtrado - Tests unitarios de métricas,closed,test,Other,https://github.com/EGC-Porra-23-24/porra-hub/issues/46,,Other,"The bug report primarily involves creating tests and adding values for testing, which does not seem to be related to configuration issues. It appears to be a task about implementing unitary and integration tests."
EGC-Porra-23-24,porra-hub,Arreglar problema al mergear las pull request,Arreglar problemas al mergear las pull request,closed,fix,Other,https://github.com/EGC-Porra-23-24/porra-hub/issues/44,,Other,"The bug report does not mention configuration artifacts or describe incorrect or missing configurations. It seems to be related to a merge issue in a pull request, which is more likely a code defect rather than a configuration issue."
EGC-Porra-23-24,porra-hub,Tests locust verificación email,Realizar testing de locust para la verificación de email,closed,test,Other,https://github.com/EGC-Porra-23-24/porra-hub/issues/43,,Other,"The bug report appears to be related to testing and verification of an email using Locust, but it does not mention configuration artifacts or settings. It seems more focused on the execution of a test rather than a configuration issue."
EGC-Porra-23-24,porra-hub,Tests selenium verificación email,Realizar el testing deselenium para la verificación de email,closed,test,Other,https://github.com/EGC-Porra-23-24/porra-hub/issues/42,,Other,"The bug report appears to be about testing a feature using Selenium, but it does not mention configuration artifacts or settings. It seems to be related to the functionality of the system rather than its configuration."
EGC-Porra-23-24,porra-hub,Corregir download all dataset,Realizando test se ha visto que el código no gestiona bien cuando no hay archivos y genera un zip vacío en vez de generar una excepción.,closed,fix,Other,https://github.com/EGC-Porra-23-24/porra-hub/issues/40,,Other,The bug report primarily involves a code defect (handling empty files and generating an incorrect zip file) rather than a configuration issue.
EGC-Porra-23-24,porra-hub,Pruebas funcionalidad subir desde zip,Crear pruebas para probar las funcionalidad de subir dataset a partir del zip,closed,test,Other,https://github.com/EGC-Porra-23-24/porra-hub/issues/39,,Other,"The bug report appears to be about creating tests for a specific functionality, but it does not mention configuration artifacts or settings. It seems to be related to writing code rather than configuring the system."
EGC-Porra-23-24,porra-hub,Corregir backend de subir zip,Al comprobar que el metodo de subir un zip devolvia los archivos vacios se tiene que corregir para que los archivos esten con contenido.,closed,fix,Other,https://github.com/EGC-Porra-23-24/porra-hub/issues/33,,Other,The bug report primarily involves a code defect (empty files being returned) rather than an issue with system configuration.
EGC-Porra-23-24,porra-hub,Pruebas Unitarias de la descarga de todos los Dataset,Desarrollar pruebas para comprobar el correcto funcionamiento de la descarga de todos los dataset.,closed,test,Other,https://github.com/EGC-Porra-23-24/porra-hub/issues/32,,Other,"The bug report appears to be about writing unit tests for a feature, rather than an issue with the system's configuration."
EGC-Porra-23-24,porra-hub,Filtrado por métricas de los modelos,"La página de búsqueda debe darte la opción de buscar datasets según métricas de sus modelos. En este caso, serán el **número de modelos** y el **número total de features**. Para esto, habrá que implementar que al crear un nuevo dataset, se asignen los valores indicados a la entidad DSMetrics asociada. Tareas: - Añadir al servicio para crear dataset que se cree un DSMetrics con las métricas de los modelos y asociarlo a su DSMetaData. - Añadir en backend la opción de filtrado a la función de búsqueda de datasets según un rango de las métricas de DSMetrics. - Añadir en frontend entradas de valores para filtrado según las métricas en la página de búsqueda de datasets.",closed,feat,Other,https://github.com/EGC-Porra-23-24/porra-hub/issues/29,,Other,"The bug report describes a feature request to implement filtering by model metrics, which involves adding new functionality and backend logic. It does not mention any configuration issues or misconfigured settings."
EGC-Porra-23-24,porra-hub,Añadir un boton para la descarga de todos los feature models,Añadir un boton para la descarga de todos los feature models ya estes registrado o no.,closed,feat,Other,https://github.com/EGC-Porra-23-24/porra-hub/issues/27,,Other,"The bug report does not mention configuration artifacts, incorrect or missing configurations, system setup, deployment, or runtime settings. It appears to be a feature request related to adding a button for downloading all feature models, which is more related to code development than configuration."
EGC-Porra-23-24,porra-hub,Listar comunidades con búsqueda,"En el listado de comunidades, mostrar solo las comunidades de las que el usuario es miembro. Además, agregar una opción para buscar entre todas las comunidades con filtros relevantes. Tareas: - Crear un endpoint para obtener las comunidades donde el usuario es miembro. - Diseñar un campo de búsqueda de comunidades.",closed,feat,Other,https://github.com/EGC-Porra-23-24/porra-hub/issues/24,,Other,"The bug report describes a feature request or implementation task, but does not mention configuration artifacts or settings. It appears to be related to code development and functionality rather than system setup or configuration."
EGC-Porra-23-24,porra-hub,Descargar todos los Feature Models,Implementar que el boton de Download all añada todos los Feature Models al zip que ya contiene todos los datasets.,closed,feat,Other,https://github.com/EGC-Porra-23-24/porra-hub/issues/21,,Other,"The bug report appears to be related to a feature implementation or enhancement, rather than a configuration issue. It involves adding functionality to download all Feature Models and datasets, which suggests a code defect rather than a misconfiguration."
EGC-Porra-23-24,porra-hub,Subir dataset desde github frontend,Subir dataset desde github frontend,closed,feat,Other,https://github.com/EGC-Porra-23-24/porra-hub/issues/18,,Other,"The bug report does not mention configuration artifacts, incorrect or missing configurations, system setup, deployment, or runtime settings. It appears to be related to a feature (feat) and has been closed."
EGC-Porra-23-24,porra-hub,Subir dataset desde github backend,Subir dataset desde github backend,closed,feat,Other,https://github.com/EGC-Porra-23-24/porra-hub/issues/17,,Other,"The bug report does not mention configuration artifacts, incorrect or missing configurations, system setup, deployment, or runtime settings. It seems to be related to a feature (feat) and its implementation."
EGC-Porra-23-24,porra-hub,Subir dataset desde zip backend,"Se añadió la lógica en el backend para procesar archivos .zip, extrayendo los datasets y almacenándolos en la base de datos Tareas: - Implementar en el backend el manejo de archivos .zip, incluyendo validaciones y la extracción de datasets",closed,feat,Other,https://github.com/EGC-Porra-23-24/porra-hub/issues/16,,Other,"The bug report appears to be about implementing a new feature (managing .zip files) rather than addressing an existing configuration issue. The description mentions adding logic and implementing tasks, which suggests it's related to code development rather than configuration."
EGC-Porra-23-24,porra-hub,Validación de registro,Desarrollar la validación de registro para un nuevo usuario al que se le envía un correo en el que usa un link para validar dicho registro,closed,feat,Other,https://github.com/EGC-Porra-23-24/porra-hub/issues/15,,Other,"The bug report appears to be related to feature development (feat) and does not mention configuration artifacts or settings, so it is unlikely a configuration issue."
EGC-Porra-23-24,porra-hub,Download all Backend,Añadir el backend para las funcionalidades del boton download all,closed,feat,Other,https://github.com/EGC-Porra-23-24/porra-hub/issues/13,,Other,"The bug report does not mention configuration artifacts, incorrect or missing configurations, system setup, deployment, or runtime settings. It appears to be related to a feature request (feat) and adding backend functionality for the 'download all' button."
EGC-Porra-23-24,porra-hub,Subir datasets desde .zip frontend,"En el frontend, se diseñó la estructura inicial de la vista para cargar archivos .zip, incluyendo el enlace en el desplegable del menú base En el backend, se implementó la lógica necesaria para mostrar la vista correspondiente sin funcionalidad de procesamiento Tareas: - Crear una nueva vista en el frontend para la subida de datasets desde un archivo .zip - Diseñar un desplegable en la página base para acceder a la nueva vista - Configurar un endpoint en el backend para servir la nueva vista",closed,feat,Other,https://github.com/EGC-Porra-23-24/porra-hub/issues/10,,Other,"The bug report appears to be about implementing a new feature (feat) for uploading datasets from .zip files, which involves both frontend and backend development. It does not mention any configuration issues or misconfigured settings."
EGC-Porra-23-24,porra-hub,Download all: Frontend,Desarrollar un botón que descargue todos los datasets con todos los modelos,closed,feat,Other,https://github.com/EGC-Porra-23-24/porra-hub/issues/9,,Other,The bug report appears to be related to a feature request (feat) and does not mention configuration artifacts or settings. It seems to be about implementing a new functionality rather than addressing an issue caused by misconfigured settings.
EGC-Porra-23-24,porra-hub,Pruebas de la funcionalidad de comunidades,Desarrollar pruebas unitarias e integradas para verificar el correcto funcionamiento. Tareas: - Implementar pruebas unitarias e integradas para todos los endpoints y validaciones. - Probar casos límite como duplicidad de nombres y solicitudes duplicadas.,closed,test,Other,https://github.com/EGC-Porra-23-24/porra-hub/issues/7,,Other,"The bug report is about implementing unit and integration tests for a system, which does not seem to be related to configuration issues. It appears to be a task focused on writing test cases rather than addressing any existing configuration problems."
EGC-Porra-23-24,porra-hub,Permitir agregar una comunidad al crear un dataset si eres dueño,"Implementar funcionalidad para que, al crear un dataset, se pueda asociar con una comunidad de la que el usuario sea dueño. Verificar permisos para evitar accesos no autorizados. Tareas: - Posibilidad de elegir comunidad de las que seas dueño al subir un dataset. - Visualización en la descripción del dataset la comunidad si tiene una comunidad enlazada. - Visualización en la descripción de la comunidad de todos los datasets que tenga enlazados,",closed,feat,Other,https://github.com/EGC-Porra-23-24/porra-hub/issues/6,,Other,The bug report describes a feature implementation and does not mention configuration artifacts or incorrect configurations. It appears to be related to code development rather than system setup or runtime settings.
EGC-Porra-23-24,porra-hub,Gestión de miembros y solicitudes de ingreso,"Esta PR implementa el sistema de solicitudes para unirse a comunidades, permitiendo a los usuarios solicitar unirse a comunidades y a los propietarios gestionar estas solicitudes. Tareas: - Crear endpoint para solicitar unirse a una comunidad (POST /comunidades/{id}/solicitudes). - Crear endpoint para aprobar solicitudes (PUT /comunidades/{id}/solicitudes/{solicitudId}/aprobar). - Crear endpoint para rechazar solicitudes (DELETE /comunidades/{id}/solicitudes/{solicitudId}). - Crear endpoint para listar miembros de una comunidad (GET /comunidades/{id}/miembros). - Validar que solo los propietarios puedan aprobar o rechazar solicitudes. - Al aprobar una solicitud, añadir al usuario a la lista de miembros.",closed,feat,Other,https://github.com/EGC-Porra-23-24/porra-hub/issues/5,,Other,"This bug report appears to be related to a feature implementation (feat) and does not mention configuration artifacts or settings. It describes code changes and functionality, rather than issues caused by misconfigured settings."
EGC-Porra-23-24,porra-hub,Crear y gestionar comunidades,"Descripción: Desarrollar endpoints para que los usuarios autenticados puedan crear, editar y eliminar comunidades. Solo los propietarios podrán editar y eliminar la comunidad. Tareas: - Crear endpoint para crear comunidad (POST /comunidades). - Crear endpoint para editar comunidad (PUT /comunidades/{id}), permitiendo solo a propietarios modificar datos. - Crear endpoint para eliminar comunidad (DELETE /comunidades/{id}), permitiendo solo a propietarios realizar esta acción. - Implementar validación de nombres únicos para comunidades.",closed,feat,Other,https://github.com/EGC-Porra-23-24/porra-hub/issues/4,,Other,"The bug report appears to be related to developing API endpoints and implementing business logic, rather than a configuration issue. It involves creating, editing, and deleting communities, as well as implementing validation rules, which suggests a code defect or feature implementation issue."
EGC-Porra-23-24,porra-hub,Implementar modelo de datos y sistema de roles para Comunidades,"Crear el modelo de datos para representar comunidades, establecer la relación entre comunidades y usuarios, y definir los roles (propietario y miembro regular). Tareas: - Diseñar el modelo de datos de Comunidad. - Crear relaciones entre Comunidad y Usuario, estableciendo roles de propietario y miembro regular. - Implementar validaciones para restringir acciones en función de los roles.",closed,feat,Other,https://github.com/EGC-Porra-23-24/porra-hub/issues/3,,Other,"The bug report describes a task to implement a data model and role system for communities, which involves designing the database schema and relationships between entities. This is more related to code development than configuration settings."
EGC-Porra-23-24,porra-hub,"Advanced filtering: Frontend (creation date, total size and number of features)","Implementar el frontend relacionado con el Work Item: Advanced filtering La página de exploración de datasets tendrá entradas de valores para imponer valores mínimo y máximo para la fecha de creación, el tamaño total de los archivos y el número de features en la búsqueda.",closed,feat,Other,https://github.com/EGC-Porra-23-24/porra-hub/issues/2,,Other,The bug report appears to be related to implementing a new feature (Advanced filtering) and does not mention configuration artifacts or settings. It seems to be a request for development work rather than a description of an issue caused by misconfigured settings.
EGC-Porra-23-24,porra-hub,"Advanced filtering: Backend (creation date, total size and number of features)","Implementar el backend relacionado con el Work Item: Advanced filtering Los endpoints de la API para buscar datasets tendrán opciones de filtrados según la fecha de creación, el tamaño total de los archivos y el número de features, asignándoles valor mínimo y máximo.",closed,feat,Other,https://github.com/EGC-Porra-23-24/porra-hub/issues/1,,Other,The bug report appears to be related to implementing a new feature (Advanced filtering) and does not mention any configuration issues. It seems to be focused on adding functionality through code rather than addressing a misconfiguration.
EGC-chicharrones,chicharrones-hub-1,[BUG] Explore html,"**Describe the bug** Explore html error **To Reproduce** Steps to reproduce the behavior: 1. Go to 'explore' 2. Click on '....' 3. Scroll down to '....' 4. See error **Expected behavior** A clear and concise description of what you expected to happen. **Screenshots** If applicable, add screenshots to help explain your problem. **Additional context** Add any other context about the problem here.",closed,Sin etiquetas,Other,https://github.com/EGC-chicharrones/chicharrones-hub-1/issues/133,,Other,"The bug report does not mention configuration artifacts, incorrect or missing configurations, system setup, deployment, or runtime settings. It appears to be a general issue with the 'Explore' feature and its behavior."
EGC-chicharrones,chicharrones-hub-1,[CHANGE] Top 3 datasets by rating,**Describe the enhancement or addition you'd like** A new option that shows the 3 datasets with the highest rating.,closed,Sin etiquetas,Other,https://github.com/EGC-chicharrones/chicharrones-hub-1/issues/131,,Other,"The bug report is about a feature request or enhancement, not a configuration issue. It does not mention any configuration artifacts, incorrect configurations, system setup, deployment, runtime settings, or unintended interactions between configuration settings."
EGC-chicharrones,chicharrones-hub-1,[CHANGE] Display two decimal places in the average rating.,"**Describe the enhancement or addition you'd like** Format the average rating to show two decimal places for better readability and consistency. This ensures that the rating is displayed with a precise, standardized format, making it easier to understand and compare. **Additional context** ![image](https://github.com/user-attachments/assets/bbd804a7-366c-410d-8715-9b014cef4844)",open,Sin etiquetas,Other,https://github.com/EGC-chicharrones/chicharrones-hub-1/issues/130,,Other,"The bug report is about formatting the average rating to show two decimal places, which suggests a code defect rather than a configuration issue."
EGC-chicharrones,chicharrones-hub-1,[CHANGE] Change the photo in the README,**Describe the enhancement or addition you'd like** Change the photo in the README to one that references the organization Chicharrones-Hub. **Additional context** ![image](https://github.com/user-attachments/assets/180b158e-9c1b-4205-a423-bac037d5a3d3),open,documentation,Other,https://github.com/EGC-chicharrones/chicharrones-hub-1/issues/129,,Other,"This bug report appears to be related to a feature request or enhancement in the README file, rather than an issue with configuration settings."
EGC-chicharrones,chicharrones-hub-1,[CHANGE] Internationalize the README to Spanish,"**Describe the enhancement or addition you'd like** Add a Spanish version of the README file to make the project more accessible to Spanish-speaking users. This includes translating the key sections such as installation instructions, usage guidelines, and project details into Spanish. **Additional context** ![image](https://github.com/user-attachments/assets/d90e6359-c688-43c5-98f7-b4450e543c5b)",open,documentation,Other,https://github.com/EGC-chicharrones/chicharrones-hub-1/issues/128,,Other,The bug report is about adding a new feature (internationalizing the README file) rather than fixing an existing issue caused by misconfigured settings.
EGC-chicharrones,chicharrones-hub-1,[CHANGE] Redirect to GitHub profile on component name click on README (chicharrones-1),"**Describe the enhancement or addition you'd like** When the name of a component in the README (chicharrones-1) is clicked, the user will be redirected to the corresponding GitHub profile. **Additional context** ![image](https://github.com/user-attachments/assets/32d3d56a-6c19-4dc1-8841-826ec26a1e3d)",closed,Sin etiquetas,Other,https://github.com/EGC-chicharrones/chicharrones-hub-1/issues/126,,Other,"The bug report is about an enhancement or addition to the system, rather than a configuration issue. It involves modifying the behavior of clicking on component names in README files and redirecting users to GitHub profiles."
EGC-chicharrones,chicharrones-hub-1,[CHANGE] Redirect to GitHub profile on component name click on README (chicharrones-2),Sin descripción,closed,documentation,Other,https://github.com/EGC-chicharrones/chicharrones-hub-1/issues/124,,Other,"The bug report does not mention configuration artifacts, incorrect or missing configurations, system setup, deployment, or runtime settings. It appears to be related to a feature request or documentation issue."
EGC-chicharrones,chicharrones-hub-1,[CHANGE] Redirect to GitHub profile on component name click on README (chicharrones-2),"**Describe the enhancement or addition you'd like** When the name of a component in the README (chicharrones-2) is clicked, the user will be redirected to the corresponding GitHub profile. **Additional context** ![image](https://github.com/user-attachments/assets/4bc059ee-2721-4625-a9b3-11305280cb8b)",closed,documentation,Other,https://github.com/EGC-chicharrones/chicharrones-hub-1/issues/123,,Other,"The bug report appears to be about a feature enhancement or addition, rather than an issue caused by misconfigured settings. It involves clicking on component names in README files and redirecting to GitHub profiles, which suggests a code defect or functionality change rather than a configuration issue."
EGC-chicharrones,chicharrones-hub-1,[CHANGE] Add interface elements to chatbot,"**Describe the enhancement or addition you'd like** As a programmer I want to have the same interface as there is throughout the web on the chatbot.html page. **Additional context** Adding both the search bar and the action menu,",closed,Sin etiquetas,Other,https://github.com/EGC-chicharrones/chicharrones-hub-1/issues/120,,Other,"The bug report is about adding new interface elements to a chatbot, which does not seem to be related to configuration settings. It appears to be a feature request or an enhancement issue."
EGC-chicharrones,chicharrones-hub-1,[BUG] Rating Test,**Describe the bug** Los test se han roto **To Reproduce** Steps to reproduce the behavior: 1. Go to 'tests selenium en dataset' 2. Remake **Expected behavior** Deberia de funcionar despues de volver a hacerlos,closed,Sin etiquetas,Other,https://github.com/EGC-chicharrones/chicharrones-hub-1/issues/118,,Other,"The bug report does not mention configuration artifacts, incorrect or missing configurations, system setup, deployment, or runtime settings. It appears to be related to a test failure in a Selenium test suite, which is likely due to a code defect rather than a configuration issue."
EGC-chicharrones,chicharrones-hub-1,[BUG] Pagination in view user profile requiring login,"**Describe the bug** When trying to see further into the pagination of an User's public datasets, it sends you to the login page. **To Reproduce** Steps to reproduce the behavior: 1. Go to main page 2. Click on any user profile that has enough datasets to allow for pagination 3. Click on next page **Expected behavior** Should show the datsets in the next page. **Additional context** You might need to add a few datasets of a user for it to be shown.",closed,Sin etiquetas,Other,https://github.com/EGC-chicharrones/chicharrones-hub-1/issues/115,,Other,"The bug report does not mention configuration artifacts or incorrect configurations. It appears to be a code defect related to pagination functionality, specifically an issue with user authentication and dataset visibility."
EGC-chicharrones,chicharrones-hub-1,[BUG] Uploaded datasets are not filtered by features or constraints,"**Describe the bug** After uploading a synchronized dataset, features and constraints filters do not work. **To Reproduce** Steps to reproduce the behavior: 1. Login as any user 2. Upload a synchronized dataset (use only file1.uvl which contains 1 feature and 2 constraints) 3. Go to explore 4. Filter by features and constraints (neither value gives the desired ouput) **Expected behavior** The new dataset should be filtered by features and constraints if search by 1 and 2 respectively",closed,Sin etiquetas,Other,https://github.com/EGC-chicharrones/chicharrones-hub-1/issues/112,,Other,"The bug report primarily involves a code defect or functionality issue, rather than a configuration problem. The description mentions uploading a synchronized dataset and filtering by features and constraints, which suggests an issue with the system's logic or implementation."
EGC-chicharrones,chicharrones-hub-1,[CHANGE]Test Unit Register Developer,**Describe the enhancement or addition you'd like** Unit tests for register developer,closed,Sin etiquetas,Other,https://github.com/EGC-chicharrones/chicharrones-hub-1/issues/109,,Other,"The bug report is about adding unit tests for a feature, which does not seem to be related to configuration issues."
EGC-chicharrones,chicharrones-hub-1,[BUG] Show error message when submiting an empty rate,"**Describe the bug** A clear and concise description of what the bug is. **To Reproduce** Steps to reproduce the behavior: 1. Go to '...' 2. Click on '....' 3. Scroll down to '....' 4. See error **Expected behavior** A clear and concise description of what you expected to happen. **Screenshots** If applicable, add screenshots to help explain your problem. **Additional context** Add any other context about the problem here.",closed,Sin etiquetas,Other,https://github.com/EGC-chicharrones/chicharrones-hub-1/issues/107,,Other,"The bug report describes a functional issue with the application's behavior when submitting an empty rate, which suggests a code defect rather than a configuration problem."
EGC-chicharrones,chicharrones-hub-1,[CHANGE] Dataset structure,**Describe the enhancement or addition you'd like** The uvl files inside the uvl_examples folder are not correctly allocated.,closed,Sin etiquetas,Configuration,https://github.com/EGC-chicharrones/chicharrones-hub-1/issues/103,Interesante,Other,"The bug report does not mention configuration artifacts or describe incorrect or missing configurations. It appears to be related to a code defect, specifically an issue with the dataset structure."
EGC-chicharrones,chicharrones-hub-1,[BUG] Download all dataset only downloads in one format,**Describe the bug** Download all dataset only downloads in one format instead of all. **To Reproduce** Steps to reproduce the behavior: 1. Go to main page. 2. Click on download all 3. Unzip de file 4. See error **Expected behavior** It should appear in all formats instead of only uvl.,closed,Sin etiquetas,Other,https://github.com/EGC-chicharrones/chicharrones-hub-1/issues/99,,Other,"The bug report does not mention configuration artifacts or incorrect configurations. It seems to be related to a code defect, specifically an issue with the download functionality in the application."
EGC-chicharrones,chicharrones-hub-1,[CHANGE] Add download add button,"**Describe the enhancement or addition you'd like** Although the download all dataset route works, it doesn't have one download button in the front-end. **Additional context** None.",closed,Sin etiquetas,Other,https://github.com/EGC-chicharrones/chicharrones-hub-1/issues/97,,Other,The bug report is about adding a feature (download button) and does not mention any configuration issues or settings.
EGC-chicharrones,chicharrones-hub-1,[BUG] Clicking on a tag does not filter results by it,"**Describe the bug** In the Explore page, when you click on a tag, it is supposed to filter search results by it. However, since the introduction of the search queries WI (8), this has not been the case. **To Reproduce** Steps to reproduce the behavior: 1. Go to Explore. 2. Click on the tag of a dataset. 3. Unless the tag string matches with the title of another dataset, no results will be found. **Expected behavior** The Explore tab should only show results with the tag that was clicked on. **Screenshots** ![Screenshot from 2024-12-15 14-36-24](https://github.com/user-attachments/assets/b9b76483-b2e5-40d0-9120-cf36e39bfe90) ![Screenshot from 2024-12-15 14-36-15](https://github.com/user-attachments/assets/96d7811a-ec76-41aa-9822-899140f17421) **Additional context** It is still possible to filter datasets by tags by tiping ""tags: [tag]"" in the search bar.",closed,Sin etiquetas,Other,https://github.com/EGC-chicharrones/chicharrones-hub-1/issues/94,,Other,"The bug report describes a problem with the functionality of clicking on a tag in the Explore page, which suggests an issue with the code or logic behind this feature rather than a configuration setting."
EGC-chicharrones,chicharrones-hub-1,[BUG] Wrong databases appearing in view user profile,"**Describe the bug** Unsynchronized or anonymized databases are appearing in another user's profile, which should not happen as it compromises the anonymization of the database. **To Reproduce** Steps to reproduce the behavior: 1. Go to the main page. 2. Click on any user profile that has an anonymized or unsynchronized dataset. 3. The page will display all of their datasets, including those that are anonymized or unsynchronized. **Expected behavior** No unsynchronized or anonymized dataset should appear on the page.",closed,Sin etiquetas,Other,https://github.com/EGC-chicharrones/chicharrones-hub-1/issues/92,,Configuration,"The bug report mentions an issue with 'unsynchronized or anonymized databases', which suggests a problem related to database settings, likely involving configuration artifacts such as database configurations."
EGC-chicharrones,chicharrones-hub-1,[CHANGE] Modify coverage workflow,**Describe the enhancement or addition you'd like** I want the workflow to ckeck the Selenium tests,closed,Sin etiquetas,Other,https://github.com/EGC-chicharrones/chicharrones-hub-1/issues/90,,Other,The bug report is about modifying a workflow and does not mention configuration artifacts or incorrect configurations. It seems to be related to the functionality of the system rather than its configuration.
EGC-chicharrones,chicharrones-hub-1,[BUG] Search queries doesn't show all published datasets.,**Describe the bug** Search queries doesn't show all published datasets. It only fetches 4 of them. **To Reproduce** Steps to reproduce the behavior: 1. Go to upload new synchronized dataset. 2. Go to explore page. 3. See error **Expected behavior** The number of found dataset should be more than 4.,closed,Sin etiquetas,Other,https://github.com/EGC-chicharrones/chicharrones-hub-1/issues/88,,Other,"The bug report does not mention configuration artifacts or incorrect configurations, but rather a potential issue with the search query functionality. It may be related to code defects or data issues."
EGC-chicharrones,chicharrones-hub-1,[BUG] Anonymized dataset value is always true.,"**Describe the bug** When we try to upload a dataset, although the anonymized field is selected as false, it is always true. **To Reproduce** Steps to reproduce the behavior: 1. Go to upload dataset 2. Click on upload dataset (check must be unselected) 3. Go to uploads 4. See error **Expected behavior** As the checkbox is not selected, the anonymized field must be False.",open,Sin etiquetas,Other,https://github.com/EGC-chicharrones/chicharrones-hub-1/issues/87,,Configuration,"The bug report mentions a specific configuration setting (anonymized field) and its incorrect behavior, which suggests that the issue is related to how the system is configured rather than a code defect."
EGC-chicharrones,chicharrones-hub-1,[CHANGE] Test Selenium for Register Developer,**Describe the enhancement or addition you'd like** Tests of selenium for register developer,closed,Sin etiquetas,Other,https://github.com/EGC-chicharrones/chicharrones-hub-1/issues/86,,Other,"The bug report appears to be related to a test enhancement or addition, rather than an issue with system configuration. It does not mention any configuration artifacts, incorrect configurations, or interactions between settings."
EGC-chicharrones,chicharrones-hub-1,[BUG] Fix migrations,**Describe the bug** There is a conflict between the existing migrations **To Reproduce** Steps to reproduce the behavior: 1. Open the terminal in vscode 2.  flask db upgrade **Expected behavior** ![imagen](https://github.com/user-attachments/assets/858f637c-dc02-4ef4-9399-e664e7b08534) **Screenshots** ![Captura desde 2024-12-15 10-19-04](https://github.com/user-attachments/assets/5ce8955f-f3ed-47b3-858c-03c9e104f387),closed,Sin etiquetas,Configuration,https://github.com/EGC-chicharrones/chicharrones-hub-1/issues/84,,Other,"The bug report mentions a conflict between existing migrations, which suggests an issue with the migration process or database schema rather than a configuration problem. It does not mention any configuration artifacts, incorrect or missing configurations, system setup, deployment, or runtime settings."
EGC-chicharrones,chicharrones-hub-1,[BUG] Error 400 when submitting two equal zips in the same dataset,"**Describe the bug** When two equal zips are submitted in the same dataset, the website shows error 400. **To Reproduce** Steps to reproduce the behavior: 1. Log in as you would do normally. 2. Go to Submit Datasets 3. Submit 2 zips in the same dataset 4. Click on Submit Dataset. 5. An 400 Error will appear. **Expected behavior** It is expected to submit the datasets correctly and to change the name of these equal zips automatically.",closed,Sin etiquetas,Other,https://github.com/EGC-chicharrones/chicharrones-hub-1/issues/83,,Other,"The bug report mentions a specific error (400) and expected behavior, but it does not mention configuration artifacts or incorrect configurations. It appears to be related to the functionality of submitting datasets with equal zips, which suggests a code defect rather than a configuration issue."
EGC-chicharrones,chicharrones-hub-1,[CHANGE] Fix Python Lint,**Describe the enhancement or addition you'd like** Fix Python Lint,closed,Sin etiquetas,Other,https://github.com/EGC-chicharrones/chicharrones-hub-1/issues/81,,Other,"The bug report is about fixing a lint issue in Python, which suggests it's related to code quality rather than configuration."
EGC-chicharrones,chicharrones-hub-1,[BUG] Sync of the filters,**Describe the bug** The filters do not sync well with each other.,closed,Sin etiquetas,Other,https://github.com/EGC-chicharrones/chicharrones-hub-1/issues/79,,Other,"The bug report does not mention configuration artifacts or settings, and the description suggests a code-related issue with filter synchronization."
EGC-chicharrones,chicharrones-hub-1,[CHANGE] Discord bot container on Docker,**Describe the enhancement or addition you'd like** When we deploy the application in Docker we create a container for the discord bot that has not been used and should be deleted.,closed,Sin etiquetas,Configuration,https://github.com/EGC-chicharrones/chicharrones-hub-1/issues/77,,Other,"The bug report is about an enhancement or addition to the application, specifically related to Docker deployment and container management. It does not mention configuration artifacts or incorrect settings, but rather a process for handling unused containers."
EGC-chicharrones,chicharrones-hub-1,[CHANGE] AI-Integration Unit and Selenium Test,"Describe the enhancement or addition you'd like As a developer, I want to implement ai inetgration to have unit and selenium tests. Additional context It is also a good idea to test some of the core functionality of the dataset service.",closed,Sin etiquetas,Other,https://github.com/EGC-chicharrones/chicharrones-hub-1/issues/71,,Other,"The bug report is about implementing AI integration and adding unit and selenium tests, which does not seem to be related to a configuration issue. It appears to be more of a feature request or an enhancement."
EGC-chicharrones,chicharrones-hub-1,[BUG] /search_datasets command not working,"**Describe the bug** The /search_datasets command of the Discord bot that runs on Render always fails. **To Reproduce** Steps to reproduce the behavior: 1. Go to a Discord channel that has the UVLHUB.IO (deployment) bot, or DM the bot. 2. Type /search_datasets 3. Complete the input with the query, sorting and publication_type parameters 4. See error: ""The application did not respond"" **Expected behavior** The bot should return an embed with the details of each dataset that matches the criteria and buttons to move between different results. **Additional context** Seeing the log on Render might determine the cause of the problem.",closed,Sin etiquetas,Other,https://github.com/EGC-chicharrones/chicharrones-hub-1/issues/62,,Configuration,"The bug report mentions a deployment platform (Render) and the bot's behavior, which suggests that the issue might be related to configuration settings or environment variables rather than a code defect."
EGC-chicharrones,chicharrones-hub-1,[CHANGE] Upload from GitHub / Zip unit tests,"**Describe the enhancement or addition you'd like** As a developer, I want the Upload from GitHub / Zip WI to have unit tests. **Additional context** It is also a good idea to test some of the core functionality of the dataset service.",closed,Sin etiquetas,Other,https://github.com/EGC-chicharrones/chicharrones-hub-1/issues/60,,Other,"The bug report is about adding unit tests for a feature, which does not seem to be related to configuration issues. It's more focused on implementing new functionality and testing it."
EGC-chicharrones,chicharrones-hub-1,[CHANGE] Deploy on Docker,"**Describe the enhancement or addition you'd like** As a developer, I would like to have an up-to-date deployment workflow on Docker, that allows using the Discord bot described 41, so that it can finally be integrated with the rest of the project.",closed,Sin etiquetas,Other,https://github.com/EGC-chicharrones/chicharrones-hub-1/issues/54,,Other,"The bug report is about adding a new deployment workflow on Docker, which does not seem to be related to an existing configuration issue. It's more focused on implementing a new feature."
EGC-chicharrones,chicharrones-hub-1,[CHANGE] Automatic deployment of Discord bot,"**Describe the enhancement or addition you'd like** Before being integrated with the rest of the code, the workflows should be modified so that the Discord bot being developed in 41 is automatically deployed in the preferred CD tool. To do this, add the bot token to the repository secrets.",closed,Sin etiquetas,Other,https://github.com/EGC-chicharrones/chicharrones-hub-1/issues/51,,Configuration,"The bug report involves adding a bot token to repository secrets, which is related to configuration settings for continuous deployment."
EGC-chicharrones,chicharrones-hub-1,[CHANGE] Workflows modification,**Describe the enhancement or addition you'd like** Modify the existing workflows.,closed,Sin etiquetas,Other,https://github.com/EGC-chicharrones/chicharrones-hub-1/issues/48,,Other,"The bug report is about modifying an existing workflow, which does not indicate a configuration issue. It seems to be more related to code changes or enhancements."
EGC-chicharrones,chicharrones-hub-1,[CHANGE] Fix Python Lint,**Describe the enhancement or addition you'd like** Correct the python syntaxis in the project.,closed,Sin etiquetas,Other,https://github.com/EGC-chicharrones/chicharrones-hub-1/issues/46,,Other,"The bug report is about correcting Python syntax, which suggests a code defect rather than a configuration issue."
EGC-chicharrones,chicharrones-hub-1,[CHANGE] Delete Webhook,**Describe the enhancement or addition you'd like** Delete of the workflow Webhook because we are not going to use it.,closed,Sin etiquetas,Other,https://github.com/EGC-chicharrones/chicharrones-hub-1/issues/44,,Other,"The bug report is about deleting a webhook, which does not seem to be related to configuration settings. It appears to be more of an enhancement or feature request rather than a configuration issue."
EGC-chicharrones,chicharrones-hub-1,"[WI] Bot integration (telegram, discord..)","**Describe the addition to the project you'd like** As a user, I'd like to have a Discord or Telegram bot that lets me interact with uvlhub from said app, with functionalities such as browsing, downloading and uploading datasets.",closed,Sin etiquetas,Other,https://github.com/EGC-chicharrones/chicharrones-hub-1/issues/41,,Other,"The bug report is about adding a new feature to the project, rather than reporting an existing issue with configuration settings."
EGC-chicharrones,chicharrones-hub-1,[WI] Advanced filtering,"**Describe the addition to the project you'd like** As a user I want to filter by number of features, number of products, etc. to obtain datasets according to my needs.",closed,Sin etiquetas,Other,https://github.com/EGC-chicharrones/chicharrones-hub-1/issues/40,,Other,"The bug report does not mention configuration artifacts, incorrect or missing configurations, system setup, deployment, or runtime settings. It appears to be a feature request for additional filtering capabilities in the project."
EGC-chicharrones,chicharrones-hub-1,[CHANGE] Rate Datasets Selenium Test,"**Describe the enhancement or addition you'd like** As a developer, I want the rate datasets WI to have selenium tests.",closed,Sin etiquetas,Other,https://github.com/EGC-chicharrones/chicharrones-hub-1/issues/38,,Other,The bug report is about adding a new feature (Selenium tests) rather than addressing an existing configuration issue or system failure.
EGC-chicharrones,chicharrones-hub-1,[CHANGE] Rate Datasets Unit Test,"**Describe the enhancement or addition you'd like** As a developer, I want the rate datasets WI to have unit tests.",closed,Sin etiquetas,Other,https://github.com/EGC-chicharrones/chicharrones-hub-1/issues/37,,Other,The bug report is about adding a new feature (unit tests for rate datasets) and does not mention any configuration issues.
EGC-chicharrones,chicharrones-hub-1,[CHANGE] Anonymize Dataset Selenium Test,"**Describe the enhancement or addition you'd like** As a developer, I want the anonymize dataset WI to have selenium tests.",closed,Sin etiquetas,Other,https://github.com/EGC-chicharrones/chicharrones-hub-1/issues/36,,Other,The bug report is about adding a new feature (Selenium tests) and does not mention any configuration issues or system setup problems.
EGC-chicharrones,chicharrones-hub-1,[CHANGE] Anonymize Dataset Unit Test,"**Describe the enhancement or addition you'd like** As a developer, I want the anonymize dataset WI to have unit tests.",closed,Sin etiquetas,Other,https://github.com/EGC-chicharrones/chicharrones-hub-1/issues/35,,Other,The bug report is about adding a new feature (unit tests for anonymize dataset) and does not mention any configuration issues.
EGC-chicharrones,chicharrones-hub-1,[BUG] Error 500 when submitting an empty rating,"**Describe the bug** When a rating is submitted without any stars, the website shows error 500. Looking at the exception raised, it seems like the rating service is trying to perform a query to add a rating, but it fails since `value` is an incorrect integer (null). **To Reproduce** Steps to reproduce the behavior: 1. Log in as you would do normally. 2. Find a dataset to rate. 3. Click on Ratings. 4. Without adding a rating or a comment, click on Submit Rating. 5. A screen with 500 Internal Server Error will appear. **Expected behavior** There should be a step in the validation where `value` is checked to ensure that it is not null and between 1 and 5. If it is not, the user should see an error message that reads something like ""Please give the dataset a rating between 1 and 5 stars."" Edit: typo",closed,Sin etiquetas,Other,https://github.com/EGC-chicharrones/chicharrones-hub-1/issues/34,,Configuration,"The bug report mentions an incorrect integer value (null) which is related to a configuration issue, specifically the validation of user input in the rating service."
EGC-chicharrones,chicharrones-hub-1,[CHANGE] Personalize README.md,**Describe the enhancement or addition you'd like** Complete the README.md file with all the important information related to the project. **Additional context** Add the link of Render.,closed,Sin etiquetas,Other,https://github.com/EGC-chicharrones/chicharrones-hub-1/issues/33,,Other,"The bug report is about completing a README.md file, which seems to be an enhancement or addition rather than a configuration issue. It does not mention any configuration artifacts, incorrect configurations, system setup, deployment, runtime settings, or unintended interactions between configuration settings."
EGC-chicharrones,chicharrones-hub-1,[WI] Fakenodo,"**Describe the addition to the project you'd like** As a developer, I need a mock of the Zenodo API in the project so we can work with it.",closed,Sin etiquetas,Other,https://github.com/EGC-chicharrones/chicharrones-hub-1/issues/21,,Other,The bug report is about adding a feature (mock of the Zenodo API) and does not mention any configuration issues or settings.
EGC-chicharrones,chicharrones-hub-1,[WI] Upload from GitHub / Zip,**Describe the addition to the project you'd like** As a user I want to be able to upload models from a github repo or from a ZIP.,closed,Sin etiquetas,Other,https://github.com/EGC-chicharrones/chicharrones-hub-1/issues/16,,Other,"The bug report is about adding new functionality to the project, specifically uploading models from GitHub or ZIP files. It does not mention any configuration issues."
EGC-chicharrones,chicharrones-hub-1,[WI] Download in different formats,"**Describe the addition to the project you'd like** As a user, I want to be able to download the models or datasets in different formats (e.g., dimacs), for use in my own projects.",closed,Sin etiquetas,Other,https://github.com/EGC-chicharrones/chicharrones-hub-1/issues/15,,Other,"The bug report is about adding a new feature to download models or datasets in different formats, which does not seem to be related to configuration settings. It appears to be a functional requirement rather than a configuration issue."
EGC-chicharrones,chicharrones-hub-1,[WI] View user profile,"**Describe the addition to the project you'd like** As a user, I want to be able to click on a user's profile to view their uploaded datasets. **Additional context** Estimated effort: 1 hour.",closed,Sin etiquetas,Other,https://github.com/EGC-chicharrones/chicharrones-hub-1/issues/14,,Other,"This bug report appears to be a feature request rather than an actual issue or defect. It describes the desired functionality and does not mention any configuration artifacts, incorrect configurations, system setup issues, or unintended interactions between settings."
EGC-chicharrones,chicharrones-hub-1,[WI] Sign up validation,"**Describe the addition to the project you'd like** As a user, I want to sign up validating email.",closed,Sin etiquetas,Other,https://github.com/EGC-chicharrones/chicharrones-hub-1/issues/13,,Other,"The bug report does not mention configuration artifacts, incorrect or missing configurations, system setup, deployment, or runtime settings. It appears to be a functional requirement or user story for the sign-up feature."
EGC-chicharrones,chicharrones-hub-1,[WI] Anonymize dataset,"**Describe the addition to the project you'd like** As a user, I want to upload my datasets so the metadata of the authors is anonymized. Later, I can make it public. **Additional context** Estimated effort: 2 hours",closed,Sin etiquetas,Other,https://github.com/EGC-chicharrones/chicharrones-hub-1/issues/12,,Other,"The bug report is about adding a new feature to anonymize dataset metadata, which does not seem to be related to configuration issues. It appears to be a request for a new functionality rather than a description of an existing issue caused by misconfigured settings."
EGC-chicharrones,chicharrones-hub-1,[WI] Register developer,**Describe the addition to the project you'd like** As a user I want to be able to register as a developer.,closed,Sin etiquetas,Other,https://github.com/EGC-chicharrones/chicharrones-hub-1/issues/11,,Other,"The bug report is about adding a new feature to the project, not about an existing configuration issue. It's more related to user requirements and development tasks."
EGC-chicharrones,chicharrones-hub-1,[WI] Rate datasets / models,**Describe the addition to the project you'd like** As a user I want to be able to rate the datasets and/or feature models in the repo.,closed,Sin etiquetas,Other,https://github.com/EGC-chicharrones/chicharrones-hub-1/issues/10,,Other,"The bug report is about adding a new feature to the project, not about an existing configuration issue. It's related to user requirements and doesn't mention any configuration artifacts or settings."
EGC-chicharrones,chicharrones-hub-1,[WI] Download all datasets,"**Describe the addition to the project you'd like** As a user, I want a ‘Download all’ button somewhere that downloads ALL datasets with ALL models and in ALL formats.",closed,Sin etiquetas,Other,https://github.com/EGC-chicharrones/chicharrones-hub-1/issues/9,,Other,"The bug report is about adding a new feature to the project, not fixing an existing issue related to configuration settings."
EGC-chicharrones,chicharrones-hub-1,[WI] Search queries,"**Describe the addition to the project you'd like** As a user I want to be able to query the repo in a way that allows me to bring me a set of models, or even download them all.",closed,Sin etiquetas,Other,https://github.com/EGC-chicharrones/chicharrones-hub-1/issues/8,,Other,"The bug report is about a feature request for searching and downloading models, which does not seem to be related to configuration settings or system setup. It appears to be a user story or requirement for the project."
EGC-chicharrones,chicharrones-hub-1,[WI] AI integration,"**Describe the addition to the project you'd like** As a user, I want the application to have some AI integrated.",closed,Sin etiquetas,Other,https://github.com/EGC-chicharrones/chicharrones-hub-1/issues/7,,Other,The bug report is about adding a new feature (AI integration) and does not mention any configuration issues or system settings.
EGC-chicharrones,chicharrones-hub-1,Anonymize dataset,"As a user, I want yo upload my datasets so the metadata of the authors is anonymized. Later, I can make it public Estimated effort: 2 hours",closed,Sin etiquetas,Other,https://github.com/EGC-chicharrones/chicharrones-hub-1/issues/6,,Other,"The bug report does not mention configuration artifacts, incorrect or missing configurations, system setup, deployment, or runtime settings. It appears to be a feature request related to data anonymization and has been closed."
EGC-chicharrones,chicharrones-hub-1,Register developer,As a user I want to be able to register as a developer,closed,Sin etiquetas,Other,https://github.com/EGC-chicharrones/chicharrones-hub-1/issues/5,,Other,"The bug report does not mention configuration artifacts, incorrect or missing configurations, system setup, deployment, or runtime settings. It appears to be a functional requirement for the application."
EGC-chicharrones,chicharrones-hub-1,Rate datasets,As a user I want to be able to rate the datasets and/or feature models in the repo.,closed,Sin etiquetas,Other,https://github.com/EGC-chicharrones/chicharrones-hub-1/issues/4,,Other,"The bug report does not mention configuration artifacts, incorrect or missing configurations, system setup, deployment, or runtime settings. It appears to be a feature request rather than a bug report."
EGC-chicharrones,chicharrones-hub-1,Download all datasets,"As a user, I want a ‘Download all’ button somewhere that downloads ALL datasets with ALL models and in ALL formats.",closed,Sin etiquetas,Other,https://github.com/EGC-chicharrones/chicharrones-hub-1/issues/3,,Other,"The bug report is about a feature request, not an issue with the system's configuration or settings."
EGC-chicharrones,chicharrones-hub-1,Search query,"As a user I want to be able to query the repo in a way that allows me to bring me a set of models, or even download them all.",closed,Sin etiquetas,Other,https://github.com/EGC-chicharrones/chicharrones-hub-1/issues/2,,Other,"The bug report does not mention configuration artifacts, incorrect or missing configurations, system setup, deployment, or runtime settings. It appears to be a feature request or user story related to the application's functionality."
EGC-chicharrones,chicharrones-hub-1,AI Integration,Sin descripción,closed,Sin etiquetas,Other,https://github.com/EGC-chicharrones/chicharrones-hub-1/issues/1,,Other,"Insufficient information is provided in the bug report to determine whether it qualifies as a configuration issue. The description is empty, and there are no tags or additional context that could help identify the nature of the problem."
Mantecao-EGC,mantecao-hub,⭐️ feat: icono desarrollador,"Descripción General Cambiar el texto de Desarrollador por un icono HTML Detalles Autoexplicativo. No se especifican los módulos que se deben de tocar, poque principalmente es una tare de front end relacionado con la vista pública Política de Ítems - [x] Esto de acuerdo con la política indicada",closed,feature,Other,https://github.com/Mantecao-EGC/mantecao-hub/issues/63,,Other,The bug report is related to a feature implementation and does not mention configuration artifacts or settings. It appears to be a code-related issue rather than a configuration problem.
Mantecao-EGC,mantecao-hub,✨ enhancement: testing de auth,"Descripción General Añadir pruebas al módulo de auth Detalles La cobertura de auth puede mejorarse y optimizarse, carece mayoritariamente de test unitarios Considerar principalmente los límites de los campos entre otros, que no se encuentran comprobados Política de Ítems - [X] Esto de acuerdo con la política indicada",closed,enhancement,Other,https://github.com/Mantecao-EGC/mantecao-hub/issues/58,,Other,"The bug report is about adding unit tests to the auth module, which suggests a code defect rather than a configuration issue."
Mantecao-EGC,mantecao-hub,🔧 fix: tests de auth fallan,Descripción General Test de `auth` da fallo porque _is_developer_ no es obligatorio Detalles - **Error encontrado:** Hay un test que da fallo debido a que no tiene sentido si tenemos en cuenta que _is_developer_ no es un campo obligatorio. ![image](https://github.com/user-attachments/assets/3ee05ddc-96d9-457f-80be-1d6fdb373493) - **Listado de módulos:** `auth` - **Orientación :** Eliminar el test o editarlo para que cuadre con la lógica implementada. Política de Ítems - [X] Esto de acuerdo con la política indicada,closed,fix,Other,https://github.com/Mantecao-EGC/mantecao-hub/issues/55,,Other,"The bug report primarily involves a code defect (test logic) rather than a configuration issue. The problem is related to the implementation of the `auth` test, not its configuration."
Mantecao-EGC,mantecao-hub,🔧 fix: is_developer no debe ser un campo obligatorio,Descripción General Al registrarse pide _is_developer_ como campo obligatorio Detalles - **Error encontrado:** Es necesario hacer que _is_developer_ no sea un campo obligatorio ya que no permite registrar usuarios que no sean desarrolladores. ![image](https://github.com/user-attachments/assets/c3fd38c8-8fc8-4cda-b56c-671cf6ab64e2) - **Listado de módulos:** `auth` - **Orientación :** Mirar si en la lógica del servicio el campo _is_developer_ aparece como obligatorio. Política de Ítems - [X] Esto de acuerdo con la política indicada,closed,fix,Other,https://github.com/Mantecao-EGC/mantecao-hub/issues/54,,Other,"The bug report is about a code defect (making _is_developer_ not required) rather than a configuration issue. It involves modifying the logic of the service, which suggests a change to the source code."
Mantecao-EGC,mantecao-hub,🔧 fix: fakenodo no publica los datasets con doi,"Descripción General Al escribir el DOI de un dataset, no publica ni sincroniza el dataset. Detalles Al subir un dataset, en el campo de ""Publication DOI"" al rellenarlo con el formato correcto y subirlo, no aparece el dataset como si estuviera sincronizado y, por lo tanto, no sale en la sección de ""Explore"". Revisar la implementación de Fakenodo para asegurarse que esté correcto todo y que se encuentre bien implementado. También aprovechar para eliminar cualquier referencia a Zenodo para evitar problemas. Política de Ítems - [x] Estoy de acuerdo con la política indicada",closed,fix,Other,https://github.com/Mantecao-EGC/mantecao-hub/issues/52,,Other,"The bug report mentions a specific issue with the implementation of Fakenodo and Zenodo, but it does not explicitly mention configuration artifacts or settings. The problem seems to be related to code defects or functionality rather than misconfigured settings."
Mantecao-EGC,mantecao-hub,✨ enhancement: testing filtros avanzados,Descripción General Añadir pruebas a la parte de los filtros de los datasets. Detalles Realizar distintas pruebas en la parte del buscador de datasets - [ ] Tests unitarios - [x] Tests de carga con Locust. - [x] Tests de interfaz utilizando Selenium. Política de Ítems - [X] Esto de acuerdo con la política indicada,closed,enhancement,Other,https://github.com/Mantecao-EGC/mantecao-hub/issues/44,,Other,"The bug report is about adding tests for filters in datasets, which does not seem to be related to configuration settings. It appears to be a request for enhancements and additional testing."
Mantecao-EGC,mantecao-hub,⭐️ feat: view user profile,Descripción General Visualización de otros perfiles de usuarios Detalles Esta tarea trata de que un usuario pueda visualizar los perfiles de otros usuarios que no sean el suyo. Podrán visualizar tanto la información del usuario como un listado de todos los datasets que haya publicado este. Este issue modificará los siguientes módulos: - Profile - Public Política de Ítems - [X] Esto de acuerdo con la política indicada,closed,feature,Other,https://github.com/Mantecao-EGC/mantecao-hub/issues/43,,Other,"This bug report appears to be a feature request or implementation task, rather than a configuration issue. It describes the functionality of a new feature and its impact on existing modules, but does not mention any configuration artifacts, settings, or interactions that could indicate a configuration problem."
Mantecao-EGC,mantecao-hub,🔧 fix: arreglar el workflow de las releases,"Descripción General Necesario ajuste del workflow de release Detalles Error encontrado Es necesario ajustar el workflow de las releases para que haga una release en cada push a main, ya que no se pueden hacer releases a partir de Pull Requests como se indica en la imagen de abajo. Se puede aprovechar el hecho de que no hace releases en Pull Requests para las pruebas. ![imagen](https://github.com/user-attachments/assets/bccfcb7d-c103-46ac-bbd4-1c9b3bd55f8d) Como no se puede hacer por PRs, revisar alguna forma de que detecte de cual rama proviene para realizar la release en función del nombre de la rama, como esta configurado ahora. Si se trata de algo complejo y no da tiempo a terminarlo en este milestone, cerrar la issue como no terminada y eliminar el workflow de la release. Política de Ítems - [X] Esto de acuerdo con la política indicada",closed,fix,Configuration,https://github.com/Mantecao-EGC/mantecao-hub/issues/39,,Other,"The bug report describes a workflow issue related to releases, but it does not mention configuration artifacts or settings. It appears to be a problem with the release process itself rather than a misconfiguration."
Mantecao-EGC,mantecao-hub,✨ enhancement: testing profile,"Descripción General Añadir más pruebas a la parte del perfil de usuario. Detalles Realizar distintas pruebas en la parte del perfil del usuario, ya hay algunos tests unitarios pero son muy pocos se proponen las siguientes pruebas: - [ ] Más tests unitarios, si es posible, que cubran tanto casos positivos como negativos. - [ ] Tests de carga con Locust. - [ ] Tests de interfaz utilizando Selenium. Política de Ítems - [X] Esto de acuerdo con la política indicada",closed,enhancement,Other,https://github.com/Mantecao-EGC/mantecao-hub/issues/38,,Other,"The bug report is about adding more tests to the user profile, which suggests a code or testing improvement rather than a configuration issue."
Mantecao-EGC,mantecao-hub,✨enhacement: Testing recordar contraseña,"Descripción General Testeos faltantes de la función recordar contraseña Detalles Testeos faltantes de la funcionalidad recordar contraseña, tanto unitarios como de carga Política de Ítems - [X] Esto de acuerdo con la política indicada",closed,enhancement,Other,https://github.com/Mantecao-EGC/mantecao-hub/issues/35,,Other,The bug report is related to an enhancement and does not mention configuration artifacts or incorrect configurations. It seems to be a functional requirement rather than a configuration issue.
Mantecao-EGC,mantecao-hub,✨ enhancement: testing fakenodo,Descripción General Llevar a cabo los tests de Fakenodo Detalles Se tienen que realizar un número suficiente de tests de manera que se cubran la mayoría de las casuísticas de Fakenodo. Hay que tener en cuenta que los tests de interfaz se refieren a las páginas donde se utilice la API de Fakenodo/Zenodo y comprobar que la API haga las operaciones correctas. - [x] Tests unitarios - [x] Tests de carga con Locust - [x] Tests de interfaz con Selenium Política de Ítems - [X] Esto de acuerdo con la política indicada,closed,enhancement,Other,https://github.com/Mantecao-EGC/mantecao-hub/issues/32,,Other,"This bug report appears to be related to testing and enhancement of the Fakenodo feature, but it does not mention any configuration artifacts or issues with system setup, deployment, or runtime settings. It primarily involves code defects or testing strategies."
Mantecao-EGC,mantecao-hub,⭐️ feat: fakenodo,"Descripción General Hacer un mock de la API de Zenodo Detalles Esta tarea esta enfocada principalmente al entorno de desarrollo, de manera que se pueda trabajar como desarrollador con Fakenodo y con Zenodo en producción. De esta forma, aseguramos que se pueda probar correctamente la integración con Zenodo. No se especifican los módulos que se deben de tocar, pero principalmente necesitarían modificación aquellos módulos que hagan uso de la API de Zenodo. Política de Ítems - [X] Esto de acuerdo con la política indicada",closed,feature,Other,https://github.com/Mantecao-EGC/mantecao-hub/issues/31,,Other,"The bug report appears to be related to a feature implementation (feat: fakenodo) and does not mention configuration artifacts or settings. It seems to focus on modifying code modules that use the Zenodo API, rather than configuring system settings."
Mantecao-EGC,mantecao-hub,✨ feat: release workflow,"Se ha de implementar un workflow que siga la siguiente política a la hora de realizar las releases, considerando el versionado  X.Y.Z: Siempre que se mergeen cambios de una rama feat, esto incrementará X en 1 Siempre que se mergeen cambios de una rama enchacement, esto incrementará Y en 1 Siempre que se mergee cambios de una rama fix o bug, esto incrementará Z en 1",closed,feature,Configuration,https://github.com/Mantecao-EGC/mantecao-hub/issues/27,,Other,"The issue description mentions implementing a workflow and versioning policy, but it does not mention any configuration artifacts or incorrect configurations. It appears to be related to feature implementation rather than system setup or deployment."
Mantecao-EGC,mantecao-hub,⭐️ feat(docs): Documentación del proyecto,"Descripción General Crear la docuemtnación restante del proyecto Detalles Se ha de actualizar, crear y estandarizar la siguiente documentación para el proyecto, para ello se crearan tanto documentos como tasks tiene esta issue con el mismo nombre y en formato markdown, que luego han de ser agregados respectivamente a la wiki del proyecto, a menos que se indique más tarde en caso contrario: - [x] Diario de Equipo, más información aquí: https://github.com/EGCETSII/Entregables/wiki/Diario-del-Equipo - [x] Documento del proyecto, más información aquí: https://github.com/EGCETSII/Entregables/wiki/Documento-del-proyecto Se actualizarán los siguientes documentos del proyecto, adjunto aquí sus rutas absolutas: - [x] docs/working-policies.md Se recomienda revisar la descripción de la milestone de esta issue para analizar la satisfacción de la documentación con respecto a los requisitos mínimos Política de Ítems - [X] Esto de acuerdo con la política indicada",closed,documentation,Other,https://github.com/Mantecao-EGC/mantecao-hub/issues/26,,Other,"This bug report appears to be related to documenting project information and updating existing documents, rather than a configuration issue. It involves creating tasks and adding documentation to the wiki, but does not mention any specific configuration settings or parameters."
Mantecao-EGC,mantecao-hub,✨ feat: docker deploy,"Se ha de implementar un despliegue en Docker para la aplicación, esto implica la creación del contenedor a la par de un workflow que verifique el despliegue del mismo El método de implementación recomendable debería ser encontrar e investigar brevemente la forma que tiene uvlhub de base para realizar dicho tipo de despliegue, y actualizarlo si fuese necesario de acuerdo a nuestro proyecto",closed,feature,Configuration,https://github.com/Mantecao-EGC/mantecao-hub/issues/25,,Other,The bug report is about implementing a new feature (Docker deployment) and does not mention any configuration issues or misconfigured settings. It's more related to development and implementation of a new functionality.
Mantecao-EGC,mantecao-hub,✨ enhacement: búsqueda de modelos avanzada,"Descripción General Permitir la búsqueda en un mayor número de modelos Detalles Se ha de implementar filtros para la búsqueda de modelos en datasets inmensos (de más de 500 modelos), esto implica cambio en los siguientes módulos siguiendo la documentación indicada por la Wiki de EGC: - [x] Explore El método de implementación recomendable debería ser encontrar e investigar brevemente la forma que tiene Python para implementar los sitios web, la issue realizada 7, puede aportar cierta visión considerando que también realiza cambios en el front-end Política de Ítems - [X] Esto de acuerdo con la política indicada",closed,feature,Other,https://github.com/Mantecao-EGC/mantecao-hub/issues/24,,Other,"The bug report appears to be related to a feature enhancement and implementation details, rather than a configuration issue. It mentions changes in modules and front-end code, but does not mention any configuration artifacts or settings."
Mantecao-EGC,mantecao-hub,✨ enhacement: filtros avanzados,"Descripción General Implementar un mayor número de filtros que usen los datos de los modelos de los datasets Detalles Se ha de implementar una serie de filtros (número de features, número de productos) para el listado de los datasets, esto implica cambio en los siguientes módulos siguiendo la documentación indicada por la Wiki de EGC: - [x] Dataset - [x] Explore El método de implementación recomendable debería ser investigar los filtros ya existentes y tratar de acomodarlos a las nuevas funcionales, se ha de tener en cuenta que seguramente requieran de nuevas queries para poder ser funcionales implicando cambios en servicios y repositorio muy posiblemente, adicionalmente se ha de poblar la base de datos de manera acorde para comprobar su buen funcionamiento Política de Ítems - [X] Esto de acuerdo con la política indicada",closed,feature,Other,https://github.com/Mantecao-EGC/mantecao-hub/issues/23,,Other,"The bug report describes an enhancement request to implement additional filters for datasets, which involves changes in the code and database schema. It does not mention configuration artifacts or incorrect settings."
Mantecao-EGC,mantecao-hub,✨ enhacement: mejor interfaz de usuario,"Se ha de implementar una interfaz de usuario de acuerdo al listado de los datasets tan similar a Github como se pueda, esto implica cambio en los siguientes módulos siguiendo la documentación indicada por la Wiki de EGC: - [x] Auth - [x] Public - [x] Teams - [x] Profile - [x] Dataset - [x] Explore - [x] Hubfile - [x] Feature model El método de implementación recomendable debería ser encontrar e investigar brevemente la forma que tiene Python para implementar los sitios web, la issue realizada 7, puede aportar cierta visión considerando que también realiza cambios en el front-end",closed,enhancement,Other,https://github.com/Mantecao-EGC/mantecao-hub/issues/22,,Other,"The bug report appears to be related to an enhancement request for a new user interface, rather than a configuration issue. It mentions implementing changes in various modules and finding a way to implement a website using Python, but does not mention any specific configuration settings or issues."
Mantecao-EGC,mantecao-hub,fix: Test de Selenium de Auth,"Existe un error de ejecución en los test de selenium del módulo auth, esto se debe a que la búsqueda del parámetro is_developer no está bien hecho como se observa aquí: Unable to locate element: [name = ""Is this a Developer Account?""] Ocurre al hacer rosemary selenium auth Se debería resolver colocando is_developer en lugar del texto original",closed,fix,Other,https://github.com/Mantecao-EGC/mantecao-hub/issues/17,,Other,The bug report primarily involves a code defect (incorrect locator in Selenium test) rather than a configuration issue.
Mantecao-EGC,mantecao-hub,✨ feat: testing para M2 de 9,Se ha de implementar testing apropiado para la funcionalidad referida de la milestone 2 Atendiendo a la issue de cara al testing se recomienda los siguientes tipos: - [x] 9 (Pruebas de Interfaz) - [x] 9 (Pruebas de Carga),closed,enhancement,Other,https://github.com/Mantecao-EGC/mantecao-hub/issues/14,,Other,"This bug report appears to be related to implementing testing functionality, which is an enhancement rather than a configuration issue."
Mantecao-EGC,mantecao-hub,✨ feat: testing para M2 de 8,Se ha de implementar testing apropiado para la funcionalidad referida de la milestone 2 Atendiendo a la issue de cara al testing se recomienda los siguientes tipos: - [ ] 8 (Pruebas Unitarias) - [ ] 8 (Pruebas de Interfaz) - [ ] 8 (Pruebas de Carga),closed,feature,Other,https://github.com/Mantecao-EGC/mantecao-hub/issues/13,,Other,"This bug report appears to be related to implementing testing functionality, which is a code-related issue rather than a configuration one."
Mantecao-EGC,mantecao-hub,✨ feat: testing para M2 de 7,Se ha de implementar testing apropiado para la funcionalidad referida de la milestone 2 Atendiendo a la issue de cara al testing se recomienda los siguientes tipos - [x] 7 (Pruebas de Interfaz) - [x] 7 (Pruebas de Carga),closed,enhancement,Other,https://github.com/Mantecao-EGC/mantecao-hub/issues/10,,Other,"The bug report is about implementing testing functionality, which does not seem to be related to configuration issues. It's more focused on adding new features and enhancing the system."
Mantecao-EGC,mantecao-hub,✨ feat: recordar mi contraseña,"Se ha de implementar un recordatorio de contraseña, esto implica cambio en los siguientes módulos siguiendo la documentación indicada por la Wiki de EGC: - [ ] Auth - [x] Profile El método de implementación recomendable debería ser encontrar e investigar brevemente la forma que tiene Python para implementar los sitios web",closed,feature,Other,https://github.com/Mantecao-EGC/mantecao-hub/issues/9,,Other,The bug report is about implementing a new feature (recordatorio de contraseña) and does not mention any configuration issues. It seems to be related to code development rather than system configuration.
Mantecao-EGC,mantecao-hub,✨ feat: registrarse como Desarrollador,"Se ha de implementar un nuevo tipo de usuario, conocido como ""Desarrollador"", esto implica cambio en los siguientes módulos siguiendo la documentación indicada por la Wiki de EGC: - [x] Public - [x] Auth - [x] Profile El método de implementación recomendable al no tener que crear un nuevo módulo es crear un campo nuevo dentro de la entidad de los usarios que mediante un valor Boolean verifique que un usuario es developer o no Y luego compaginar el correcto funcionamiento del resto de módulos",closed,feature,Other,https://github.com/Mantecao-EGC/mantecao-hub/issues/8,,Other,"The bug report describes a new feature implementation for adding a 'Desarrollador' user type, which involves changes to multiple modules. It does not mention any configuration issues or misconfigured settings."
Mantecao-EGC,mantecao-hub,✨ enhacement: mejor motor de búsqueda,"Se ha de mejorar la visualización del buscador, como objetivo se establecen los mockups presetados por el grupo en el M1, esto implica cambio en el siguiente módulo siguiendo la documentación indicada por la Wiki de EGC: - [x] Explore El método de implementación recomendable al tratarse de una tarea de frontend, es el entedimiento de las vistas que deseamos generar y lo datos necesarios para las mismas, adicionalemente si tras comprobar que el backend no dispone de esos accesos a datos de cara a la creación de la vista, notifiquese usando @, en un comentario de esta issue a cualquier parte del grupo externa a los asignados",closed,enhancement,Other,https://github.com/Mantecao-EGC/mantecao-hub/issues/7,,Other,"The bug report is about an enhancement to the search engine's visualization, which involves changes to the frontend and backend code. It does not mention configuration artifacts or settings."
Mantecao-EGC,mantecao-hub,✨ feat: diseñar tests del proyecto,"Como se menciona en la práctica 4, diseñar los siguientes tests para el proyecto (no se especifica dónde ni cuántos tests): - Diseña tests unitarios y de integración - Diseña tests de carga con Locust (o similar) - Diseña tests de vista con Selenium (o similar)",closed,feature,Other,https://github.com/Mantecao-EGC/mantecao-hub/issues/4,,Other,"The bug report is about designing tests for the project, which does not seem to be related to a configuration issue. It appears to be a feature request or task description."
Mantecao-EGC,mantecao-hub,✨ feat: diseñar las políticas de gestión,"En la práctica 3, se especifican las siguientes tareas: - Diseñar tu política de gestión de commits - Diseñar tu política de gestión de issues - Diseñar tu política de gestión de ramas",closed,documentation,Other,https://github.com/Mantecao-EGC/mantecao-hub/issues/3,,Other,"The bug report appears to be related to designing policies for commit, issue, and branch management, which is more about documentation and process setup rather than a configuration issue."
Mantecao-EGC,mantecao-hub,✨ feat: añadir las actions de codacy y render,"Como se menciona en la práctica 2, hay que dejar preparadas las siguientes actions para el CI/CD: - Codacy. [Tutorial workflow de Codacy](https://docs.uvlhub.io/tutorials/codacy_tutorial) - Render. [Primera parte de Render](https://docs.uvlhub.io/deployment/render) y [Segunda parte de Render](https://docs.uvlhub.io/tutorials/render_tutorial) Enlaces adicionales: - https://www.codacy.com - https://www.render.com - https://filess.io",closed,feature,Configuration,https://github.com/Mantecao-EGC/mantecao-hub/issues/2,,Other,"The bug report appears to be related to implementing a new feature (Codacy and Render actions) for the CI/CD pipeline, rather than an issue caused by misconfigured settings or incorrect parameter values."
potaje-hub,potaje-hub,Feat change download all datasets,Feature Description Change the color of the ... Use Case _No response_ Is this feature critical? None,closed,"enhancement, Low, high priority",Other,https://github.com/potaje-hub/potaje-hub/issues/81,,Other,"The bug report does not mention configuration artifacts or describe incorrect or missing configurations. It appears to be related to a feature change and enhancement, which suggests it's more about code changes rather than system configuration."
potaje-hub,potaje-hub,Test for fakenodo,Feature Description A Selenium test will be implemented to check fakenodo's form. Use Case This will be used to check fakenodo's form Is this feature critical? Yes,closed,"enhancement, high priority, testing",Other,https://github.com/potaje-hub/potaje-hub/issues/70,,Other,The bug report appears to be about implementing a test for fakenodo's form using Selenium and does not mention any configuration issues or settings.
potaje-hub,potaje-hub,Improve the wiki (Documento del proyecto),"Feature Description Update the ""Documento del proyecto"" Use Case _No response_ Is this feature critical? No",closed,"documentation, Low, low priority",Other,https://github.com/potaje-hub/potaje-hub/issues/65,,Other,"The bug report does not mention configuration artifacts or describe incorrect or missing configurations. It appears to be related to a feature request for updating documentation, which is more of a code defect or a requirement rather than a configuration issue."
potaje-hub,potaje-hub,Problems with the password of the email sender,"Bug Description Flask needs the password to be in the hardcode to works properly, but as we implemented Flake8 in our project, we cant use the password directly in the hardcode, so we need a way to implement the password on the enviroment. Steps to Reproduce -Añadir una contraseña directamente en el código fuente -Ejecutar Flake8 para revisar el código Expected Behavior -La contraseña no debe estar en el código fuente de forma directa. -El sistema debe recuperar la contraseña desde un entorno seguro (variables de entorno). -Flake8 no debe generar advertencias relacionadas con contraseñas. Priority High Additional Information _No response_",closed,"bug, high priority",Configuration,https://github.com/potaje-hub/potaje-hub/issues/63,,Configuration,"The issue involves implementing a password in an environment variable to comply with Flake8 requirements, indicating a configuration problem rather than a code defect."
potaje-hub,potaje-hub,Tests for edit profile,Feature Description Unit tests for edit profile Use Case To check that the edit profile functionality works well Is this feature critical? Yes,closed,"enhancement, testing",Other,https://github.com/potaje-hub/potaje-hub/issues/60,,Other,The bug report is about unit tests for a feature and does not mention configuration artifacts or settings. It seems to be related to the functionality of the edit profile feature rather than its configuration.
potaje-hub,potaje-hub,Docker Workflow,Feature Description We need a docker workflow to upload the image of the project to Docker Hub. Use Case To get the image faster Is this feature critical? No,closed,enhancement,Other,https://github.com/potaje-hub/potaje-hub/issues/58,,Other,"The bug report does not mention configuration artifacts, incorrect or missing configurations, system setup, deployment, or runtime settings. It appears to be related to a feature request for implementing a Docker workflow."
potaje-hub,potaje-hub,Render Deployment,Bug Description Deployment on render not working. Steps to Reproduce 1.Open render 2. See TELEGRAM_BOT_TOKEN not found. Declare it as envvar or define a default value error Expected Behavior _No response_ Priority High Additional Information _No response_,closed,"bug, high priority",Configuration,https://github.com/potaje-hub/potaje-hub/issues/57,,Configuration,The bug report mentions a missing environment variable (TELEGRAM_BOT_TOKEN) which is likely a configuration issue.
potaje-hub,potaje-hub,Edit profile does not work,"Bug Description If you try to edit a profile, it does not work. Steps to Reproduce open the app, login, go to ""Edit profile"", click ""save"". Expected Behavior I expected the app to save the changes. Priority Medium Additional Information It will be upgraded with the developer work item",closed,"bug, medium priority",Other,https://github.com/potaje-hub/potaje-hub/issues/56,,Other,"The description does not mention configuration artifacts or settings. It appears to be a functional issue with the app's edit profile feature, which is likely related to code defects rather than misconfigured settings."
potaje-hub,potaje-hub,Token csrf error in developer locust test,"Feature Description When the locust tests are run, an error appears in the terminal that the token is missing from the html response. This error does not affect the test since it is executed perfectly and there are 0% failures. The error does not always appear, it is random Use Case _No response_ Is this feature critical? No",closed,"bug, Medium, low priority, testing",Configuration,https://github.com/potaje-hub/potaje-hub/issues/55,,Other,"The issue description mentions a specific error in the terminal during locust tests, but it does not explicitly mention configuration artifacts or incorrect configurations. The problem seems to be related to the functionality of the system rather than its configuration."
potaje-hub,potaje-hub,Error in the selenium sign up test that was already done,"Bug Description In the file ""test signup.py"" on line 18 where it says ""Sign Up"" the test fails because the ""U"" is uppercase, I changed it and put the u in lowercase Steps to Reproduce 1. Run the tests ""pytest app/modules/auth/tests/"" Expected Behavior _No response_ Priority Low Additional Information _No response_",closed,"bug, Low, low priority",Other,https://github.com/potaje-hub/potaje-hub/issues/54,,Other,"The issue described is a code defect (specifically, a typo in the test file) rather than a configuration bug. It involves fixing a character in the source code to resolve the problem."
potaje-hub,potaje-hub,Error while doing developer unit tests,"Feature Description As none of the attributes of ""Developer"" and ""Github user"" are mandatory, various cases had to be done in the unit tests taking these attributes into account and without taking them into account. This caused various errors until restrictions were added between those attributes Use Case Thanks to adding restrictions between the attributes, the unit tests necessary for this work item could be carried out. Is this feature critical? Yes",closed,"bug, Low, medium priority, testing",Other,https://github.com/potaje-hub/potaje-hub/issues/53,,Other,"The issue description mentions adding restrictions between attributes to resolve the problem, which suggests a code defect rather than a configuration issue."
potaje-hub,potaje-hub,Locust test for Download all work item,"Bug Description The outputs in the locust test for The ""Download all"" work item aren´t in order. Steps to Reproduce Open the app, enter the venv, paste this command to run the test: locust -f app/modules/dataset/tests/locustfile.py --host=http://127.0.0.1:5000 -u 5 -r 1, open the URL of the output and click ""Start"" in the explorer. Expected Behavior The test will run propertly but the ouputs while checking the test aren´t in order. Priority High Additional Information None",closed,"bug, high priority, testing",Other,https://github.com/potaje-hub/potaje-hub/issues/52,,Other,"The issue description mentions a problem with the output order of a locust test, but it does not explicitly mention configuration artifacts or settings. It appears to be related to the functionality of the 'Download all' work item and its associated test."
potaje-hub,potaje-hub,"Database error while doing ""register as developer""","Feature Description When adding new attributes to the user, the database had to be deleted and recreated Use Case Without the new data the website did not work Is this feature critical? Yes",closed,"bug, Medium, high priority",Configuration,https://github.com/potaje-hub/potaje-hub/issues/51,,Other,"The issue seems to be related to a database error while performing a specific feature, but it does not explicitly mention configuration artifacts or incorrect configurations. It appears to be more of a code defect or data management issue rather than a configuration bug."
potaje-hub,potaje-hub,"Project Wiki ""Diario del equipo"" upgraded","Feature Description The ""Diario del equipo"" will be created and upgraded as the project develops. Use Case When the team does a new meeting. Is this feature critical? Yes",closed,"documentation, high priority",Other,https://github.com/potaje-hub/potaje-hub/issues/49,,Other,The bug report is about upgrading a project wiki and does not mention any configuration issues or system settings. It appears to be related to feature development and documentation.
potaje-hub,potaje-hub,Improve Wiki,Feature Description We need to improve the Wiki of the repository by describing the project and the Development environment. Use Case To make the project simpler and accesible for all users Is this feature critical? Yes,closed,enhancement,Other,https://github.com/potaje-hub/potaje-hub/issues/47,,Other,The bug report is about implementing a new feature (improving the Wiki) and does not mention any configuration issues or system settings.
potaje-hub,potaje-hub,Vagrant provisioning implementation,Feature Description Having a tool like Vagrant for provisioning would be a very useful implementation Use Case An user can automaticaly configurate the virtual environment Is this feature critical? No,closed,"enhancement, Medium, medium priority",Configuration,https://github.com/potaje-hub/potaje-hub/issues/44,,Other,The bug report is about implementing a new feature (Vagrant provisioning) and does not mention any configuration issues or misconfigured settings. It's more related to the development of a new functionality.
potaje-hub,potaje-hub,Config proyect for vagrant,"Feature Description We want to have a GitHub Action, if possible, to create a virtual machine of the application with vagrant, one for development and one for deployment. Use Case _No response_ Is this feature critical? No",closed,"enhancement, medium priority",Other,https://github.com/potaje-hub/potaje-hub/issues/43,,Configuration,The bug report mentions vagrant and GitHub Actions which are related to configuration and deployment settings.
potaje-hub,potaje-hub,Telegram bot myDatasets not working properly,"Feature Description When trying to show the user dataset list, if no unsynchronized datasets found, bot crashes. Use Case User trying to list its datasets. Is this feature critical? No",closed,"bug, Low, low priority",Other,https://github.com/potaje-hub/potaje-hub/issues/40,,Configuration,"The description mentions a specific scenario where the bot crashes due to no unsynchronized datasets found. This suggests that the issue might be related to configuration or setup, rather than a code defect."
potaje-hub,potaje-hub,Unit test for the Different format WI,"Feature Description We need to extend our test coverage to handle different formats , ensuring that our application can correctly process and validate this format. Use Case Test the application Is this feature critical? Yes",closed,"enhancement, high priority",Other,https://github.com/potaje-hub/potaje-hub/issues/38,,Other,"The bug report primarily discusses extending test coverage and ensuring the application can process different formats, which is related to code development rather than configuration settings."
potaje-hub,potaje-hub,Telegram_bot module failed,"Bug Description When you try to execute a selenium test that was already in the original project, it result in the error: Error registering modules: Could not load the module for Module 'telegram_bot': No module named 'app.modules.telegram_bot.routes' Steps to Reproduce 1. Start the app 2. Execute any selenium test Expected Behavior The test should pass Priority High Additional Information _No response_",closed,"bug, high priority",Configuration,https://github.com/potaje-hub/potaje-hub/issues/35,,Other,"The issue seems to be related to a module loading error in Selenium tests, which is more likely due to a code defect or a dependency issue rather than a configuration problem."
potaje-hub,potaje-hub,README.md improvement,Feature Description It's necessary to improve README.md including prerrequisites and set up. Use Case Every user can install and run easily our application Is this feature critical? No,closed,"documentation, enhancement, Low, medium priority",Other,https://github.com/potaje-hub/potaje-hub/issues/31,,Other,"The bug report is about improving the README.md file and setting up prerequisites for users to install and run the application. It does not mention configuration artifacts, incorrect or missing configurations, system setup, deployment, or runtime settings."
potaje-hub,potaje-hub,test: Telegram bot test suite,Sin descripción,closed,"Medium, high priority, testing",Other,https://github.com/potaje-hub/potaje-hub/issues/27,,Other,"The provided information does not mention configuration artifacts or describe a specific issue related to system setup, deployment, or runtime settings. The title and description are too generic to determine the nature of the bug report."
potaje-hub,potaje-hub,fix: Codacy issues from Telegram bot,Sin descripción,closed,"Low, low priority, refactoring",Other,https://github.com/potaje-hub/potaje-hub/issues/26,,Other,"The bug report does not mention configuration artifacts or describe incorrect or missing configurations. It also doesn't relate to system setup, deployment, or runtime settings. The title mentions Codacy issues and a Telegram bot, which suggests it's related to code quality or integration rather than configuration."
potaje-hub,potaje-hub,Web ChromeDriver,"When running the test workflow, I get errors on the selenium tests because of the web chromedriver. This is the error: OSError: [Errno 8] Exec format error: '/home/runner/.wdm/drivers/chromedriver/linux64/131.0.6778.87/chromedriver-linux64/THIRD_PARTY_NOTICES.chromedriver'. The error is on the feat-different-format branch.",closed,"help wanted, high priority",Configuration,https://github.com/potaje-hub/potaje-hub/issues/24,Interesante,Configuration,The bug report mentions an issue with a specific driver (chromedriver) which is likely related to its configuration or setup.
potaje-hub,potaje-hub,Review advance filtering,Sin descripción,closed,"enhancement, help wanted, medium priority",Other,https://github.com/potaje-hub/potaje-hub/issues/12,,Other,"The bug report does not mention configuration artifacts or describe incorrect or missing configurations. It is tagged as an 'enhancement' and has a status of 'closed', which suggests it may be related to feature development rather than a configuration issue."
potaje-hub,potaje-hub,Advance filtering tests,Sin descripción,closed,medium priority,Other,https://github.com/potaje-hub/potaje-hub/issues/11,,Other,"The provided information does not mention configuration artifacts, incorrect or missing configurations, system setup, deployment, runtime settings, or unintended interactions between configuration settings. The title and description do not provide enough context to determine if it's a configuration bug report."
potaje-hub,potaje-hub,Check dependencies for Python10,The codacy workflow doesn't work for check dependencies on python10,closed,"bug, high priority",Configuration,https://github.com/potaje-hub/potaje-hub/issues/10,,Other,The description does not mention configuration artifacts or settings. It seems to be related to a code workflow issue rather than a configuration problem.
potaje-hub,potaje-hub,Check deployment url on render.yml,The workflow of render.yml doesn't work because of there is no deploy url defined,closed,"bug, high priority",Configuration,https://github.com/potaje-hub/potaje-hub/issues/9,,Configuration,"The bug report mentions a configuration file (render.yml) and an issue with a missing deploy URL definition, which suggests a problem related to the system's setup or deployment settings."
potaje-hub,potaje-hub,Fakenodo,Sin descripción,closed,"enhancement, Hard, high priority",Other,https://github.com/potaje-hub/potaje-hub/issues/7,,Other,"The provided information does not contain any details about the bug report, making it impossible to determine if it's a configuration issue or not."
potaje-hub,potaje-hub,Register developer,As a user I want to be able to register as a developer.,closed,"enhancement, Low, low priority",Other,https://github.com/potaje-hub/potaje-hub/issues/6,,Other,"The bug report does not mention configuration artifacts or describe incorrect or missing configurations. It appears to be a feature request for user registration as a developer, which is an enhancement rather than a configuration issue."
potaje-hub,potaje-hub,Sign up validation,"As a user, I want to sign up validating email",closed,"enhancement, Low, low priority",Other,https://github.com/potaje-hub/potaje-hub/issues/5,,Other,The bug report does not mention configuration artifacts or describe incorrect or missing configurations. It seems to be related to a feature enhancement rather than a system setup or deployment issue.
potaje-hub,potaje-hub,Download in different formats,"As a user, I want to be able to download the models or datasets in different formats (e.g., dimacs), for use in my own projects.",closed,"enhancement, Medium, medium priority",Other,https://github.com/potaje-hub/potaje-hub/issues/4,,Other,The bug report is about a feature request (enhancement) and does not mention configuration artifacts or incorrect configurations. It seems to be related to the functionality of the system rather than its setup or deployment.
potaje-hub,potaje-hub,Download all,"As a user, I want a ‘Download all’ button somewhere that downloads ALL datasets with ALL models and in ALL formats.",closed,"enhancement, Medium, medium priority",Other,https://github.com/potaje-hub/potaje-hub/issues/3,,Other,The bug report is about adding a new feature ('Download all' button) rather than fixing an existing issue caused by misconfigured settings.
potaje-hub,potaje-hub,Advanced Filtering,"As a user I want to filter by number of features, number of products, etc. to obtain datasets according to my needs.",closed,"enhancement, Hard, high priority",Other,https://github.com/potaje-hub/potaje-hub/issues/2,,Other,"The bug report does not mention configuration artifacts or describe incorrect or missing configurations. It appears to be related to a feature enhancement request rather than a system setup, deployment, or runtime settings issue."
potaje-hub,potaje-hub,Bot Integration,Sin descripción,closed,"enhancement, Hard, high priority",Other,https://github.com/potaje-hub/potaje-hub/issues/1,,Other,"The provided information does not mention configuration artifacts or describe a specific issue related to system setup, deployment, or runtime settings. The tags 'enhancement' and 'high priority' suggest it might be related to code development rather than configuration."
Encocretados,uvlhub,Bug Detected: Initialization or Accessibility Error,Descripción: Esta issue fue creada automáticamente debido a errores detectados en la rama `main` que impiden la correcta inicialización de la aplicación. Es necesario resolver estos errores para poder continuar con el desarrollo del proyecto. Pasos para reproducir (si es un bug): 1. 2. 3. Resultado Esperado: La aplicación funciona correctamente después de resolver estos errores causados por un fallo inseperado en el código no detectado anteriormente. Reportado por: [Nombre del reportero] Responsable: [Nombre del responsable] Revisor: [Nombre del revisor] Información adicional: [Cualquier información adicional relevante] Prioridad: Alto,open,"bug, help wanted, high",Other,https://github.com/Encocretados/uvlhub/issues/182,,Other,"The description mentions an 'inseperado' (unintended) error in the code, which suggests a coding defect rather than a configuration issue."
Encocretados,uvlhub,Bug Detected: Initialization or Accessibility Error,Descripción: Esta issue fue creada automáticamente debido a errores detectados en la rama `main` que impiden la correcta inicialización de la aplicación. Es necesario resolver estos errores para poder continuar con el desarrollo del proyecto. Pasos para reproducir (si es un bug): 1. 2. 3. Resultado Esperado: La aplicación funciona correctamente después de resolver estos errores causados por un fallo inseperado en el código no detectado anteriormente. Reportado por: [Nombre del reportero] Responsable: [Nombre del responsable] Revisor: [Nombre del revisor] Información adicional: [Cualquier información adicional relevante] Prioridad: Alto,open,"bug, help wanted, high",Other,https://github.com/Encocretados/uvlhub/issues/181,,Other,"The description mentions an 'inseperado' (unintended) error in the code, which suggests a coding defect rather than a configuration issue. The focus is on resolving errors to allow development to continue, indicating a problem with the source code itself."
Encocretados,uvlhub,Bug Detected: Initialization or Accessibility Error,Descripción: Esta issue fue creada automáticamente debido a errores detectados en la rama `main` que impiden la correcta inicialización de la aplicación. Es necesario resolver estos errores para poder continuar con el desarrollo del proyecto. Pasos para reproducir (si es un bug): 1. 2. 3. Resultado Esperado: La aplicación funciona correctamente después de resolver estos errores causados por un fallo inseperado en el código no detectado anteriormente. Reportado por: [Nombre del reportero] Responsable: [Nombre del responsable] Revisor: [Nombre del revisor] Información adicional: [Cualquier información adicional relevante] Prioridad: Alto,open,"bug, help wanted, high",Other,https://github.com/Encocretados/uvlhub/issues/179,,Other,"The description mentions an 'inseperado' (unintended) error in the code, which suggests a coding defect rather than a configuration issue. The focus is on resolving errors to allow development to continue, indicating a problem with the source code itself."
Encocretados,uvlhub,Bug Detected: Initialization or Accessibility Error,Descripción: Esta issue fue creada automáticamente debido a errores detectados en la rama `main` que impiden la correcta inicialización de la aplicación. Es necesario resolver estos errores para poder continuar con el desarrollo del proyecto. Pasos para reproducir (si es un bug): 1. 2. 3. Resultado Esperado: La aplicación funciona correctamente después de resolver estos errores causados por un fallo inseperado en el código no detectado anteriormente. Reportado por: [Nombre del reportero] Responsable: [Nombre del responsable] Revisor: [Nombre del revisor] Información adicional: [Cualquier información adicional relevante] Prioridad: Alto,open,"bug, help wanted, high",Other,https://github.com/Encocretados/uvlhub/issues/178,,Other,"The description mentions an 'inseperado' (unintended) error in the code, which suggests a coding defect rather than a configuration issue."
Encocretados,uvlhub,Test Motivational Welcome,"Descripción: Crear pruebas para verificar el correcto funcionamiento de la funcionalidad Motivational Welcome. Las pruebas se enfocarán en asegurar que: La frase motivacional se muestra correctamente en el margen superior, el diseño y formato cumplen con los estándares de UVLHUB, no se generan conflictos con otros elementos visuales de la interfaz. Roles: @alenicbra tester Reportado por: @alenicbra Responsable: @alenicbra Revisor: @RaulToro",closed,"low, test",Other,https://github.com/Encocretados/uvlhub/issues/176,,Other,"The bug report is about creating tests for a feature (Motivational Welcome) and ensuring its correct functionality, but it does not mention any configuration issues or settings. It appears to be related to testing and quality assurance rather than a configuration problem."
Encocretados,uvlhub,Motivational Welcome,"Descripción: Añadir una frase motivacional en el margen superior de la interfaz. La implementación inicial será sencilla, mostrando un texto plano con una frase motivacional fija. En un futuro, esta funcionalidad podría evolucionar para permitir mensajes configurables por los administradores de UVLHUB. Reportado por: @celiaaguileraa Responsable: @celiaaguileraa Revisor: @RaulToro Prioridad: Bajo Información adicional: La frase motivacional deberá aparecer en todas las vistas principales del sistema. Se deberá implementar con un estilo acorde al diseño existente de UVLHUB, utilizando clases CSS ya definidas o creando nuevas si fuera necesario. Asegurarse de que la frase no interfiere con otros elementos de la UI.",closed,"enhancement, low",Other,https://github.com/Encocretados/uvlhub/issues/175,,Other,"The bug report describes a feature request or an enhancement to add a motivational welcome message in the interface, but it does not mention any configuration issues or misconfigured settings."
Encocretados,uvlhub,Bug Detected: Initialization or Accessibility Error,Descripción: Esta issue fue creada automáticamente debido a errores detectados en la rama `main` que impiden la correcta inicialización de la aplicación. Es necesario resolver estos errores para poder continuar con el desarrollo del proyecto. Pasos para reproducir (si es un bug): 1. 2. 3. Resultado Esperado: La aplicación funciona correctamente después de resolver estos errores causados por un fallo inseperado en el código no detectado anteriormente. Reportado por: [Nombre del reportero] Responsable: [Nombre del responsable] Revisor: [Nombre del revisor] Información adicional: [Cualquier información adicional relevante] Prioridad: Alto,open,"bug, help wanted, high",Other,https://github.com/Encocretados/uvlhub/issues/174,,Other,"The description mentions an 'inseperado' (unintended) error in the code, which suggests a coding defect rather than a configuration issue."
Encocretados,uvlhub,Bug Detected: Initialization or Accessibility Error,Descripción: Esta issue fue creada automáticamente debido a errores detectados en la rama `main` que impiden la correcta inicialización de la aplicación. Es necesario resolver estos errores para poder continuar con el desarrollo del proyecto. Pasos para reproducir (si es un bug): 1. 2. 3. Resultado Esperado: La aplicación funciona correctamente después de resolver estos errores causados por un fallo inseperado en el código no detectado anteriormente. Reportado por: [Nombre del reportero] Responsable: [Nombre del responsable] Revisor: [Nombre del revisor] Información adicional: [Cualquier información adicional relevante] Prioridad: Alto,open,"bug, help wanted, high",Other,https://github.com/Encocretados/uvlhub/issues/173,,Other,"The description mentions an 'inseperado' (unintended) error in the code, which suggests a coding defect rather than a configuration issue."
Encocretados,uvlhub,feat(datasets): cambio boton upload datasets por publish datasets,"Descripción: Se ha realizado un cambio en el nombre del botón de ""Upload Dataset"" a ""Publish Dataset"" con el objetivo de mejorar la claridad y alineación con la terminología utilizada en la aplicación. Este ajuste afecta todas las vistas donde el botón es visible. Se deben crear y ejecutar pruebas para validar que el cambio se refleje correctamente en la interfaz de usuario, manteniendo la funcionalidad y experiencia del usuario intactas. Roles: Reportado por: @AlvaroMartinMunoz Responsable: @lucianoya Revisor: @alepingar",closed,"enhancement, low",Other,https://github.com/Encocretados/uvlhub/issues/171,,Other,The bug report is about a UI change and does not mention configuration artifacts or incorrect configurations. It seems to be related to code changes rather than system setup or deployment settings.
Encocretados,uvlhub,Bug Detected: Initialization or Accessibility Error,Descripción: Esta issue fue creada automáticamente debido a errores detectados en la rama `main` que impiden la correcta inicialización de la aplicación. Es necesario resolver estos errores para poder continuar con el desarrollo del proyecto. Pasos para reproducir (si es un bug): 1. 2. 3. Resultado Esperado: La aplicación funciona correctamente después de resolver estos errores causados por un fallo inseperado en el código no detectado anteriormente. Reportado por: [Nombre del reportero] Responsable: [Nombre del responsable] Revisor: [Nombre del revisor] Información adicional: [Cualquier información adicional relevante] Prioridad: Alto,open,"bug, help wanted, high",Other,https://github.com/Encocretados/uvlhub/issues/170,,Other,"The description mentions an 'inseperado' (unintended) error in the code, which suggests a coding defect rather than a configuration issue."
Encocretados,uvlhub,Bug Detected: Initialization or Accessibility Error,Descripción: Esta issue fue creada automáticamente debido a errores detectados en la rama `main` que impiden la correcta inicialización de la aplicación. Es necesario resolver estos errores para poder continuar con el desarrollo del proyecto. Pasos para reproducir (si es un bug): 1. 2. 3. Resultado Esperado: La aplicación funciona correctamente después de resolver estos errores causados por un fallo inseperado en el código no detectado anteriormente. Reportado por: [Nombre del reportero] Responsable: [Nombre del responsable] Revisor: [Nombre del revisor] Información adicional: [Cualquier información adicional relevante] Prioridad: Alto,open,"bug, help wanted, high",Other,https://github.com/Encocretados/uvlhub/issues/169,,Other,"The description mentions an 'inseperado' (unintended) error in the code, which suggests a coding defect rather than a configuration issue."
Encocretados,uvlhub,Bug Detected: Initialization or Accessibility Error,Descripción: Esta issue fue creada automáticamente debido a errores detectados en la rama `main` que impiden la correcta inicialización de la aplicación. Es necesario resolver estos errores para poder continuar con el desarrollo del proyecto. Pasos para reproducir (si es un bug): 1. 2. 3. Resultado Esperado: La aplicación funciona correctamente después de resolver estos errores causados por un fallo inseperado en el código no detectado anteriormente. Reportado por: [Nombre del reportero] Responsable: [Nombre del responsable] Revisor: [Nombre del revisor] Información adicional: [Cualquier información adicional relevante] Prioridad: Alto,open,"bug, help wanted, high",Other,https://github.com/Encocretados/uvlhub/issues/168,,Other,"The description mentions an 'inseperado' (unintended) error in the code, which suggests a coding defect rather than a configuration issue. The focus is on resolving errors to allow development to continue, indicating a problem with the source code itself."
Encocretados,uvlhub,Bug Detected: Initialization or Accessibility Error,Descripción: Esta issue fue creada automáticamente debido a errores detectados en la rama `main` que impiden la correcta inicialización de la aplicación. Es necesario resolver estos errores para poder continuar con el desarrollo del proyecto. Pasos para reproducir (si es un bug): 1. 2. 3. Resultado Esperado: La aplicación funciona correctamente después de resolver estos errores causados por un fallo inseperado en el código no detectado anteriormente. Reportado por: [Nombre del reportero] Responsable: [Nombre del responsable] Revisor: [Nombre del revisor] Información adicional: [Cualquier información adicional relevante] Prioridad: Alto,open,"bug, help wanted, high",Other,https://github.com/Encocretados/uvlhub/issues/167,,Other,"The description mentions an 'inseperado' (unintended) error in the code, which suggests a coding defect rather than a configuration issue."
Encocretados,uvlhub,Bug Detected: Initialization or Accessibility Error,Descripción: Esta issue fue creada automáticamente debido a errores detectados en la rama `main` que impiden la correcta inicialización de la aplicación. Es necesario resolver estos errores para poder continuar con el desarrollo del proyecto. Pasos para reproducir (si es un bug): 1. 2. 3. Resultado Esperado: La aplicación funciona correctamente después de resolver estos errores causados por un fallo inseperado en el código no detectado anteriormente. Reportado por: [Nombre del reportero] Responsable: [Nombre del responsable] Revisor: [Nombre del revisor] Información adicional: [Cualquier información adicional relevante] Prioridad: Alto,open,"bug, help wanted, high",Other,https://github.com/Encocretados/uvlhub/issues/166,,Other,"The description mentions an 'inseperado' (unintended) error in the code, which suggests a coding defect rather than a configuration issue."
Encocretados,uvlhub,Bug Detected: Initialization or Accessibility Error,Descripción: Esta issue fue creada automáticamente debido a errores detectados en la rama `main` que impiden la correcta inicialización de la aplicación. Es necesario resolver estos errores para poder continuar con el desarrollo del proyecto. Pasos para reproducir (si es un bug): 1. 2. 3. Resultado Esperado: La aplicación funciona correctamente después de resolver estos errores causados por un fallo inseperado en el código no detectado anteriormente. Reportado por: [Nombre del reportero] Responsable: [Nombre del responsable] Revisor: [Nombre del revisor] Información adicional: [Cualquier información adicional relevante] Prioridad: Alto,open,"bug, help wanted, high",Other,https://github.com/Encocretados/uvlhub/issues/165,,Other,"The description mentions an 'inseperado' (unintended) error in the code, which suggests a coding defect rather than a configuration issue."
Encocretados,uvlhub,Bug Detected: Initialization or Accessibility Error,Descripción: Esta issue fue creada automáticamente debido a errores detectados en la rama `main` que impiden la correcta inicialización de la aplicación. Es necesario resolver estos errores para poder continuar con el desarrollo del proyecto. Pasos para reproducir (si es un bug): 1. 2. 3. Resultado Esperado: La aplicación funciona correctamente después de resolver estos errores causados por un fallo inseperado en el código no detectado anteriormente. Reportado por: [Nombre del reportero] Responsable: [Nombre del responsable] Revisor: [Nombre del revisor] Información adicional: [Cualquier información adicional relevante] Prioridad: Alto,open,"bug, help wanted, high",Other,https://github.com/Encocretados/uvlhub/issues/164,,Other,"The description mentions an 'inseperado fallo en el código' which suggests a code defect rather than a configuration issue. The bug report is about resolving errors in the application's initialization, but it does not specifically mention any configuration artifacts or settings."
Encocretados,uvlhub,Bug Detected: Initialization or Accessibility Error,Descripción: Esta issue fue creada automáticamente debido a errores detectados en la rama `main` que impiden la correcta inicialización de la aplicación. Es necesario resolver estos errores para poder continuar con el desarrollo del proyecto. Pasos para reproducir (si es un bug): 1. 2. 3. Resultado Esperado: La aplicación funciona correctamente después de resolver estos errores causados por un fallo inseperado en el código no detectado anteriormente. Reportado por: [Nombre del reportero] Responsable: [Nombre del responsable] Revisor: [Nombre del revisor] Información adicional: [Cualquier información adicional relevante] Prioridad: Alto,open,"bug, help wanted, high",Other,https://github.com/Encocretados/uvlhub/issues/163,,Other,"The description mentions an 'inseperado' (unintended) error in the code, which suggests a coding defect rather than a configuration issue."
Encocretados,uvlhub,Bug Detected: Initialization or Accessibility Error,Descripción: Esta issue fue creada automáticamente debido a errores detectados en la rama `main` que impiden la correcta inicialización de la aplicación. Es necesario resolver estos errores para poder continuar con el desarrollo del proyecto. Pasos para reproducir (si es un bug): 1. 2. 3. Resultado Esperado: La aplicación funciona correctamente después de resolver estos errores causados por un fallo inseperado en el código no detectado anteriormente. Reportado por: [Nombre del reportero] Responsable: [Nombre del responsable] Revisor: [Nombre del revisor] Información adicional: [Cualquier información adicional relevante] Prioridad: Alto,open,"bug, help wanted, high",Other,https://github.com/Encocretados/uvlhub/issues/162,,Other,"The description mentions an 'inseperado' (unintended) error in the code, which suggests a coding defect rather than a configuration issue. The focus is on resolving errors to allow development to continue, indicating a problem with the source code itself."
Encocretados,uvlhub,Bug Detected: Initialization or Accessibility Error,Descripción: Esta issue fue creada automáticamente debido a errores detectados en la rama `main` que impiden la correcta inicialización de la aplicación. Es necesario resolver estos errores para poder continuar con el desarrollo del proyecto. Pasos para reproducir (si es un bug): 1. 2. 3. Resultado Esperado: La aplicación funciona correctamente después de resolver estos errores causados por un fallo inseperado en el código no detectado anteriormente. Reportado por: [Nombre del reportero] Responsable: [Nombre del responsable] Revisor: [Nombre del revisor] Información adicional: [Cualquier información adicional relevante] Prioridad: Alto,open,"bug, help wanted, high",Other,https://github.com/Encocretados/uvlhub/issues/160,,Other,"The description mentions an 'inseperado' (unintended) error in the code, which suggests a coding defect rather than a configuration issue."
Encocretados,uvlhub,Bug Detected: Initialization or Accessibility Error,Descripción: Esta issue fue creada automáticamente debido a errores detectados en la rama `main` que impiden la correcta inicialización de la aplicación. Es necesario resolver estos errores para poder continuar con el desarrollo del proyecto. Pasos para reproducir (si es un bug): 1. 2. 3. Resultado Esperado: La aplicación funciona correctamente después de resolver estos errores causados por un fallo inseperado en el código no detectado anteriormente. Reportado por: [Nombre del reportero] Responsable: [Nombre del responsable] Revisor: [Nombre del revisor] Información adicional: [Cualquier información adicional relevante] Prioridad: Alto,open,"bug, help wanted, high",Other,https://github.com/Encocretados/uvlhub/issues/159,,Other,"The description mentions an 'inseperado' (unintended) error in the code, which suggests a coding defect rather than a configuration issue."
Encocretados,uvlhub,Bug Detected: Initialization or Accessibility Error,Descripción: Esta issue fue creada automáticamente debido a errores detectados en la rama `main` que impiden la correcta inicialización de la aplicación. Es necesario resolver estos errores para poder continuar con el desarrollo del proyecto. Pasos para reproducir (si es un bug): 1. 2. 3. Resultado Esperado: La aplicación funciona correctamente después de resolver estos errores causados por un fallo inseperado en el código no detectado anteriormente. Reportado por: [Nombre del reportero] Responsable: [Nombre del responsable] Revisor: [Nombre del revisor] Información adicional: [Cualquier información adicional relevante] Prioridad: Alto,open,"bug, help wanted, high",Other,https://github.com/Encocretados/uvlhub/issues/158,,Other,"The description mentions an 'inseperado' (unintended) error in the code, which suggests a coding defect rather than a configuration issue."
Encocretados,uvlhub,Bug Detected: Initialization or Accessibility Error,Descripción: Esta issue fue creada automáticamente debido a errores detectados en la rama `main` que impiden la correcta inicialización de la aplicación. Es necesario resolver estos errores para poder continuar con el desarrollo del proyecto. Pasos para reproducir (si es un bug): 1. 2. 3. Resultado Esperado: La aplicación funciona correctamente después de resolver estos errores causados por un fallo inseperado en el código no detectado anteriormente. Reportado por: [Nombre del reportero] Responsable: [Nombre del responsable] Revisor: [Nombre del revisor] Información adicional: [Cualquier información adicional relevante] Prioridad: Alto,open,"bug, help wanted, high",Other,https://github.com/Encocretados/uvlhub/issues/157,,Other,"The description mentions an 'inseperado' (unintended) error in the code, which suggests a coding defect rather than a configuration issue."
Encocretados,uvlhub,Bug Detected: Initialization or Accessibility Error,Descripción: Esta issue fue creada automáticamente debido a errores detectados en la rama `main` que impiden la correcta inicialización de la aplicación. Es necesario resolver estos errores para poder continuar con el desarrollo del proyecto. Pasos para reproducir (si es un bug): 1. 2. 3. Resultado Esperado: La aplicación funciona correctamente después de resolver estos errores causados por un fallo inseperado en el código no detectado anteriormente. Reportado por: [Nombre del reportero] Responsable: [Nombre del responsable] Revisor: [Nombre del revisor] Información adicional: [Cualquier información adicional relevante] Prioridad: Alto,open,"bug, help wanted, high",Other,https://github.com/Encocretados/uvlhub/issues/156,,Other,"The description mentions an 'inseperado' (unintended) error in the code, which suggests a coding defect rather than a configuration issue. The focus is on resolving errors to allow development to continue, indicating a problem with the source code itself."
Encocretados,uvlhub,Bug Detected: Initialization or Accessibility Error,Descripción: Esta issue fue creada automáticamente debido a errores detectados en la rama `main` que impiden la correcta inicialización de la aplicación. Es necesario resolver estos errores para poder continuar con el desarrollo del proyecto. Pasos para reproducir (si es un bug): 1. 2. 3. Resultado Esperado: La aplicación funciona correctamente después de resolver estos errores causados por un fallo inseperado en el código no detectado anteriormente. Reportado por: [Nombre del reportero] Responsable: [Nombre del responsable] Revisor: [Nombre del revisor] Información adicional: [Cualquier información adicional relevante] Prioridad: Alto,open,"bug, help wanted, high",Other,https://github.com/Encocretados/uvlhub/issues/155,,Other,"The description mentions an 'inseperado' (unintended) error in the code, which suggests a coding defect rather than a configuration issue."
Encocretados,uvlhub,Bug Detected: Initialization or Accessibility Error,Descripción: Esta issue fue creada automáticamente debido a errores detectados en la rama `main` que impiden la correcta inicialización de la aplicación. Es necesario resolver estos errores para poder continuar con el desarrollo del proyecto. Pasos para reproducir (si es un bug): 1. 2. 3. Resultado Esperado: La aplicación funciona correctamente después de resolver estos errores causados por un fallo inseperado en el código no detectado anteriormente. Reportado por: [Nombre del reportero] Responsable: [Nombre del responsable] Revisor: [Nombre del revisor] Información adicional: [Cualquier información adicional relevante] Prioridad: Alto,open,"bug, help wanted, high",Other,https://github.com/Encocretados/uvlhub/issues/154,,Other,"The description mentions an 'inseperado' (unintended) error in the code, which suggests a coding defect rather than a configuration issue. The focus is on resolving errors to allow development to continue, indicating a problem with the source code itself."
Encocretados,uvlhub,Bug Detected: Initialization or Accessibility Error,Descripción: Esta issue fue creada automáticamente debido a errores detectados en la rama `main` que impiden la correcta inicialización de la aplicación. Es necesario resolver estos errores para poder continuar con el desarrollo del proyecto. Pasos para reproducir (si es un bug): 1. 2. 3. Resultado Esperado: La aplicación funciona correctamente después de resolver estos errores causados por un fallo inseperado en el código no detectado anteriormente. Reportado por: [Nombre del reportero] Responsable: [Nombre del responsable] Revisor: [Nombre del revisor] Información adicional: [Cualquier información adicional relevante] Prioridad: Alto,open,"bug, help wanted, high",Other,https://github.com/Encocretados/uvlhub/issues/153,,Other,"The description mentions an 'inseperado' (unintended) error in the code, which suggests a coding defect rather than a configuration issue."
Encocretados,uvlhub,Bug Detected: Initialization or Accessibility Error,Descripción: Esta issue fue creada automáticamente debido a errores detectados en la rama `main` que impiden la correcta inicialización de la aplicación. Es necesario resolver estos errores para poder continuar con el desarrollo del proyecto. Pasos para reproducir (si es un bug): 1. 2. 3. Resultado Esperado: La aplicación funciona correctamente después de resolver estos errores causados por un fallo inseperado en el código no detectado anteriormente. Reportado por: [Nombre del reportero] Responsable: [Nombre del responsable] Revisor: [Nombre del revisor] Información adicional: [Cualquier información adicional relevante] Prioridad: Alto,open,"bug, help wanted, high",Other,https://github.com/Encocretados/uvlhub/issues/152,,Other,"The description mentions an 'inseperado' (unintended) error in the code, which suggests a coding defect rather than a configuration issue."
Encocretados,uvlhub,Bug Detected: Initialization or Accessibility Error,Descripción: Esta issue fue creada automáticamente debido a errores detectados en la rama `main` que impiden la correcta inicialización de la aplicación. Es necesario resolver estos errores para poder continuar con el desarrollo del proyecto. Pasos para reproducir (si es un bug): 1. 2. 3. Resultado Esperado: La aplicación funciona correctamente después de resolver estos errores causados por un fallo inseperado en el código no detectado anteriormente. Reportado por: [Nombre del reportero] Responsable: [Nombre del responsable] Revisor: [Nombre del revisor] Información adicional: [Cualquier información adicional relevante] Prioridad: Alto,open,"bug, help wanted, high",Other,https://github.com/Encocretados/uvlhub/issues/151,,Other,"The description mentions an 'inseperado' (unintended) error in the code, which suggests a coding defect rather than a configuration issue. The focus is on resolving errors to allow development to continue, implying a problem with the source code itself."
Encocretados,uvlhub,Bug Detected: Initialization or Accessibility Error,Descripción: Esta issue fue creada automáticamente debido a errores detectados en la rama `main` que impiden la correcta inicialización de la aplicación. Es necesario resolver estos errores para poder continuar con el desarrollo del proyecto. Pasos para reproducir (si es un bug): 1. 2. 3. Resultado Esperado: La aplicación funciona correctamente después de resolver estos errores causados por un fallo inseperado en el código no detectado anteriormente. Reportado por: [Nombre del reportero] Responsable: [Nombre del responsable] Revisor: [Nombre del revisor] Información adicional: [Cualquier información adicional relevante] Prioridad: Alto,open,"bug, help wanted, high",Other,https://github.com/Encocretados/uvlhub/issues/150,,Other,"The description mentions an 'inseperado' (unintended) error in the code, which suggests a coding defect rather than a configuration issue."
Encocretados,uvlhub,Bug Detected: Initialization or Accessibility Error,Descripción: Esta issue fue creada automáticamente debido a errores detectados en la rama `main` que impiden la correcta inicialización de la aplicación. Es necesario resolver estos errores para poder continuar con el desarrollo del proyecto. Pasos para reproducir (si es un bug): 1. 2. 3. Resultado Esperado: La aplicación funciona correctamente después de resolver estos errores causados por un fallo inseperado en el código no detectado anteriormente. Reportado por: [Nombre del reportero] Responsable: [Nombre del responsable] Revisor: [Nombre del revisor] Información adicional: [Cualquier información adicional relevante] Prioridad: Alto,open,"bug, help wanted, high",Other,https://github.com/Encocretados/uvlhub/issues/149,,Other,"The description mentions an 'inseperado' (unintended) error in the code, which suggests a coding defect rather than a configuration issue."
Encocretados,uvlhub,Bug Detected: Initialization or Accessibility Error,Descripción: Esta issue fue creada automáticamente debido a errores detectados en la rama `main` que impiden la correcta inicialización de la aplicación. Es necesario resolver estos errores para poder continuar con el desarrollo del proyecto. Pasos para reproducir (si es un bug): 1. 2. 3. Resultado Esperado: La aplicación funciona correctamente después de resolver estos errores causados por un fallo inseperado en el código no detectado anteriormente. Reportado por: [Nombre del reportero] Responsable: [Nombre del responsable] Revisor: [Nombre del revisor] Información adicional: [Cualquier información adicional relevante] Prioridad: Alto,open,"bug, help wanted, high",Other,https://github.com/Encocretados/uvlhub/issues/148,,Other,"The description mentions an 'inseperado' (unintended) error in the code, which suggests a coding defect rather than a configuration issue. The focus is on resolving errors to allow development to continue, indicating a problem with the source code itself."
Encocretados,uvlhub,Bug Detected: Initialization or Accessibility Error,Descripción: Esta issue fue creada automáticamente debido a errores detectados en la rama `main` que impiden la correcta inicialización de la aplicación. Es necesario resolver estos errores para poder continuar con el desarrollo del proyecto. Pasos para reproducir (si es un bug): 1. 2. 3. Resultado Esperado: La aplicación funciona correctamente después de resolver estos errores causados por un fallo inseperado en el código no detectado anteriormente. Reportado por: [Nombre del reportero] Responsable: [Nombre del responsable] Revisor: [Nombre del revisor] Información adicional: [Cualquier información adicional relevante] Prioridad: Alto,open,"bug, help wanted, high",Other,https://github.com/Encocretados/uvlhub/issues/147,,Other,"The description mentions an 'inseperado' (unintended) error in the code, which suggests a coding defect rather than a configuration issue."
Encocretados,uvlhub,BUG: FAILED datasets selenium test,"Descripción: Al correr 'pytest' en una terminal aparecen dos únicos fallos en el modulo de dataset. Especificamente, los fallos son al correr 2 tests de selenium. FAILED app/modules/dataset/tests/test_selenium_dataset.py::test_upload_dataset - AssertionError: Test failed! FAILED app/modules/dataset/tests/test_selenium_dataset.py::test_upload_unsynchronized_dataset_to_zenodo - selenium.common.exceptions.SessionNotCreatedException: Message: session not created Pasos para reproducir: Desplegar en local usando flask Iniciar 'pytest' Resultado Esperado: Todas las pruebas sin errores. Roles: Reportado por: @ramvergar Responsable: @lucianoya Revisor: @ramvergar",open,bug,Configuration,https://github.com/Encocretados/uvlhub/issues/146,,Other,"The bug report mentions failed tests and exceptions, but does not explicitly mention configuration artifacts or incorrect configurations. It seems to be related to a code defect in the selenium test module rather than a configuration issue."
Encocretados,uvlhub,Bug Detected: Initialization or Accessibility Error,Descripción: Esta issue fue creada automáticamente debido a errores detectados en la rama `main` que impiden la correcta inicialización de la aplicación. Es necesario resolver estos errores para poder continuar con el desarrollo del proyecto. Pasos para reproducir (si es un bug): 1. 2. 3. Resultado Esperado: La aplicación funciona correctamente después de resolver estos errores causados por un fallo inseperado en el código no detectado anteriormente. Reportado por: [Nombre del reportero] Responsable: [Nombre del responsable] Revisor: [Nombre del revisor] Información adicional: [Cualquier información adicional relevante] Prioridad: Alto,open,"bug, help wanted, high",Other,https://github.com/Encocretados/uvlhub/issues/145,,Other,"The description mentions an 'inseperado' (unintended) error in the code, which suggests a coding defect rather than a configuration issue."
Encocretados,uvlhub,Bug Detected: Initialization or Accessibility Error,Descripción: Esta issue fue creada automáticamente debido a errores detectados en la rama `main` que impiden la correcta inicialización de la aplicación. Es necesario resolver estos errores para poder continuar con el desarrollo del proyecto. Pasos para reproducir (si es un bug): 1. 2. 3. Resultado Esperado: La aplicación funciona correctamente después de resolver estos errores causados por un fallo inseperado en el código no detectado anteriormente. Reportado por: [Nombre del reportero] Responsable: [Nombre del responsable] Revisor: [Nombre del revisor] Información adicional: [Cualquier información adicional relevante] Prioridad: Alto,open,"bug, help wanted, high",Other,https://github.com/Encocretados/uvlhub/issues/144,,Other,"The description mentions an 'inseperado' (unintended) error in the code, which suggests a coding defect rather than a configuration issue."
Encocretados,uvlhub,Bug Detected: Initialization or Accessibility Error,Descripción: Esta issue fue creada automáticamente debido a errores detectados en la rama `main` que impiden la correcta inicialización de la aplicación. Es necesario resolver estos errores para poder continuar con el desarrollo del proyecto. Pasos para reproducir (si es un bug): 1. 2. 3. Resultado Esperado: La aplicación funciona correctamente después de resolver estos errores causados por un fallo inseperado en el código no detectado anteriormente. Reportado por: [Nombre del reportero] Responsable: [Nombre del responsable] Revisor: [Nombre del revisor] Información adicional: [Cualquier información adicional relevante] Prioridad: Alto,open,"bug, help wanted, high",Other,https://github.com/Encocretados/uvlhub/issues/142,,Other,"The description mentions an 'inseperado' (unintended) error in the code, which suggests a coding defect rather than a configuration issue. The focus is on resolving errors to allow development to continue, indicating a problem with the source code itself."
Encocretados,uvlhub,Bug Detected: Initialization or Accessibility Error,Descripción: Esta issue fue creada automáticamente debido a errores detectados en la rama `main` que impiden la correcta inicialización de la aplicación. Es necesario resolver estos errores para poder continuar con el desarrollo del proyecto. Pasos para reproducir (si es un bug): 1. 2. 3. Resultado Esperado: La aplicación funciona correctamente después de resolver estos errores causados por un fallo inseperado en el código no detectado anteriormente. Reportado por: [Nombre del reportero] Responsable: [Nombre del responsable] Revisor: [Nombre del revisor] Información adicional: [Cualquier información adicional relevante] Prioridad: Alto,open,"bug, help wanted, high",Other,https://github.com/Encocretados/uvlhub/issues/141,,Other,"The description mentions an 'inseperado' (unintended) error in the code, which suggests a coding defect rather than a configuration issue."
Encocretados,uvlhub,Bug Detected: Initialization or Accessibility Error,Descripción: Esta issue fue creada automáticamente debido a errores detectados en la rama `main` que impiden la correcta inicialización de la aplicación. Es necesario resolver estos errores para poder continuar con el desarrollo del proyecto. Pasos para reproducir (si es un bug): 1. 2. 3. Resultado Esperado: La aplicación funciona correctamente después de resolver estos errores causados por un fallo inseperado en el código no detectado anteriormente. Reportado por: [Nombre del reportero] Responsable: [Nombre del responsable] Revisor: [Nombre del revisor] Información adicional: [Cualquier información adicional relevante] Prioridad: Alto,open,"bug, help wanted, high",Other,https://github.com/Encocretados/uvlhub/issues/140,,Other,"The description mentions an 'inseperado' (unintended) error in the code, which suggests a coding defect rather than a configuration issue. The focus is on resolving errors to allow development to continue, implying a problem with the source code itself."
Encocretados,uvlhub,Bug Detected: Initialization or Accessibility Error,Descripción: Esta issue fue creada automáticamente debido a errores detectados en la rama `main` que impiden la correcta inicialización de la aplicación. Es necesario resolver estos errores para poder continuar con el desarrollo del proyecto. Pasos para reproducir (si es un bug): 1. 2. 3. Resultado Esperado: La aplicación funciona correctamente después de resolver estos errores causados por un fallo inseperado en el código no detectado anteriormente. Reportado por: [Nombre del reportero] Responsable: [Nombre del responsable] Revisor: [Nombre del revisor] Información adicional: [Cualquier información adicional relevante] Prioridad: Alto,open,"bug, help wanted, high",Other,https://github.com/Encocretados/uvlhub/issues/139,,Other,"The description mentions an 'inseperado' (unintended) error in the code, which suggests a coding defect rather than a configuration issue."
Encocretados,uvlhub,Bug Detected: Initialization or Accessibility Error,Descripción: Esta issue fue creada automáticamente debido a errores detectados en la rama `main` que impiden la correcta inicialización de la aplicación. Es necesario resolver estos errores para poder continuar con el desarrollo del proyecto. Pasos para reproducir (si es un bug): 1. 2. 3. Resultado Esperado: La aplicación funciona correctamente después de resolver estos errores causados por un fallo inseperado en el código no detectado anteriormente. Reportado por: [Nombre del reportero] Responsable: [Nombre del responsable] Revisor: [Nombre del revisor] Información adicional: [Cualquier información adicional relevante] Prioridad: Alto,open,"bug, help wanted, high",Other,https://github.com/Encocretados/uvlhub/issues/138,,Other,"The description mentions an 'inseperado' (unintended) error in the code, which suggests a coding defect rather than a configuration issue."
Encocretados,uvlhub,Bug Detected: Initialization or Accessibility Error,Descripción: Esta issue fue creada automáticamente debido a errores detectados en la rama `main` que impiden la correcta inicialización de la aplicación. Es necesario resolver estos errores para poder continuar con el desarrollo del proyecto. Pasos para reproducir (si es un bug): 1. 2. 3. Resultado Esperado: La aplicación funciona correctamente después de resolver estos errores causados por un fallo inseperado en el código no detectado anteriormente. Reportado por: [Nombre del reportero] Responsable: [Nombre del responsable] Revisor: [Nombre del revisor] Información adicional: [Cualquier información adicional relevante] Prioridad: Alto,open,"bug, help wanted, high",Other,https://github.com/Encocretados/uvlhub/issues/137,,Other,"The description mentions an 'inseperado' (unintended) error in the code, which suggests a coding defect rather than a configuration issue."
Encocretados,uvlhub,Bug Detected: Initialization or Accessibility Error,Descripción: Esta issue fue creada automáticamente debido a errores detectados en la rama `main` que impiden la correcta inicialización de la aplicación. Es necesario resolver estos errores para poder continuar con el desarrollo del proyecto. Pasos para reproducir (si es un bug): 1. 2. 3. Resultado Esperado: La aplicación funciona correctamente después de resolver estos errores causados por un fallo inseperado en el código no detectado anteriormente. Reportado por: [Nombre del reportero] Responsable: [Nombre del responsable] Revisor: [Nombre del revisor] Información adicional: [Cualquier información adicional relevante] Prioridad: Alto,open,"bug, help wanted, high",Other,https://github.com/Encocretados/uvlhub/issues/136,,Other,"The description mentions an 'inseperado' (unintended) error in the code, which suggests a coding defect rather than a configuration issue."
Encocretados,uvlhub,Revisión Rate Datasets a Main,Inconsistencia al mergear feature/rate-dataset con Main Reportado por: @meryknows Responsable: @meryknows Revisor: @meryknows @alvvc02 Pendiente de revisar,closed,"help wanted, invalid",Other,https://github.com/Encocretados/uvlhub/issues/135,,Other,"The bug report does not mention configuration artifacts or describe incorrect or missing configurations. It appears to be related to a merge issue in the codebase, which is more likely a code defect rather than a configuration issue."
Encocretados,uvlhub,ISSUE: Merge cocretaHub2,Descripción: Problemática al intentar mergerar los cambios del hub2 para demostración de video Reportado por: @meryknows Responsable: @meryknows Revisor: @meryknows,closed,"bug, invalid",Other,https://github.com/Encocretados/uvlhub/issues/134,,Other,The provided information does not mention configuration artifacts or settings. The issue seems to be related to a merge conflict in the codebase rather than a configuration problem.
Encocretados,uvlhub,Bug Detected: Initialization or Accessibility Error,Descripción: Esta issue fue creada automáticamente debido a errores detectados en la rama `main` que impiden la correcta inicialización de la aplicación. Es necesario resolver estos errores para poder continuar con el desarrollo del proyecto. Pasos para reproducir (si es un bug): 1. 2. 3. Resultado Esperado: La aplicación funciona correctamente después de resolver estos errores causados por un fallo inseperado en el código no detectado anteriormente. Reportado por: [Nombre del reportero] Responsable: [Nombre del responsable] Revisor: [Nombre del revisor] Información adicional: [Cualquier información adicional relevante] Prioridad: Alto,open,"bug, help wanted, high",Other,https://github.com/Encocretados/uvlhub/issues/133,,Other,"The description mentions an 'inseperado' (unintended) error in the code, which suggests a coding defect rather than a configuration issue."
Encocretados,uvlhub,Bug Detected: Initialization or Accessibility Error,Descripción: Esta issue fue creada automáticamente debido a errores detectados en la rama `main` que impiden la correcta inicialización de la aplicación. Es necesario resolver estos errores para poder continuar con el desarrollo del proyecto. Pasos para reproducir (si es un bug): 1. 2. 3. Resultado Esperado: La aplicación funciona correctamente después de resolver estos errores causados por un fallo inseperado en el código no detectado anteriormente. Reportado por: [Nombre del reportero] Responsable: [Nombre del responsable] Revisor: [Nombre del revisor] Información adicional: [Cualquier información adicional relevante] Prioridad: Alto,open,"bug, help wanted, high",Other,https://github.com/Encocretados/uvlhub/issues/132,,Other,"The description mentions an 'inseperado' (unintended) error in the code, which suggests a coding defect rather than a configuration issue. The focus is on resolving errors to allow development to continue, indicating a problem with the source code itself."
Encocretados,uvlhub,Bug Detected: Initialization or Accessibility Error,Descripción: Esta issue fue creada automáticamente debido a errores detectados en la rama `main` que impiden la correcta inicialización de la aplicación. Es necesario resolver estos errores para poder continuar con el desarrollo del proyecto. Pasos para reproducir (si es un bug): 1. 2. 3. Resultado Esperado: La aplicación funciona correctamente después de resolver estos errores causados por un fallo inseperado en el código no detectado anteriormente. Reportado por: [Nombre del reportero] Responsable: [Nombre del responsable] Revisor: [Nombre del revisor] Información adicional: [Cualquier información adicional relevante] Prioridad: Alto,open,"bug, help wanted, high",Other,https://github.com/Encocretados/uvlhub/issues/131,,Other,"The description mentions an 'inseperado' (unintended) error in the code, which suggests a coding defect rather than a configuration issue."
Encocretados,uvlhub,Bug Detected: Initialization or Accessibility Error,Descripción: Esta issue fue creada automáticamente debido a errores detectados en la rama `main` que impiden la correcta inicialización de la aplicación. Es necesario resolver estos errores para poder continuar con el desarrollo del proyecto. Pasos para reproducir (si es un bug): 1. 2. 3. Resultado Esperado: La aplicación funciona correctamente después de resolver estos errores causados por un fallo inseperado en el código no detectado anteriormente. Reportado por: [Nombre del reportero] Responsable: [Nombre del responsable] Revisor: [Nombre del revisor] Información adicional: [Cualquier información adicional relevante] Prioridad: Alto,open,"bug, help wanted, high",Other,https://github.com/Encocretados/uvlhub/issues/130,,Other,"The description mentions an 'inseperado' (unintended) error in the code, which suggests a coding defect rather than a configuration issue."
Encocretados,uvlhub,Bug Detected: Initialization or Accessibility Error,Descripción: Esta issue fue creada automáticamente debido a errores detectados en la rama `main` que impiden la correcta inicialización de la aplicación. Es necesario resolver estos errores para poder continuar con el desarrollo del proyecto. Pasos para reproducir (si es un bug): 1. 2. 3. Resultado Esperado: La aplicación funciona correctamente después de resolver estos errores causados por un fallo inseperado en el código no detectado anteriormente. Reportado por: [Nombre del reportero] Responsable: [Nombre del responsable] Revisor: [Nombre del revisor] Información adicional: [Cualquier información adicional relevante] Prioridad: Alto,open,"bug, help wanted, high",Other,https://github.com/Encocretados/uvlhub/issues/129,,Other,"The description mentions an 'inseperado' (unintended) error in the code, which suggests a coding defect rather than a configuration issue."
Encocretados,uvlhub,Bug Detected: Initialization or Accessibility Error,Descripción: Esta issue fue creada automáticamente debido a errores detectados en la rama `main` que impiden la correcta inicialización de la aplicación. Es necesario resolver estos errores para poder continuar con el desarrollo del proyecto. Pasos para reproducir (si es un bug): 1. 2. 3. Resultado Esperado: La aplicación funciona correctamente después de resolver estos errores causados por un fallo inseperado en el código no detectado anteriormente. Reportado por: [Nombre del reportero] Responsable: [Nombre del responsable] Revisor: [Nombre del revisor] Información adicional: [Cualquier información adicional relevante] Prioridad: Alto,open,"bug, help wanted, high",Other,https://github.com/Encocretados/uvlhub/issues/128,,Other,"The description mentions an 'inseperado' (unintended) error in the code, which suggests a coding defect rather than a configuration issue."
Encocretados,uvlhub,Bug Detected: Initialization or Accessibility Error,Descripción: Esta issue fue creada automáticamente debido a errores detectados en la rama `main` que impiden la correcta inicialización de la aplicación. Es necesario resolver estos errores para poder continuar con el desarrollo del proyecto. Pasos para reproducir (si es un bug): 1. 2. 3. Resultado Esperado: La aplicación funciona correctamente después de resolver estos errores causados por un fallo inseperado en el código no detectado anteriormente. Reportado por: [Nombre del reportero] Responsable: [Nombre del responsable] Revisor: [Nombre del revisor] Información adicional: [Cualquier información adicional relevante] Prioridad: Alto,open,"bug, help wanted, high",Other,https://github.com/Encocretados/uvlhub/issues/127,,Other,"The description mentions an 'inseperado' (unintended) error in the code, which suggests a coding defect rather than a configuration issue."
Encocretados,uvlhub,Bug Detected: Initialization or Accessibility Error,Descripción: Esta issue fue creada automáticamente debido a errores detectados en la rama `main` que impiden la correcta inicialización de la aplicación. Es necesario resolver estos errores para poder continuar con el desarrollo del proyecto. Pasos para reproducir (si es un bug): 1. 2. 3. Resultado Esperado: La aplicación funciona correctamente después de resolver estos errores causados por un fallo inseperado en el código no detectado anteriormente. Reportado por: [Nombre del reportero] Responsable: [Nombre del responsable] Revisor: [Nombre del revisor] Información adicional: [Cualquier información adicional relevante] Prioridad: Alto,open,"bug, help wanted, high",Other,https://github.com/Encocretados/uvlhub/issues/126,,Other,"The description mentions an 'inseperado' (unintended) error in the code, which suggests a coding defect rather than a configuration issue."
Encocretados,uvlhub,Fix failures in communities tests,"Descripción: A la hora de hacer run a los test con ""pytest"" salen failures. Estos fallos necesitan ser arreglados. Reportado por: @ramvergar Responsable: @RaulToro Revisor: @alenicbra Información adicional: Fallos que aparecen por consola: FAILED app/modules/community/tests/test_selenium_community.py::test_edit_community - urllib3.exceptions.MaxRetryError: HTTPConnectionPool(host='localhost', port=39129): Max retries exceeded with url: /session/b19aa2dac64856dbabc5f35fbb317f27/url (Caused by NewConnect... FAILED app/modules/community/tests/test_selenium_community.py::test_delete_community - AssertionError: Test failed! Community not found. FAILED app/modules/community/tests/test_unit_community.py::test_delete_community_success - AssertionError: La comunidad no se ha creado FAILED app/modules/community/tests/test_unit_community.py::test_create_community_authenticated - AssertionError: La comunidad no fue creada FAILED app/modules/dataset/tests/test_selenium_dataset.py::test_upload_dataset - selenium.common.exceptions.NoSuchElementException: Message: no such element: Unable to locate element: {""method"":""css selector"",""selector"":""[name=""title""]""} FAILED app/modules/dataset/tests/test_selenium_dataset.py::test_upload_unsynchronized_dataset_to_zenodo - selenium.common.exceptions.SessionNotCreatedException: Message: session not created",closed,bug,Other,https://github.com/Encocretados/uvlhub/issues/125,,Other,"The provided bug report appears to be related to test failures in a Python application, specifically with Selenium and Pytest. The issues seem to be caused by code defects or incorrect assumptions rather than configuration settings."
Encocretados,uvlhub,Bug Detected: Initialization or Accessibility Error,Descripción: Esta issue fue creada automáticamente debido a errores detectados en la rama `main` que impiden la correcta inicialización de la aplicación. Es necesario resolver estos errores para poder continuar con el desarrollo del proyecto. Pasos para reproducir (si es un bug): 1. 2. 3. Resultado Esperado: La aplicación funciona correctamente después de resolver estos errores causados por un fallo inseperado en el código no detectado anteriormente. Reportado por: [Nombre del reportero] Responsable: [Nombre del responsable] Revisor: [Nombre del revisor] Información adicional: [Cualquier información adicional relevante] Prioridad: Alto,open,"bug, help wanted, high",Other,https://github.com/Encocretados/uvlhub/issues/124,,Other,"The description mentions an 'inseperado' (unintended) error in the code, which suggests a coding defect rather than a configuration issue."
Encocretados,uvlhub,Bug Detected: Initialization or Accessibility Error,Descripción: Esta issue fue creada automáticamente debido a errores detectados en la rama `main` que impiden la correcta inicialización de la aplicación. Es necesario resolver estos errores para poder continuar con el desarrollo del proyecto. Pasos para reproducir (si es un bug): 1. 2. 3. Resultado Esperado: La aplicación funciona correctamente después de resolver estos errores causados por un fallo inseperado en el código no detectado anteriormente. Reportado por: [Nombre del reportero] Responsable: [Nombre del responsable] Revisor: [Nombre del revisor] Información adicional: [Cualquier información adicional relevante] Prioridad: Alto,open,"bug, help wanted, high",Other,https://github.com/Encocretados/uvlhub/issues/123,,Other,"The description mentions an 'inseperado' (unintended) error in the code, which suggests a coding defect rather than a configuration issue."
Encocretados,uvlhub,Bug Detected: Initialization or Accessibility Error,Descripción: Esta issue fue creada automáticamente debido a errores detectados en la rama `main` que impiden la correcta inicialización de la aplicación. Es necesario resolver estos errores para poder continuar con el desarrollo del proyecto. Pasos para reproducir (si es un bug): 1. 2. 3. Resultado Esperado: La aplicación funciona correctamente después de resolver estos errores causados por un fallo inseperado en el código no detectado anteriormente. Reportado por: [Nombre del reportero] Responsable: [Nombre del responsable] Revisor: [Nombre del revisor] Información adicional: [Cualquier información adicional relevante] Prioridad: Alto,open,"bug, help wanted, high",Other,https://github.com/Encocretados/uvlhub/issues/122,,Other,"The description mentions an 'inseperado' (unintended) error in the code, which suggests a coding defect rather than a configuration issue. The focus is on resolving errors to allow development to continue, indicating a problem with the source code itself."
Encocretados,uvlhub,Bug Detected: Initialization or Accessibility Error,Descripción: Esta issue fue creada automáticamente debido a errores detectados en la rama `main` que impiden la correcta inicialización de la aplicación. Es necesario resolver estos errores para poder continuar con el desarrollo del proyecto. Pasos para reproducir (si es un bug): 1. 2. 3. Resultado Esperado: La aplicación funciona correctamente después de resolver estos errores causados por un fallo inseperado en el código no detectado anteriormente. Reportado por: [Nombre del reportero] Responsable: [Nombre del responsable] Revisor: [Nombre del revisor] Información adicional: [Cualquier información adicional relevante] Prioridad: Alto,open,"bug, help wanted, high",Other,https://github.com/Encocretados/uvlhub/issues/121,,Other,"The description mentions an 'inseperado' (unintended) error in the code, which suggests a coding defect rather than a configuration issue."
Encocretados,uvlhub,Bug Detected: Initialization or Accessibility Error,Descripción: Esta issue fue creada automáticamente debido a errores detectados en la rama `main` que impiden la correcta inicialización de la aplicación. Es necesario resolver estos errores para poder continuar con el desarrollo del proyecto. Pasos para reproducir (si es un bug): 1. 2. 3. Resultado Esperado: La aplicación funciona correctamente después de resolver estos errores causados por un fallo inseperado en el código no detectado anteriormente. Reportado por: [Nombre del reportero] Responsable: [Nombre del responsable] Revisor: [Nombre del revisor] Información adicional: [Cualquier información adicional relevante] Prioridad: Alto,open,"bug, help wanted, high",Other,https://github.com/Encocretados/uvlhub/issues/119,,Other,"The description mentions an 'inseperado' (unintended) error in the code, which suggests a coding defect rather than a configuration issue."
Encocretados,uvlhub,Improvement to security in email authentification,"Descripción: actualmente el código de autentificación se guarda en la sesión, se debería guardar en la base de datos del usuario y actualizarse cada vez que se le da un código nuevo. Reportado por: @RaulToro Responsable: @alenicbra Revisor: @RaulToro",closed,"enhancement, medium",Configuration,https://github.com/Encocretados/uvlhub/issues/118,,Other,The bug report is about an improvement to security in email authentication and does not mention configuration artifacts or incorrect configurations. It seems to be a code-related issue rather than a configuration one.
Encocretados,uvlhub,Bug Detected: Initialization or Accessibility Error,Descripción: Esta issue fue creada automáticamente debido a errores detectados en la rama `main` que impiden la correcta inicialización de la aplicación. Es necesario resolver estos errores para poder continuar con el desarrollo del proyecto. Pasos para reproducir (si es un bug): 1. 2. 3. Resultado Esperado: La aplicación funciona correctamente después de resolver estos errores causados por un fallo inseperado en el código no detectado anteriormente. Reportado por: [Nombre del reportero] Responsable: [Nombre del responsable] Revisor: [Nombre del revisor] Información adicional: [Cualquier información adicional relevante] Prioridad: Alto,open,"bug, help wanted, high",Other,https://github.com/Encocretados/uvlhub/issues/117,,Other,"The description mentions an 'inseperado' (unintended) error in the code, which suggests a coding defect rather than a configuration issue. The focus is on resolving errors to allow development to continue, indicating a problem with the source code itself."
Encocretados,uvlhub,Bug Detected: Initialization or Accessibility Error,Descripción: Esta issue fue creada automáticamente debido a errores detectados en la rama `main` que impiden la correcta inicialización de la aplicación. Es necesario resolver estos errores para poder continuar con el desarrollo del proyecto. Pasos para reproducir (si es un bug): 1. 2. 3. Resultado Esperado: La aplicación funciona correctamente después de resolver estos errores causados por un fallo inseperado en el código no detectado anteriormente. Reportado por: [Nombre del reportero] Responsable: [Nombre del responsable] Revisor: [Nombre del revisor] Información adicional: [Cualquier información adicional relevante] Prioridad: Alto,open,"bug, help wanted, high",Other,https://github.com/Encocretados/uvlhub/issues/116,,Other,"The description mentions an 'inseperado' (unintended) error in the code, which suggests a coding defect rather than a configuration issue."
Encocretados,uvlhub,Bug Detected: Initialization or Accessibility Error,Descripción: Esta issue fue creada automáticamente debido a errores detectados en la rama `main` que impiden la correcta inicialización de la aplicación. Es necesario resolver estos errores para poder continuar con el desarrollo del proyecto. Pasos para reproducir (si es un bug): 1. 2. 3. Resultado Esperado: La aplicación funciona correctamente después de resolver estos errores causados por un fallo inseperado en el código no detectado anteriormente. Reportado por: [Nombre del reportero] Responsable: [Nombre del responsable] Revisor: [Nombre del revisor] Información adicional: [Cualquier información adicional relevante] Prioridad: Alto,closed,"bug, help wanted, high",Other,https://github.com/Encocretados/uvlhub/issues/115,,Other,The description mentions 'errores detectados en el código' which suggests that the issue is related to a code defect rather than a configuration problem.
Encocretados,uvlhub,Bug Detected: Initialization or Accessibility Error,Descripción: Esta issue fue creada automáticamente debido a errores detectados en la rama `main` que impiden la correcta inicialización de la aplicación. Es necesario resolver estos errores para poder continuar con el desarrollo del proyecto. Pasos para reproducir (si es un bug): 1. 2. 3. Resultado Esperado: La aplicación funciona correctamente después de resolver estos errores causados por un fallo inseperado en el código no detectado anteriormente. Reportado por: [Nombre del reportero] Responsable: [Nombre del responsable] Revisor: [Nombre del revisor] Información adicional: [Cualquier información adicional relevante] Prioridad: Alto,closed,"bug, help wanted, high",Other,https://github.com/Encocretados/uvlhub/issues/114,,Other,"The description mentions an 'inseperado' (unintended) error in the code, which suggests a coding defect rather than a configuration issue. The focus is on resolving errors to allow development to continue, indicating a problem with the source code itself."
Encocretados,uvlhub,Bug Detected: Initialization or Accessibility Error,Descripción: Esta issue fue creada automáticamente debido a errores detectados en la rama `main` que impiden la correcta inicialización de la aplicación. Es necesario resolver estos errores para poder continuar con el desarrollo del proyecto. Pasos para reproducir (si es un bug): 1. 2. 3. Resultado Esperado: La aplicación funciona correctamente después de resolver estos errores causados por un fallo inseperado en el código no detectado anteriormente. Reportado por: [Nombre del reportero] Responsable: [Nombre del responsable] Revisor: [Nombre del revisor] Información adicional: [Cualquier información adicional relevante] Prioridad: Alto,closed,"bug, help wanted, high",Other,https://github.com/Encocretados/uvlhub/issues/113,,Other,"The description mentions an 'inseperado' (unintended) error in the code, which suggests a coding defect rather than a configuration issue. The focus is on resolving errors to allow development to continue, indicating a problem with the source code itself."
Encocretados,uvlhub,Bug Detected: Initialization or Accessibility Error,Descripción: Esta issue fue creada automáticamente debido a errores detectados en la rama `main` que impiden la correcta inicialización de la aplicación. Es necesario resolver estos errores para poder continuar con el desarrollo del proyecto. Pasos para reproducir (si es un bug): 1. 2. 3. Resultado Esperado: La aplicación funciona correctamente después de resolver estos errores causados por un fallo inseperado en el código no detectado anteriormente. Reportado por: [Nombre del reportero] Responsable: [Nombre del responsable] Revisor: [Nombre del revisor] Información adicional: [Cualquier información adicional relevante] Prioridad: Alto,closed,"bug, help wanted, high",Other,https://github.com/Encocretados/uvlhub/issues/112,,Other,The description mentions 'errores detectados en el código' which suggests that the issue is related to a code defect rather than a configuration problem.
Encocretados,uvlhub,Bug Detected: Initialization or Accessibility Error,Descripción: Esta issue fue creada automáticamente debido a errores detectados en la rama `main` que impiden la correcta inicialización de la aplicación. Es necesario resolver estos errores para poder continuar con el desarrollo del proyecto. Pasos para reproducir (si es un bug): 1. 2. 3. Resultado Esperado: La aplicación funciona correctamente después de resolver estos errores causados por un fallo inseperado en el código no detectado anteriormente. Reportado por: [Nombre del reportero] Responsable: [Nombre del responsable] Revisor: [Nombre del revisor] Información adicional: [Cualquier información adicional relevante] Prioridad: Alto,closed,"bug, help wanted, high",Other,https://github.com/Encocretados/uvlhub/issues/111,,Other,"The description mentions an 'inseperado' (unintended) error in the code, which suggests a coding defect rather than a configuration issue."
Encocretados,uvlhub,Workflow Run Tests,"Descripción: El workflow ""Run tests"" se encarga de ejecutar las pruebas automáticas del proyecto cada vez que se realiza un push o un pull request a la rama main. Su principal objetivo es asegurar que el código en la rama principal esté libre de errores mediante la ejecución de pruebas unitarias o de integración, contribuyendo así a la calidad y estabilidad del proyecto. Roles: Todos desarrolladores Reportado por: @AlvaroMartinMunoz Responsable: Todos Revisor: @AlvaroMartinMunoz",closed,workflow,Other,https://github.com/Encocretados/uvlhub/issues/110,,Other,"The bug report describes a workflow issue, but it does not mention configuration artifacts or incorrect configurations. It seems to be related to the functionality of the 'Run tests' workflow rather than its configuration."
Encocretados,uvlhub,Workflow Deploy to Render,"Descripción: El workflow ""Deploy to Render"" está diseñado para automatizar el proceso de despliegue de la aplicación a la plataforma Render cada vez que se realice un push o un pull request hacia la rama main. Este flujo de trabajo garantiza que los cambios más recientes en la rama principal se desplieguen automáticamente en el entorno de producción de Render. Roles: @alepingar desarrollador Reportado por: @AlvaroMartinMunoz Responsable: @alepingar Revisor: @AlvaroMartinMunoz",closed,workflow,Configuration,https://github.com/Encocretados/uvlhub/issues/109,,Other,"The bug report appears to be related to a workflow automation issue, but it does not explicitly mention configuration artifacts or incorrect configurations. It seems more focused on the functionality of the 'Deploy to Render' workflow rather than its configuration."
Encocretados,uvlhub,Workflow Release Automation,"Descripción: El workflow ""Release Automation"" está diseñado para automatizar el proceso de creación de versiones y publicaciones de releases en GitHub basados en los cambios realizados en el repositorio. Este flujo de trabajo se activa por los siguientes eventos: Push a la rama main Pull request hacia la rama main Invocación manual mediante workflow_dispatch Roles: @josmirmar2 desarrollador Reportado por: @AlvaroMartinMunoz Responsable: @josmirmar2 Revisor: @AlvaroMartinMunoz",closed,workflow,Other,https://github.com/Encocretados/uvlhub/issues/108,,Other,"The bug report appears to be related to a workflow automation issue in GitHub, which is more related to the code or process flow rather than a configuration setting."
Encocretados,uvlhub,Workflow Notify PR Activity to All Collaborators,"Descripción: Se ha implementado un workflow automatizado denominado ""Notify PR Activity to All Collaborators"", diseñado para notificar a todos los colaboradores del repositorio sobre cualquier actividad relacionada con los pull requests (PR) que ocurren en la rama main. Este workflow se ejecuta cada vez que se realiza una acción sobre un pull request dirigido a dicha rama o cuando se invoca manualmente mediante workflow_dispatch. Roles: @celiaaguileraa desarrollador Reportado por: @AlvaroMartinMunoz Responsable: @celiaaguileraa Revisor: @AlvaroMartinMunoz",closed,workflow,Other,https://github.com/Encocretados/uvlhub/issues/107,,Other,"The bug report appears to be related to a workflow automation issue, but it does not mention configuration artifacts or incorrect configurations. It seems to be more of a feature request or implementation problem rather than a configuration issue."
Encocretados,uvlhub,Workflow Merge Migrations,"Descripción: Se ha implementado un workflow automatizado denominado ""Merge Migrations"" que se ejecuta cada vez que se realiza un push a la rama main. Este workflow tiene como objetivo manejar las migraciones de base de datos, detectando y resolviendo posibles conflictos entre revisiones de migración en el proyecto Flask. Roles: @alepingar desarrollador Reportado por: @AlvaroMartinMunoz Responsable: @alepingar Revisor: @AlvaroMartinMunoz",closed,workflow,Other,https://github.com/Encocretados/uvlhub/issues/106,,Other,"The bug report appears to be about a workflow automation issue, but it does not mention configuration artifacts or settings. It seems to be related to the implementation of a workflow and its functionality rather than a misconfiguration."
Encocretados,uvlhub,Workflow Publish Image in Docker Hub,"Descripción: Se ha implementado un workflow automatizado denominado ""Auto Fix and Lint Workflow"" diseñado para garantizar la calidad del código mediante la detección y corrección de errores de formato y estilo en los repositorios. Este workflow se activa en cada push a cualquier rama y aplica herramientas de linting y formateo automáticamente. Roles: Todos desarrolladores Reportado por: @AlvaroMartinMunoz Responsable: Todos Revisor: @AlvaroMartinMunoz",closed,workflow,Other,https://github.com/Encocretados/uvlhub/issues/105,,Other,"The bug report appears to be related to a workflow automation issue, specifically with the 'Auto Fix and Lint Workflow' in Docker Hub. While it involves automated processes, there is no clear indication that the problem is caused by misconfigured settings or incorrect parameter values."
Encocretados,uvlhub,Workflow  Commits Syntax Checker and Lint Commits,"Descripción: Se ha implementado un workflow automatizado denominado ""Commits Syntax Checker and Lint Commits"" para validar que los mensajes de los commits sigan el estándar de Conventional Commits. Este workflow asegura que los commits tengan una estructura clara y consistente, facilitando la trazabilidad y la calidad en el historial del repositorio. Roles: @alepingar desarrollador Reportado por: @AlvaroMartinMunoz Responsable: @alepingar Revisor: @AlvaroMartinMunoz",closed,workflow,Other,https://github.com/Encocretados/uvlhub/issues/104,,Other,"The bug report describes an issue with a workflow automation, which is related to code and its validation rather than configuration settings."
Encocretados,uvlhub,Workflow Codacy CI,"Descripción: Se ha implementado un workflow automatizado denominado ""Codacy CI"" para garantizar la calidad del código y la cobertura de pruebas mediante la integración con la herramienta Codacy. Este workflow se ejecuta en eventos clave del repositorio y utiliza un entorno de pruebas basado en MySQL para validar el correcto funcionamiento de la aplicación y enviar métricas de cobertura de código. Roles: @alepingar desarrollador Reportado por: @AlvaroMartinMunoz Responsable: @alepingar Revisor: @AlvaroMartinMunoz",closed,workflow,Other,https://github.com/Encocretados/uvlhub/issues/103,,Other,"The bug report appears to be about a workflow implementation issue, rather than a configuration problem. It mentions the setup of an automated workflow and its integration with Codacy, but does not explicitly mention any configuration artifacts or settings."
Encocretados,uvlhub,Workflow Auto Fix and Lint Workflow,"Descripción: Se ha implementado un workflow automatizado denominado ""Auto Fix and Lint Workflow"" diseñado para garantizar la calidad del código mediante la detección y corrección de errores de formato y estilo en los repositorios. Este workflow se activa en cada push a cualquier rama y aplica herramientas de linting y formateo automáticamente. Roles: @celiaaguileraa desarrollador Reportado por: @AlvaroMartinMunoz Responsable: @celiaaguileraa Revisor: @AlvaroMartinMunoz",closed,workflow,Other,https://github.com/Encocretados/uvlhub/issues/102,,Other,"The bug report appears to be related to a workflow automation issue, but it does not mention configuration artifacts or settings. It seems to be more about the implementation and functionality of the 'Auto Fix and Lint Workflow'."
Encocretados,uvlhub,Workflow auto create issues,"Descripción: Se ha implementado un workflow automatizado denominado ""Create Issues on Bug Detection"" en el sistema de control de versiones para la detección y reporte de errores en una aplicación basada en Flask. Este workflow se activa automáticamente en eventos clave del repositorio y genera issues en caso de detectar fallos. Roles: @josmirmar2 desarrollador Reportado por: @AlvaroMartinMunoz Responsable: @josmirmar2 Revisor: @AlvaroMartinMunoz",closed,workflow,Other,https://github.com/Encocretados/uvlhub/issues/101,,Other,"The bug report mentions a workflow automation issue, which seems to be related to the system's behavior or functionality rather than its configuration. It does not explicitly mention any configuration artifacts or settings."
Encocretados,uvlhub,Bug Detected: Initialization or Accessibility Error,Descripción: Esta issue fue creada automáticamente debido a errores detectados en la rama `main` que impiden la correcta inicialización de la aplicación. Es necesario resolver estos errores para poder continuar con el desarrollo del proyecto. Pasos para reproducir (si es un bug): 1. 2. 3. Resultado Esperado: La aplicación funciona correctamente después de resolver estos errores causados por un fallo inseperado en el código no detectado anteriormente. Reportado por: [Nombre del reportero] Responsable: [Nombre del responsable] Revisor: [Nombre del revisor] Información adicional: [Cualquier información adicional relevante] Prioridad: Alto,closed,"bug, help wanted, high",Other,https://github.com/Encocretados/uvlhub/issues/100,,Other,"The description mentions an 'inseperado' (unintended) error in the code, which suggests a coding defect rather than a configuration issue. The focus is on resolving errors to allow development to continue, indicating a problem with the source code itself."
Encocretados,uvlhub,Bug Detected: Initialization or Accessibility Error,Descripción: Esta issue fue creada automáticamente debido a errores detectados en la rama `main` que impiden la correcta inicialización de la aplicación. Es necesario resolver estos errores para poder continuar con el desarrollo del proyecto. Pasos para reproducir (si es un bug): 1. 2. 3. Resultado Esperado: La aplicación funciona correctamente después de resolver estos errores causados por un fallo inseperado en el código no detectado anteriormente. Reportado por: [Nombre del reportero] Responsable: [Nombre del responsable] Revisor: [Nombre del revisor] Información adicional: [Cualquier información adicional relevante] Prioridad: Alto,closed,"bug, help wanted, high",Other,https://github.com/Encocretados/uvlhub/issues/99,,Other,"The description mentions an 'inseperado' (unintended) error in the code, which suggests a coding defect rather than a configuration issue. The focus is on resolving errors to allow development to continue, indicating a problem with the source code itself."
Encocretados,uvlhub,fix test_synchronize_unsynchronized_datasets.py,"Descripción: Esta issue fue creada debido a fallos detectados en el test test_synchronize_unsynchronized_datasets. Este error impedía que el test verificara correctamente el comportamiento esperado. Pasos para reproducir (si es un bug): 1. Ejecutar el test test_synchronize_unsynchronized_datasets en la rama main. 2. Observar que el test falla debido a un error en la configuración del contexto de la aplicación. 3. Verificar que las operaciones mockeadas no se ejecutan correctamente por la ausencia del contexto adecuado. Resultado Esperado: El test test_synchronize_unsynchronized_datasets debe pasar correctamente después de los cambios, asegurando que el contexto de la aplicación se configure adecuadamente y las operaciones mockeadas se ejecuten según lo esperado. Reportado por: @lucianoya Responsable: @lucianoya Revisor: @paulalunanavarro",closed,"bug, high",Other,https://github.com/Encocretados/uvlhub/issues/98,,Configuration,"The bug report mentions 'error en la configuración del contexto de la aplicación' which translates to 'error in the application context configuration', indicating that the issue is related to incorrect or missing configurations."
Encocretados,uvlhub,Workflow check commit size,"Descripción: Se implementará un nuevo workflow automatizado en el sistema de control de versiones que verificará el tamaño de los commits realizados por los desarrolladores. Este workflow tendrá las siguientes características principales: Verificación del tamaño del commit: Se analizará el número de líneas añadidas, eliminadas o modificadas en cada commit. Si el tamaño del commit excede un umbral predefinido (1500), el workflow emitirá una alerta o rechazará el commit Roles: @AlvaroMartinMunoz desarrollador Reportado por: @AlvaroMartinMunoz Responsable: @AlvaroMartinMunoz",closed,workflow,Other,https://github.com/Encocretados/uvlhub/issues/97,,Other,"The bug report describes a new automated workflow to be implemented in the version control system, which involves checking commit size. However, it does not mention any configuration issues or misconfigured settings that could lead to unexpected behavior."
Encocretados,uvlhub,BUG: FAILED dataset test when running pytest (Zenodo),"Descripción: Al correr 'pytest' en una terminal (teniendo uvlhub deplegado en local con flask, obviamente) aparecen dos pruebas no exitosas. Esta Issue corresponde a la segunda, adjunto output abajo: FAILED app/modules/dataset/tests/test_selenium.py::test_upload_unsynchronized_dataset_to_zenodo - selenium.common.exceptions.SessionNotCreatedException: Message: session not created Pasos para reproducir: 1. Desplegar en local usando flask 2. Iniciar 'pytest' Resultado Esperado: Todas las pruebas sin errores. Roles: Reportado por: @RaulToro Responsable: @meryknows Revisor: @alvvc02",open,"bug, low",Configuration,https://github.com/Encocretados/uvlhub/issues/96,,Other,"The bug report describes a failed test case when running pytest, but it does not mention any configuration artifacts or settings. The issue seems to be related to the selenium test failing due to a session not being created, which is more likely a code defect rather than a configuration issue."
Encocretados,uvlhub,BUG: FAILED dataset test when running pytest,"Descripción: Al correr 'pytest' en una terminal (teniendo uvlhub deplegado en local con flask, obviamente) aparecen dos pruebas no exitosas. Esta Issue corresponde a la primera, adjunto output abajo: FAILED app/modules/dataset/tests/test_selenium.py::test_upload_dataset - selenium.common.exceptions.NoSuchElementException: Message: no such element: Unable to locate element: {""method"":""css selector"",""selector"":""[name=""title""]""} Pasos para reproducir: 1. Desplegar en local usando flask 2. Iniciar 'pytest' Resultado Esperado: Todas las pruebas sin errores. Roles: Reportado por: @RaulToro Responsable: @meryknows Revisor: @alvvc02",open,"bug, low",Other,https://github.com/Encocretados/uvlhub/issues/95,,Other,"The bug report describes a failed test due to an unexpected element not found in the Selenium test. Although it involves running tests and deployment, there is no clear indication that the issue is caused by misconfigured settings or incorrect parameter values."
Encocretados,uvlhub,fix test_unit.py,"Descripción: Esta issue fue creada debido a errores detectados en la rama main que impiden la correcta ejecución de los tests relacionados con el modelo FeatureModel. Es necesario corregir estos problemas para garantizar que los tests funcionen correctamente y permitan continuar con el desarrollo del proyecto. Pasos para reproducir (si es un bug): 1. Ejecutar los tests unitarios en la rama main con pytest. 2. Observar los fallos relacionados con la configuración de mock y las llamadas esperadas a la base de datos. 3. Verificar que los métodos mockeados no se están llamando correctamente o no cumplen las expectativas de los tests. Resultado Esperado: Todos los tests de FeatureModel deben pasar correctamente después de corregir los errores, simulando las interacciones con la base de datos sin afectar al comportamiento general de la aplicación. Reportado por: @lucianoya Responsable: @lucianoya Revisor: @paulalunanavarro Información adicional: Prioridad: Alto",closed,"bug, high",Configuration,https://github.com/Encocretados/uvlhub/issues/94,,Other,"The bug report mentions issues with test execution and incorrect behavior of mock methods in tests, but it does not explicitly mention configuration artifacts or settings. It seems to be a code defect rather than a configuration issue."
Encocretados,uvlhub,Test unit for featuremodel,Descripción: Se deben añadir nuevos tests unitarios para la clase FeatureModel con el objetivo de validar su creación y manipulación. Roles: @lucianoya  Tester Reportado por: @lucianoya Responsable: @lucianoya Revisor: @paulalunanavarro,closed,"medium, test",Other,https://github.com/Encocretados/uvlhub/issues/92,,Other,The bug report is about adding new unit tests for a class (FeatureModel) and does not mention configuration artifacts or settings. It appears to be related to code development rather than system configuration.
Encocretados,uvlhub,Version name,"Se presenta un problema con el versionado en el flujo de trabajo de semantic-release. Al ejecutar el proceso, la etiqueta de versión no se actualiza correctamente y sigue mostrando la versión 0.1.0 en lugar de la nueva versión esperada (por ejemplo, 0.2.0). Esto sucede incluso cuando el commit y el flujo deberían generar una nueva versión. Parece que la etiqueta anterior no está siendo sobrescrita o actualizada correctamente. Pasos para reproducir: Ejecutar el flujo de trabajo de semantic-release después de haber hecho cambios en el código. Confirmar que la etiqueta 0.1.0 ya existe en el repositorio remoto. Verificar que el flujo debería generar la nueva versión, como 0.2.0, pero la etiqueta no cambia y sigue mostrando 0.1.0. Intentar realizar un commit vacío con un mensaje de tipo chore(release): 0.2.0 [skip ci]. Resultado Esperado: Después de ejecutar el flujo de trabajo, la etiqueta de la nueva versión debería actualizarse correctamente (por ejemplo, de 0.1.0 a 0.2.0) y reflejarse en el repositorio remoto. Resultado Obtenido: A pesar de que el flujo de trabajo se ejecuta correctamente, la etiqueta sigue mostrando 0.1.0, incluso cuando la versión debería haber cambiado. Roles: Reportado por: @alepingar Responsable: @alepingar Revisor: @alepingar Información adicional: Las versiones y etiquetas no se actualizan correctamente cuando existen etiquetas previas. El flujo de trabajo está configurado para aumentar la versión automáticamente, pero parece no estar sobrescribiendo correctamente las etiquetas existentes. El archivo de configuración de semantic-release se encuentra configurado para un flujo de trabajo con el commit-analyzer y otros plugins relevantes.",closed,"bug, medium",Configuration,https://github.com/Encocretados/uvlhub/issues/90,,Configuration,"The bug report mentions a problem with the versioning process in semantic-release, which is related to configuration settings. The issue seems to be caused by incorrect or missing configurations, specifically the failure to update the tag correctly when there are existing tags."
Encocretados,uvlhub,fix test_locust_dataset.py,Descripción: Arreglar test de locust del WI Staging area para que pasen todos los test Roles: @paulalunanavarro Tester Reportado por: @lucianoya Responsable: @paulalunanavarro Revisor: @lucianoya,closed,"bug, test",Other,https://github.com/Encocretados/uvlhub/issues/89,,Other,"The bug report appears to be related to a code defect in the 'test_locust_dataset.py' file rather than a configuration issue. The description mentions fixing a test, which suggests a problem with the source code or its execution."
Encocretados,uvlhub,Bug Detected: Initialization or Accessibility Error,Descripción: Esta issue fue creada automáticamente debido a errores detectados en la rama `main` que impiden la correcta inicialización de la aplicación. Es necesario resolver estos errores para poder continuar con el desarrollo del proyecto. Pasos para reproducir (si es un bug): 1. 2. 3. Resultado Esperado: La aplicación funciona correctamente después de resolver estos errores causados por un fallo inseperado en el código no detectado anteriormente. Reportado por: [Nombre del reportero] Responsable: [Nombre del responsable] Revisor: [Nombre del revisor] Información adicional: [Cualquier información adicional relevante] Prioridad: Alto,closed,"bug, help wanted, high",Other,https://github.com/Encocretados/uvlhub/issues/83,,Other,The description mentions 'errores detectados en el código' which suggests that the issue is related to a code defect rather than a configuration problem.
Encocretados,uvlhub,Bug Detected: Initialization or Accessibility Error,Descripción: Esta issue fue creada automáticamente debido a errores detectados en la rama `main` que impiden la correcta inicialización de la aplicación. Es necesario resolver estos errores para poder continuar con el desarrollo del proyecto. Pasos para reproducir (si es un bug): 1. 2. 3. Resultado Esperado: La aplicación funciona correctamente después de resolver estos errores causados por un fallo inseperado en el código no detectado anteriormente. Reportado por: [Nombre del reportero] Responsable: [Nombre del responsable] Revisor: [Nombre del revisor] Información adicional: [Cualquier información adicional relevante] Prioridad: Alto,closed,"bug, help wanted, high",Other,https://github.com/Encocretados/uvlhub/issues/82,,Other,"The description mentions an 'inseperado' (unintended) error in the code, which suggests a coding defect rather than a configuration issue. The focus is on resolving errors to allow development to continue, indicating a problem with the source code itself."
Encocretados,uvlhub,CHANGE WI Build dataset por Rate datasets / models,Descripción: La implementación del WI conllevó una serie de problemas que terminaban dando la inviabilidad de su desarrollo de tal manera que se decidió intercambiarlo por el de rating de datasets. Pasos para reproducir: Editar  el nombre de la issue Build-dataset 16 por Rate Datasets y su descrpción. Editar  el nombre de la issue Test Build-dataset 47  por Test Rate Datasets y su descrpción. Resultado Esperado: Tener más coherencia y no encontrar en nuestro proyecto de incidencias alguna  que esté relacionada con un WI que no se va a implementar. Roles: Reportado por: @alvvc02 Responsable: @meryknows Revisor: @alvvc02,closed,"enhancement, good first issue, medium",Other,https://github.com/Encocretados/uvlhub/issues/80,,Other,"The bug report appears to be about a change in the project's workflow or implementation, rather than a configuration issue. It involves editing issue names and descriptions, which suggests a code or process change rather than a misconfiguration."
Encocretados,uvlhub,FIX Dashboard en rama erronea,"Descripción: La implementación del WI se realizó en la página inicial y se subió incorrectamente a la rama cocretahub2, la cual se dejó en desuso debido a que impedía la correcta integración continua. Debiéndose subir a la rama main cuando estuviera completado. Como tanto su implementación como su ubicación en la rama son erróneas se decidirá implementar de nuevo el WI en una nueva rama llamada dashboard2. Pasos para reproducir: Crear la rama dashboard2 desde main. Implementar el botón tal y como dice la issue Dashboard 36 y buscar datos más representativos que los presentados en su antigua descripción. Resultado Esperado: Encontrar un botón llamado Dashboard en el panel lateral que me lleve al dashboard con todo tipo de representaciones  gráficas de los datos. Roles: Reportado por: @alvvc02 Responsable: @alvvc02 Revisor: @meryknows",closed,"enhancement, help wanted, medium",Other,https://github.com/Encocretados/uvlhub/issues/79,,Configuration,"The bug report mentions incorrect implementation and location of a feature in the wrong branch (cocretahub2), which is left unused, indicating a configuration issue."
Encocretados,uvlhub,IA model,Descripción: Después de integrar varios modelos de ia de unas cuantas plataformas no da respuestas coherentes Resultado Esperado: Que la ia de respuestas sensatas Roles: @AlvaroMartinMunoz developer Reportado por: @alepingar Responsable: @AlvaroMartinMunoz Revisor: @alepingar,closed,"bug, high",Other,https://github.com/Encocretados/uvlhub/issues/74,,Other,"The bug report does not mention configuration artifacts or describe incorrect or missing configurations. It seems to be related to the integration of IA models and their performance, which could be a code defect rather than a configuration issue."
Encocretados,uvlhub,fix test_locust_dataset.py,Descripción: Arreglar test de locust del WI Staging area para que pasen todos los test Roles: @paulalunanavarro Tester Reportado por: @lucianoya Responsable: @paulalunanavarro Revisor: @lucianoya,closed,"bug, low, test",Other,https://github.com/Encocretados/uvlhub/issues/72,,Other,"The bug report does not mention configuration artifacts or describe incorrect or missing configurations. It appears to be related to a code defect in the test_locust_dataset.py file, which is being fixed."
Encocretados,uvlhub,Bug Detected: Initialization or Accessibility Error,Descripción: Esta issue fue creada automáticamente debido a errores detectados en la rama `main` que impiden la correcta inicialización de la aplicación. Es necesario resolver estos errores para poder continuar con el desarrollo del proyecto. Pasos para reproducir (si es un bug): 1. 2. 3. Resultado Esperado: La aplicación funciona correctamente después de resolver estos errores causados por un fallo inseperado en el código no detectado anteriormente. Reportado por: [Nombre del reportero] Responsable: [Nombre del responsable] Revisor: [Nombre del revisor] Información adicional: [Cualquier información adicional relevante] Prioridad: Alto,closed,"bug, help wanted, high",Other,https://github.com/Encocretados/uvlhub/issues/71,,Other,"The description mentions an 'inseperado' (unintended) error in the code, which suggests a coding defect rather than a configuration issue. The focus is on resolving errors to allow development to continue, indicating a problem with the source code itself."
Encocretados,uvlhub,Bug Detected: Initialization or Accessibility Error,Descripción: Esta issue fue creada automáticamente debido a errores detectados en la rama `main` que impiden la correcta inicialización de la aplicación. Es necesario resolver estos errores para poder continuar con el desarrollo del proyecto. Pasos para reproducir (si es un bug): 1. 2. 3. Resultado Esperado: La aplicación funciona correctamente después de resolver estos errores causados por un fallo inseperado en el código no detectado anteriormente. Reportado por: [Nombre del reportero] Responsable: [Nombre del responsable] Revisor: [Nombre del revisor] Información adicional: [Cualquier información adicional relevante] Prioridad: Alto,closed,"bug, help wanted, high",Other,https://github.com/Encocretados/uvlhub/issues/69,,Other,"The description mentions an 'inseperado' (unintended) error in the code, which suggests a coding defect rather than a configuration issue. The focus is on resolving errors to allow development to continue, indicating a problem with the source code itself."
Encocretados,uvlhub,Bug Detected: Initialization or Accessibility Error,Descripción: Esta issue fue creada automáticamente debido a errores detectados en la rama `main` que impiden la correcta inicialización de la aplicación. Es necesario resolver estos errores para poder continuar con el desarrollo del proyecto. Pasos para reproducir (si es un bug): 1. 2. 3. Resultado Esperado: La aplicación funciona correctamente después de resolver estos errores causados por un fallo inseperado en el código no detectado anteriormente. Reportado por: [Nombre del reportero] Responsable: [Nombre del responsable] Revisor: [Nombre del revisor] Información adicional: [Cualquier información adicional relevante] Prioridad: Alto,closed,"bug, help wanted, high",Other,https://github.com/Encocretados/uvlhub/issues/68,,Other,The description mentions 'errores detectados en el código' which suggests that the issue is related to a code defect rather than a configuration problem.
Encocretados,uvlhub,BUG: Delete de logs from the repository,Sin descripción,closed,"bug, help wanted, high",Other,https://github.com/Encocretados/uvlhub/issues/66,,Other,The provided information does not mention configuration artifacts or settings. The title and description do not provide enough context to determine if it's a configuration issue.
Encocretados,uvlhub,BUG: Modification of the document requirement.txt,"Descripción: El archivo requirement.txt, debido a un fallo de un compañero anónimo tras intentar hacer merge en una rama con la main, no se habían eliminado lineas y texto innecesario (texto como >>>>>>> HEAD). Debido a este fallo al resto de compañeros, cuando intentamos hacer cualquier pull request ras haber hecho merge con la main, daban fallos en el codacy. Pasos para reproducir: Modificar el archivo requirement.txt Resultado Esperado: De nuevo, al intentar hacer en una rama merge con la main ya no debería de dar ese error colectivo Roles: Reportado por: @josmirmar2 Responsable: @ramvergar Revisor: @ramvergar Información adicional (si aplica): Ha sido reportado con ayuda de nuestra tutora en el trabajo",closed,"bug, help wanted, high",Other,https://github.com/Encocretados/uvlhub/issues/65,,Other,"The issue described in the bug report is related to a code defect (unwanted lines and text in the requirement.txt file) rather than a configuration issue. It involves modifying the file itself, not its configuration settings."
Encocretados,uvlhub,Fakenodo integration with doi,"Descripción: El módulo de fakenodo no se elaboraba correctamente. Seguía utiliando zenodo para elaborar las llamadas de la API, y además el mismo módulo tenía fallos internos, como un fallo interno debido al publication_doi del dataset. Se debe de re-elaborar este módulo de nuevo para solventar estos problemas y se debe re integrar correctamente el fakenodo con el dataset. Pasos para reproducir: Hacer que dataset no dependa de zenodo Integrar correctamente el fakenodo con el módulo de dataset Modificar el servicio, elaborándolo de nuevo y corrigiendo errores internos posibles Corregir el problema específico relacionado con el publication_doi Resultado Esperado: Que funcione correctamente el crear un nuevo dataset, con y sin publication_doi, y se elabore mediante fakenodo, sin depender de nuevo de zenodo. Roles: Reportado por: @josmirmar2 Responsable: @josmirmar2 Revisor: @ramvergar Información adicional (si aplica):",closed,"enhancement, high",Other,https://github.com/Encocretados/uvlhub/issues/64,,Other,"The bug report describes a problem with the Fakenodo integration module, specifically issues with API calls and internal errors. While it mentions modifying services and correcting errors, there is no clear indication that the issue is caused by misconfigured settings or incorrect parameter values. The focus seems to be on code defects rather than configuration issues."
Encocretados,uvlhub,Selenium test for Staging Area,"Descripción: Se deben desarrollar los casos de prueba para validar la funcionalidad para poder subir datasets a la plataforma UVLHub sin enviarlos directamente a Zenodo, de manera que se guarden en un área de staging dentro de UVLHub para poder editarlos con el tiempo y, cuando esté listo para hacerlos permanentes, poder presionar un botón que diga ""subir a Zenodo"". Roles: @lucianoya  Tester Reportado por: @paulalunanavarro Responsable: @lucianoya Revisor: @paulalunanavarro",closed,"high, test",Other,https://github.com/Encocretados/uvlhub/issues/59,,Other,"The bug report is about developing test cases for a specific feature, rather than describing an issue caused by misconfigured settings or incorrect parameter values."
Encocretados,uvlhub,Test Create communities,"Descripción: Implementar pruebas unitarias, de carga y de interfaz para la funcionalidad de gestión de comunidades. Estas pruebas deben cubrir la creación de comunidades, visualización de comunidades existentes, exploración de datasets públicos, unirse o abandonar comunidades, y la gestión de visibilidad de datasets (público/privado). Asegurarse de que las funcionalidades cumplan con los requisitos definidos en la issue principal y documentar los casos y resultados obtenidos. Roles: @alenicbra tester Reportado por: @alenicbra Responsable: @alenicbra Revisor: @josmirmar2",open,"high, test",Other,https://github.com/Encocretados/uvlhub/issues/58,,Other,"The bug report is about implementing unit tests, load tests, and interface tests for community management functionality. It does not mention any configuration issues or misconfigured settings."
Encocretados,uvlhub,Test Sign-up-validation,"Descripción: Se deben crear casos de prueba para validar el proceso de registro, asegurando la correcta verificación de datos, manejo de errores y cumplimiento de políticas de seguridad y privacidad. Roles: @RaulToro  Tester Reportado por: @RaulToro Responsable: @RaulToro Revisor: @VictoriaCRD",closed,"low, test",Other,https://github.com/Encocretados/uvlhub/issues/54,,Other,The bug report is about creating test cases for sign-up validation and does not mention configuration artifacts or settings. It appears to be a task related to testing and quality assurance rather than a configuration issue.
Encocretados,uvlhub,Test view-user-profile,"Descripción: Se deben crear casos de prueba para validar la visualización, edición y actualización de perfiles de usuario, asegurando la carga correcta de datos, interacción con componentes dinámicos y seguridad en el manejo de información sensible. Roles: @VictoriaCRD  Tester Reportado por: @VictoriaCRD Responsable: @VictoriaCRD Revisor: @RaulToro",open,"low, test",Other,https://github.com/Encocretados/uvlhub/issues/53,,Other,The bug report is about creating test cases for user profile functionality and does not mention configuration artifacts or settings.
Encocretados,uvlhub,Test Fakenodo,"Descripción: Se deben desarrollar los casos de prueba para validar la funcionalidad del módulo ""Fakenodo"", comprobando lcada una de las funcionalidades del servicio elaborado junto con unos tests de carga para comprobar cada ruta creada. En los tests unitarios se comprobará tanto los casos positivos como los negativos posibles. Roles: @josmirmar2  Tester Reportado por: @josmirmar2 Responsable: @josmirmar2 Revisor: @celiaaguileraa",closed,"medium, test",Other,https://github.com/Encocretados/uvlhub/issues/52,,Other,"The bug report is about developing test cases for a module 'Fakenodo', which does not seem to be related to configuration issues. It appears to be a task request for testing and development rather than a description of an existing issue caused by misconfigured settings."
Encocretados,uvlhub,Fakenodo BUG,"Descripción: Se desea cambiar el modulo de fakenodo elaborado. Se debe cambiar el modulo de fakenodo para que devuelva una respuesta JSON creada por el desarrollador, sin tener que preguntar a la API. Es decir, hacer un módulo similar al zenodo pero sin tener que preguntar a la API para conseguir la respuesta JSON. Pasos para reproducir: 1. Deshacer las modificaciones realizadas en el zenodo 2. Modificar el servicio del fakenodo, donde se encuentra principalmente el problema (está vacío) 3. Modificar el archivo donde se incluyen las rutas 4. Modificar el modelo del fakenodo 5. Modificar el módulo de dataset para que simule el crear un nuevo datset dependiendo de fakenodo Resultado Esperado: Al intentar crear un dataset nuevo, sin el publication_doi, se pueda actualizar correctamente, pero sin depender del zenodo Roles: Reportado por: @josmirmar2 Responsable: @josmirmar2 Revisor: @ramvergar Información adicional (si aplica): En un inicio, el servicio se creó y se mantuvo vacío, elaborando otro conjunto de rutas en el archivo correspondiente a este que estaban hechos de forma erronea. Es por ello que estos dos cambios, junto con los tests elaborados son dos de los cambios más relevantes.",closed,"bug, help wanted, high",Other,https://github.com/Encocretados/uvlhub/issues/50,,Other,"The bug report describes a request to modify the Fakenodo module to return a JSON response created by the developer without querying the API, which is more related to code changes and refactoring rather than configuration issues."
Encocretados,uvlhub,Test Advance-filtering,"Descripción: Se deben desarrollar los casos de prueba para validar la funcionalidad de la pestaña ""Explore"", verificando los filtros avanzados, que permiten hacer una busqueda mas avanzada entre todos los datasets. Roles: @ramvergar Tester Reportado por: @ramvergar Responsable: @ramvergar Revisor: @celiaaguileraa",closed,"medium, test",Other,https://github.com/Encocretados/uvlhub/issues/48,,Other,"The bug report is about developing test cases for a feature, not reporting an existing issue with the system's configuration."
Encocretados,uvlhub,Test  Rate datasets / models,"Descripción: Se deben desarrollar los casos de prueba para validar la valoración de un nuevo dataset o modelo, comprobando que se puede valorar un datasets solo si estas iniciado y solamente del 1 al 5 y viendo luego que tu valoración hace media con las anteriores, asegurando que todo funcione según lo especificado. Roles: @alvvc02 Tester Reportado por: @alvvc02 Responsable: @alvvc02 Revisor: @meryknows",closed,"medium, test",Other,https://github.com/Encocretados/uvlhub/issues/47,,Other,"The bug report primarily involves developing test cases for a new dataset or model validation, which is related to testing and code development rather than configuration settings."
Encocretados,uvlhub,Test Dashboard,"Descripción: Se deben desarrollar los casos de prueba para validar la funcionalidad de la pestaña ""Dashboard"", verificando los filtros por estado para datasets y modelos, la búsqueda por título o descripción, y asegurando que todo funcione correctamente según los requisitos. Roles: @meryknows Tester Reportado por: @alvvc02 Responsable: @meryknows Revisor: @alvvc02",closed,"medium, test",Other,https://github.com/Encocretados/uvlhub/issues/46,,Other,"The bug report is about developing test cases for a feature, not an existing issue with the system's configuration or behavior."
Encocretados,uvlhub,Test Download-all-datasets,"Descripción: se realizarán pruebas para comprobar la funcionalidad. Se validará el diseño e implementación del botón de descarga de datasets, verificarán que el botón se muestre correctamente en la pantalla inicial, que sea funcional y permita la descarga de todos los datasets al ser presionado. Además, se comprobará que la funcionalidad interna esté correctamente implementada, asegurando que todos los datasets se compriman en un archivo ZIP sin errores. Roles: @josmirmar2 @celiaaguileraa Reportado por: @celiaaguileraa Responsable: @josmirmar2 Revisor: @alenicbra",closed,"medium, test",Other,https://github.com/Encocretados/uvlhub/issues/43,,Other,"The bug report appears to be a test case description for verifying the functionality of a button in an application. It does not mention configuration artifacts, incorrect or missing configurations, system setup, deployment, or runtime settings. Therefore, it is classified as 'Other' rather than a configuration issue."
Encocretados,uvlhub,Test improveUI,"Descripción: Se realizarán las pruebas para validarla funcionalidad, de manera que las modificaciones de la interfaz de usuario en la visualización de datasets comprueben que los datos se rendericen correctamente, que los botones sean funcionales y sigan los nuevos estándares de diseño, además que elementos como tipografía, espaciado y alineación sean visualmente coherentes y responsivos. Roles: @celiaaguileraa @josmirmar2 Reportado por: @celiaaguileraa Responsable: @celiaaguileraa Revisor: @ramvergar",closed,"medium, test",Other,https://github.com/Encocretados/uvlhub/issues/42,,Other,"The bug report appears to be related to testing and validating the functionality of a user interface improvement, rather than an issue with configuration settings."
Encocretados,uvlhub,Issue with registering developer in the database,"Descripción: Al registrar un usuario como desarrollador, el campo is_developer en la base de datos permanece con el valor 0 en lugar de actualizarse a 1. Esto genera inconsistencias, ya que el usuario no se reconoce como desarrollador aunque se haya registrado con los datos adicionales. Resultado Esperado: El campo is_developer en la base de datos debería actualizarse a 1 al registrar un usuario como desarrollador. Roles: @paulalunanavarro  developer Reportado por: @lucianoya Responsable: @paulalunanavarro Revisor: @lucianoya",closed,"bug, high",Other,https://github.com/Encocretados/uvlhub/issues/41,,Configuration,The issue involves an incorrect database setting (is_developer field not updating to 1) which is a configuration-related problem rather than a code defect.
Encocretados,uvlhub,Test register-developer,Descripción: Se deben desarrollar los casos de prueba para validar la funcionalidad de registrarse y autenticarse como developer al acceder a la aplicación. Los tests deben garantizar que el comportamiento cumple con los requisitos establecidos y que se implementaron correctamente las mejores prácticas de seguridad y autenticación. Roles: @lucianoya  Tester Reportado por: @lucianoya Responsable: @lucianoya Revisor: @paulalunanavarro,closed,"low, test",Other,https://github.com/Encocretados/uvlhub/issues/39,,Other,"The bug report is about developing test cases for a registration and authentication feature as a developer, which does not seem to be related to configuration issues. It's more focused on testing and ensuring the correct implementation of security and authentication practices."
Encocretados,uvlhub,Test Staging-area,"Descripción:  Se deben desarrollar los casos de prueba para validar la funcionalidad para poder subir datasets a la plataforma UVLHub sin enviarlos directamente a Zenodo, de manera que se guarden en un área de staging dentro de UVLHub para poder editarlos con el tiempo y, cuando esté listo para hacerlos permanentes, poder presionar un botón que diga ""subir a Zenodo"". Roles: @paulalunanavarro   Tester Reportado por: @lucianoya Responsable: @paulalunanavarro Revisor: @lucianoya",closed,"high, test",Other,https://github.com/Encocretados/uvlhub/issues/38,,Other,The bug report is about developing test cases for a specific feature and does not mention any configuration issues or settings. It appears to be related to the development of new functionality rather than a problem caused by misconfigured settings.
Encocretados,uvlhub,Test generate api-tokens,Descripción: Se deben desarrollar los casos de prueba para validar la funcionalidad de generación de access tokens al iniciar sesión. Los tests deben garantizar que el comportamiento cumple con los requisitos establecidos y que se implementaron correctamente las mejores prácticas de seguridad y autenticación. Roles: @alepingar  Tester Reportado por: @AlvaroMartinMunoz Responsable: @alepingar Revisor: @AlvaroMartinMunoz,closed,"low, test",Other,https://github.com/Encocretados/uvlhub/issues/37,,Other,"The bug report is about developing test cases for API token generation and ensuring security and authentication best practices are implemented correctly. It does not mention configuration artifacts or settings, but rather a requirement to develop tests."
Encocretados,uvlhub,Dashboard,"**Descripción:** Se añadirá una nueva pestaña en el Menú  llamada “Dashboard” en la que se mostrará un registro de los datasets y los modelos seleccionados, pudiendo filtrar cada uno por su estado, en el caso de los datasets : “Completed”, “In Progress” o “With Errors” haciendo referencia a los datasets completados, en progreso y con errores,  y en el caso de los modelos : “Applied”, “In Progress”, “Stopped” haciendo referencia a los modelos aplicados, en progreso o esperando a ser aplicados  y poder buscarlos por título, descripción, etc. **Roles:** @alvvc02  developer **Reportado por:** @alvvc02 **Responsable:** @alvvc02 **Revisor:** @meryknows",closed,"enhancement, medium",Other,https://github.com/Encocretados/uvlhub/issues/36,,Other,"The bug report describes a feature request or an enhancement to add a new tab in the menu called 'Dashboard' with filtering capabilities for datasets and models. It does not mention any configuration artifacts, incorrect configurations, or system setup issues."
Encocretados,uvlhub,Create-communities(features),Funcionalidades del WI Create-communities,closed,high,Other,https://github.com/Encocretados/uvlhub/issues/35,,Other,"The provided information does not mention configuration artifacts, incorrect or missing configurations, system setup, deployment, runtime settings, or unintended interactions between configuration settings. It appears to be a general issue report with no specific details about the nature of the problem."
Encocretados,uvlhub,Cookies api token issue,Descripción: Quiero coger la response con las cookies que contiene al token para ver si es valido o invalido y me da error ya que no me deja obtenerlas de ninguna forma. Resultado Esperado: Recuperar las cookies del usuario del que quiero comprobar el token Roles: @AlvaroMartinMunoz developer Reportado por: @alepingar Responsable: @AlvaroMartinMunoz Revisor: @alepingar,closed,"bug, high",Other,https://github.com/Encocretados/uvlhub/issues/34,,Other,"The issue seems to be related to a code defect or an API interaction problem rather than a configuration issue. The description mentions trying to obtain cookies and token validation, which suggests a coding or API integration issue."
Encocretados,uvlhub,Fixing register-developer PR to main,Description: Fixing merging register-developer branch to main branch. Steps to follow: Responsible: @paulalunanavarro @lucianoya Revisor: @alepingar,closed,"bug, high",Other,https://github.com/Encocretados/uvlhub/issues/32,,Other,"The provided information does not mention configuration artifacts or describe a problem related to system setup, deployment, or runtime settings. It appears to be a standard bug report for a merge issue in a GitHub repository."
Encocretados,uvlhub,Plantilla Issues BUGS,Descripción: Describe el problema o la funcionalidad que se está solicitando. Pasos para reproducir (si es un bug): 1. 2. 3. Resultado Esperado: Roles: Reportado por: @usuario Responsable: @usuario Revisor: @usuario Información adicional (si aplica):,open,bug,Other,https://github.com/Encocretados/uvlhub/issues/29,,Other,"The provided information does not mention configuration artifacts, incorrect or missing configurations, system setup, deployment, or runtime settings. It appears to be a general bug report without specific details about the issue being reported."
Encocretados,uvlhub,Plantilla Issues NO BUGS,Descripción: Describe el problema o la funcionalidad que se está solicitando. Reportado por: @usuario Responsable: @usuario Revisor: @usuario Información adicional (si aplica): .,open,Sin etiquetas,Other,https://github.com/Encocretados/uvlhub/issues/28,,Other,"The bug report does not mention any configuration artifacts, incorrect or missing configurations, system setup, deployment, or runtime settings. It appears to be a general issue report without specific details about the problem."
Encocretados,uvlhub,Staging-area,"Descripción: Se debe implementar la funcionalidad para permitir a los usuarios de UVLHub cargar y gestionar datasets de manera temporal en un área de staging dentro de la plataforma. En lugar de enviar los datasets directamente a Zenodo, los usuarios tendrán un espacio intermedio para realizar ediciones o revisiones antes de la publicación final, ofreciendo así mayor control sobre sus datasets. Roles: @lucianoya developer Reportado por: @lucianoya Responsable: @lucianoya Revisor: @paulalunanavarro",closed,"enhancement, high",Other,https://github.com/Encocretados/uvlhub/issues/20,,Other,The bug report is about implementing a new feature (staging area) and does not mention any configuration issues or misconfigured settings. It seems to be related to the development of a new functionality rather than a problem caused by incorrect configurations.
Encocretados,uvlhub,Advance-filtering,"Descripción: Se ha añadido la funcionalidad de filtros avanzados para mejorar la búsqueda y organización de datos en la plataforma relacionado con los datasets almacenados en el sistema. Los usuarios pueden aplicar múltiples criterios de filtrado simultáneamente, como rango de fechas, atributos específicos de datasets o palabras clave, permitiendo obtener resultados más precisos y relevantes de la forma más veloz posible, actualizándose de forma instantánea. Reportado por: @ramvergar Responsable: @ramvergar Revisor: @celiaaguileraa Información adicional: Prioridad: Alta @ramvergar  se encargará de todo el funcionamiento interno relacionado con el filtro avanzado descrito anteriormente, permitiendo tener una búsqueda mucho más eficiente de los datasets. Por otro lado, deberá elaborar tanto pruebas exhaustivas como la visualización necesaria para que los usuarios puedan utilizar esta nueva funcionalidad.",closed,"enhancement, high",Other,https://github.com/Encocretados/uvlhub/issues/19,,Other,"The bug report describes the addition of a new feature (advanced filtering) and its functionality, but does not mention any configuration issues or misconfigured settings. It appears to be related to code development and testing rather than system configuration."
Encocretados,uvlhub,Create-communities,"Descripción:  Se ha añadido la funcionalidad para gestionar comunidades dentro de la plataforma. Los usuarios deberían poder crear comunidades, visualizar una lista de comunidades existentes y explorar sus datasets públicos, y Unirse o abandonar comunidades. Además, se ha de incorporar una nueva metodología por la cual se permitan ver los datasets públicos para los miembros de una comunidad. Por otro lado, los usuarios debería poder cambiar la visibilidad de un dataset entre público y privado. Reportado por: @alenicbra Responsable: @alenicbra Revisor: @josmirmar2 Información adicional: Prioridad: Alta @alenicbra se encargará de todo el funcionamiento interno relacionado con las comunidades descrito anteriormente. Por otro lado, deberá elaborar tanto pruebas exhaustivas como la visualización necesaria para que los usuarios puedan utilizar esta nueva funcionalidad.",open,"enhancement, high",Other,https://github.com/Encocretados/uvlhub/issues/18,,Other,"The bug report describes a new feature addition and its requirements, but does not mention any configuration issues or settings. It appears to be related to code development and testing rather than system configuration."
Encocretados,uvlhub,Generate-api-tokens,"Descripción: Se debe implementar la funcionalidad para generar un access token al iniciar sesión. El access token será utilizado para autenticar y autorizar las solicitudes realizadas por el usuario dentro del sistema. Este token debe ser generado siguiendo las mejores prácticas de seguridad, como incluir un tiempo de expiración, y estar encriptado. Roles: @AlvaroMartinMunoz developer Reportado por: @AlvaroMartinMunoz Responsable: @AlvaroMartinMunoz Revisor: @alepingar",closed,"enhancement, low",Other,https://github.com/Encocretados/uvlhub/issues/17,,Other,"The bug report is about implementing a new feature (generating API tokens) rather than addressing an existing configuration issue. It does not mention any configuration artifacts, incorrect or missing configurations, system setup, deployment, or runtime settings."
Encocretados,uvlhub,Rate datasets / models,"**Descripción:** Como usuario, quiero poder valorar los conjuntos de datos y/o los modelos de características del repositorio. **Roles:** @meryknows developer **Reportado por:** @alvvc02 **Responsable:** @meryknows **Revisor:** @alvvc02",closed,"enhancement, medium",Other,https://github.com/Encocretados/uvlhub/issues/16,,Other,"The bug report is about adding a feature to rate datasets/models, which does not seem to be related to configuration settings or system setup. It appears to be an enhancement request for the application's functionality."
Encocretados,uvlhub,Download-all-datasets,"Descripción: Se elaborará el diseño en un inicio de un botón en la pantalla inicial para poder realizar la descarga de todos los datasets. Esto incluye realizar cambios en el funcionamiento interno de la aplicación para poder habilitar este funcionamiento, comprimiendo todos los datasets del sistema en un zip para su posterior descarga. Reportado por: @josmirmar2 Responsable: @josmirmar2 y @celiaaguileraa Revisor: @celiaaguileraa Información adicional: Prioridad: Medio @josmirmar2 elaborará tanto el diseño e implementación del botón como los cambios necesarios para implementar el funcionamiento interno correspondiente y elaborará los tests y pruebas que se vean necesarios para este WI, y @celiaaguileraa  mostrará ayuda para el correcto funcionamiento de los tests y del funcionamiento interno.",closed,"enhancement, medium",Other,https://github.com/Encocretados/uvlhub/issues/15,,Other,"The bug report describes a feature request or an enhancement to add a button for downloading all datasets, which involves changes in the internal functioning of the application. However, it does not mention any configuration issues or misconfigured settings."
Encocretados,uvlhub,Register-developer,Sin descripción,closed,"enhancement, low",Other,https://github.com/Encocretados/uvlhub/issues/14,,Other,The provided information does not contain enough details to determine if the bug report is a configuration issue. The description field is empty and there are no mentions of configuration artifacts or settings.
Encocretados,uvlhub,Fakenodo,"Descripción: Se deberá de realizar un módulo idéntico al zenodo, llamado fakenodo. Sin embargo, este nuevo módulo, a diferencia del zenodo, no deberá de realizar llamadas a la api conectada, sino deberá enviar a la aplicación una respuesta json creada por el mismo desarrollador e implementada en el mismo fakenodo. De esta forma no se elaborarán demasiadas llamadas a la api. Reportado por: @josmirmar2 Responsable: @josmirmar2 Revisor: @celiaaguileraa Información adicional: Prioridad: Medio @josmirmar2 deberá de encargarse de elaborar todos los cambios necesarios en el backend para que se use en vez del zenodo se utilice el fakenodo, el cual también se deberá de encargar este mismo desarrollador de crear dicho módulo.",closed,"enhancement, high",Other,https://github.com/Encocretados/uvlhub/issues/13,,Other,"The bug report describes a feature request to create a new module called Fakenodo, which is similar to Zenodo but with some modifications. It does not mention any configuration issues or problems caused by misconfigured settings."
Encocretados,uvlhub,ImproveUI,"Descripción: Realizar modificaciones en la interfaz de usuario para mejorar la experiencia y usabilidad de la plataforma, en referencia a la interfaz relacionada con la visualización de los datasets. Esto incluye cambiar dicha interfaz para su mejora visual, optimizar el diseño de botones, espaciado, tipografía y otros elementos visuales los cuales se vean necesarios elaborar por el equipo de desarrollo, asegurando una navegación más intuitiva y agradable para los usuarios. Reportado por: @celiaaguileraa Responsable: @celiaaguileraa  @josmirmar2 Revisor: @josmirmar2 Información adicional: Prioridad: Medio @celiaaguileraa elaborará los cambios necesarios para mejorar la interfaz y elaborará los tests y pruebas que se vean necesarios, y @josmirmar2 mostrará ayuda para el correcto funcionamiento de los tests y del funcionamiento interno relacionado con la visualización de dicha interfaz.",closed,"enhancement, medium",Other,https://github.com/Encocretados/uvlhub/issues/12,,Other,"The bug report is about improving the user interface and usability of a platform, which involves modifying code to enhance the experience. It does not mention configuration artifacts or settings."
Encocretados,uvlhub,View-user-profile,"Descripción: Implementar la funcionalidad para que los usuarios puedan visualizar su perfil dentro de la plataforma. La vista debe mostrar información básica como nombre, correo electrónico y otros datos relevantes asociados a la cuenta. Reportado por: @VictoriaCRD Responsable: @VictoriaCRD Revisor: @RaulToro Información adicional: Prioridad: Baja @VictoriaCRD  se encargará de desarrollar la funcionalidad de validación y de diseñar y ejecutar los tests relacionados. La validación debe ser extensible para facilitar futuras mejoras.",open,"enhancement, low",Other,https://github.com/Encocretados/uvlhub/issues/11,,Other,The bug report describes a feature implementation request rather than an existing issue with the system's configuration or behavior.
Encocretados,uvlhub,Sign-up-validation,"Descripción: Implementar un sistema de validación de correo electrónico por el cual, tanto al iniciar sesión como al registrarse, se envíe un código de verificación al correo del usuario al que se desea acceder. Reportado por: @RaulToro Responsable: @RaulToro Revisor: @josmirmar2 Información adicional: Prioridad: Baja @RaulToro se encargará de desarrollar la funcionalidad de validación y de diseñar y ejecutar los tests relacionados. La validación debe ser extensible para facilitar futuras mejoras.",closed,"enhancement, low",Other,https://github.com/Encocretados/uvlhub/issues/10,,Other,"The bug report is about implementing a new feature (email validation) and does not mention any configuration issues. It's related to development and testing, but it doesn't seem to be a configuration problem."
Encocretados,uvlhub,Register as developer,"Descripción: Se debe implementar la funcionalidad para permitir a los usuarios registrarse como desarrollador, tener la posibilidad de seleccionar su equipo de desarrollo (por ejemplo, Universidad de Sevilla, Universidad de Málaga) desde un menú desplegable. Además de poder ingresar información adicional como el correo corporativo y perfil de GitHub. Esto permitirá diferenciar a un desarrollador de un usuario normal, añadiendo campos específicos relacionados con el rol de desarrollador. Roles: @paulalunanavarro  developer Reportado por: @lucianoya Responsable: @paulalunanavarro Revisor: @lucianoya",closed,"enhancement, low",Other,https://github.com/Encocretados/uvlhub/issues/3,,Other,"The bug report describes a feature request to implement user registration as a developer with additional fields for corporate email and GitHub profile, which is not related to configuration settings or system setup."
Encocretados,uvlhub,AI integration,"Descripción:  Se debe implementar la funcionalidad para integrar una inteligencia artificial en el sistema. Esta integración permitirá realizar análisis o tareas específicas según los requisitos definidos. La implementación debe seguir las mejores prácticas de diseño de sistemas, incluyendo la validación de datos, la optimización de recursos y la documentación clara del proceso. Además, debe garantizar la seguridad de los datos procesados y alinearse con las normativas vigentes. Roles: @AlvaroMartinMunoz developer, @alepingar developer Reportado por: @AlvaroMartinMunoz Responsable: @AlvaroMartinMunoz @alepingar Revisor: @lucianoya @paulalunanavarro",closed,"enhancement, high",Other,https://github.com/Encocretados/uvlhub/issues/2,,Other,"The bug report describes a requirement for implementing AI integration functionality, which is more related to feature development than configuration issues."
Encocretados,uvlhub,Test IA Integration,"Descripción: Se debe implementar la funcionalidad para realizar pruebas (tests) de la integración de la inteligencia artificial en el sistema. Estas pruebas deben validar el correcto funcionamiento de los modelos, asegurar la precisión de los resultados, y verificar la integración con los demás componentes del sistema. Se deben incluir pruebas unitarias, de integración y de rendimiento, asegurando la cobertura de casos límite y posibles errores. Además, la ejecución de los tests debe estar documentada y ser fácilmente reproducible. Roles: @AlvaroMartinMunoz tester, @alepingar tester Reportado por: @AlvaroMartinMunoz Responsable: @AlvaroMartinMunoz @alepingar Revisor: @paulalunanavarro @lucianoya",closed,"low, test",Other,https://github.com/Encocretados/uvlhub/issues/1,,Other,"The bug report is about implementing a new feature (test IA integration) and does not mention any configuration issues or settings. It's related to the development of tests for AI integration, which involves writing code rather than configuring system settings."
espeto-hub,uvlhub,Borra Options del header,"Describe el error In the navigation bar, which is always located at the top of the screen, the word Options is written but it does not have any En el header, localizado en la parte superior de la pantalla al lado de Sign up, la palabra ""Options"" está escrita. No es ningún botón ni tiene funcionalidad alguna por lo que debe ser eliminada Para reproducir Navegar a cualquier endpoint de uvlhub. Comportamiento esperado Eliminación de dicha palabra en Frontend. Capturas de pantalla No aplica. Entorno: - Despliegue: cualquiera. - Navegador cualquiera. Contexto adicional No aplica.",closed,"incidencia, baja",Other,https://github.com/espeto-hub/uvlhub/issues/81,,Other,"The bug report describes an issue with the frontend layout and the presence of a word 'Options' in the navigation bar. However, it does not mention any configuration artifacts or settings that could be causing the problem. The description suggests a UI/UX issue rather than a configuration error."
espeto-hub,uvlhub,Borrar carpeta de documentación desactualizada,"**Describe el error** La documentación se encuentra ahora en el apartado wiki de github, por lo que la carpeta para la misma resulta redundante y está desactualizada. **Para reproducir** No aplica. **Comportamiento esperado** Documentación solo presente en la Wiki. **Capturas de pantalla** No aplica. **Entorno:** No aplica. **Contexto adicional** No aplica.",closed,"incidencia, baja",Other,https://github.com/espeto-hub/uvlhub/issues/76,,Other,"The bug report is about removing an outdated folder for documentation, which is now located in the GitHub wiki. This issue does not seem to be related to configuration settings or system behavior, but rather a matter of organizing and updating documentation."
espeto-hub,uvlhub,Video de presentación,Sin descripción,closed,baja,Other,https://github.com/espeto-hub/uvlhub/issues/72,,Other,"Insufficient information is provided to determine whether the bug report qualifies as a configuration issue. The description field is empty, and no specific details about the problem are given."
espeto-hub,uvlhub,Volumenes locales de Docker Compose,"**Describe el error** Los archivos Docker Compose montan desde el repositorio local volúmenes para migraciones, scripts, y entrypoints. Esto hace que se deba actualizar el repositorio manualmente haciendo pull cada vez que hay un cambio en una de estas partes del sistema, rompiendo la pipeline de despliegue continuo. **Para reproducir** Pasos para reproducir el comportamiento: 1. Clonar el repositorio 2. Levantar el sistema en producción 3. Hacer un cambio desde el repositorio remoto que implique cambio de migraciones **Comportamiento esperado** Todos los archivos necesarios para la correcta ejecución del sistema sin necesidad del resto del repositorio se encuentran en la imágen, y la pipeline de despliegue continuo no necesita de intervención manual. **Entorno:** - Despliegue: Docker - Navegador: - **Contexto adicional** -",closed,"incidencia, cd, alta",Configuration,https://github.com/espeto-hub/uvlhub/issues/70,,Configuration,"The bug report describes an issue with Docker Compose volumes and the need to manually update the repository when changes occur in migration scripts or entrypoints, which breaks the continuous deployment pipeline. This is related to system setup and configuration."
espeto-hub,uvlhub,No se publica una imágen al crear releases automáticamente,**Describe el error** No se está construyendo la imágen al fusionar una PR y tras crear la release de manera automática. **Para reproducir** Pasos para reproducir el comportamiento: 1. Fusionar una Pull Request 2. Esperar a que se cree una release **Comportamiento esperado** El workflow `image.yml` se ejecuta de manera automática y publica una imágen con los cambios actualizados. **Capturas de pantalla** - **Entorno:** - **Contexto adicional** -,closed,"incidencia, ci, alta",Configuration,https://github.com/espeto-hub/uvlhub/issues/66,,Configuration,"The bug report mentions a workflow file (`image.yml`) which suggests that the issue is related to configuration settings. Additionally, it describes an automated process (creating releases) and expected behavior, indicating that the problem might be caused by incorrect or missing configurations."
espeto-hub,uvlhub,Terminar documentación,"**Describe la solución que te gustaría** Realizar los siguientes cambios a la documentación de la wiki: - Hacer portada según el [modelo de portada](https://github.com/EGCETSII/Entregables/wiki/Modelo-de-portada) - Cambiar nombre de acta fundacional para que no te grite (ESPETO_HUB!!!!!). Yo creo que con poner ""Acta fundacional"" vale - Hacer documento general del proyecto siguiendo [este documento](https://github.com/EGCETSII/Entregables/wiki/Documento-del-proyecto) - Documentar en acta fundacional las PRs mejor: asignación, revisor, nombre, labels, milestone",closed,"docs, alta",Other,https://github.com/espeto-hub/uvlhub/issues/65,,Other,"The bug report is about modifying documentation and does not mention configuration artifacts or settings. It appears to be a request for changes to the wiki, which suggests it's related to content management rather than system configuration."
espeto-hub,uvlhub,Solución de problemas de Fakenodo,**Describe el error** Fakenodo no está actualmente cumpliendo con todas las funciones de Zenodo. **Para reproducir** Pasos para reproducir el comportamiento: **Comportamiento esperado** Fakenodo simula todos los estados por los que pasa el servicio de Zenodo. **Capturas de pantalla** No aplica. **Entorno:** - Despliegue: Docker u otro - Navegador: Firefox  u otro **Contexto adicional** No aplica.,closed,"incidencia, alta",Other,https://github.com/espeto-hub/uvlhub/issues/64,,Configuration,"The bug report mentions a deployment environment (Docker) and a specific browser (Firefox), which suggests that the issue is related to system setup or runtime settings, rather than a code defect."
espeto-hub,uvlhub,Separación de antiguo fakenodo de rate datasets,**Describe el error** La rama rate datasets relacionada con la Wi4 añade partes de fakenodo obsoletas **Para reproducir** Pasos para reproducir el comportamiento: 1. Ve a 'wi/4-rate-datasets' 2. Haz clic en 'commits' 3. Desplázate hacia abajo hasta los commits relacionados a fakenodo. 4. Ver error **Comportamiento esperado** Se esperaba que la nueva implementación de fakenodo se añadiera a rate datasets para evitar problemas pero ocurrió el caso contrario ya que se hicieron muchos cambios en fakenodo y no se implementaron correctamente en la rama **Capturas de pantalla** ![Screenshot from 2024-12-15 19-55-35](https://github.com/user-attachments/assets/da157a59-695b-4158-b792-28a629b3c553),closed,"incidencia, alta",Other,https://github.com/espeto-hub/uvlhub/issues/60,,Other,"The bug report describes an issue with the implementation of a new feature (fakenodo) in a specific branch (wi/4-rate-datasets), but it does not mention configuration artifacts or settings. The problem seems to be related to code changes and their impact on the system, rather than a misconfiguration."
espeto-hub,uvlhub,Pre-hook para conventional commits,Sin descripción,closed,"incidencia, ci, baja",Other,https://github.com/espeto-hub/uvlhub/issues/59,,Other,The provided information does not contain enough details to determine if the bug report is a configuration issue. The description field is empty and no specific configuration-related keywords are mentioned.
espeto-hub,uvlhub,Unificar formatting y linting,"Describe el error 1. Hay dos workflows: `pre-commit` y `lint`. Debería haber uno solo para evitar redundancias. 2. El pre-commit hook no tiene las mismas opciones ni en `black` ni en `flake8` que en el workflow, y da errores en cosas como tabuladores (opción --safe en algunas partes y en otras no) y longitud de lineas (`black` no tiene límite configurado y `flake8` en el workflow `lint` sí) 3. La versión de `pre-commit` en `requirements.txt` no es la correcta y ejecutar pre-commit da error (ver 56) 4. El pre-commit hook rechaza el commit siempre en `black` aunque no formatee ningún archivo Para reproducir Pasos para reproducir el comportamiento: 2 Mirar acciones fallidas en commits de 55 3 1. Clonar el repositorio 2. Montar entorno virtual 3. `pre-commit install` 4. Hacer un commit cualquiera 4 1. Clonar el repositorio 2. Montar entorno virtual 3. `pip install --upgrade pre-commit` 4. `pre-commit install` 5. Hacer un commit con archivos bien formateados Comportamiento esperado Un workflow unificado que use formatter y linter con las mismas opciones, y un pre-commit hook que también use las mismas opciones Entorno: - Despliegue: local Contexto adicional Quizás lo mejor sea dejar en Github Actions solo el linter, tal como estaba, y usar el formatter solo desde el pre-commit hook. También podría compensar usar solo `black`, también como linter, y así no tener problemas de compatibilidad entre los errores de cada uno.",closed,"incidencia, ci, alta",Configuration,https://github.com/espeto-hub/uvlhub/issues/57,,Other,"The bug report describes issues with workflows and hooks in a Git repository, specifically problems with formatting and linting tools such as `black` and `flake8`. While it mentions configuration-like aspects (e.g., options for these tools), the primary issue seems to be related to code defects or misconfigurations of these tools rather than a pure configuration bug."
espeto-hub,uvlhub,Pre-commit no funciona,"**Describe el error** Al intentar hacer un commit usando la versión de pre-commit en `requirements.txt` da error: ``` Expected one of commit, commit-msg, manual, merge-commit, post-checkout, post-commit, post-merge, post-rewrite, prepare-commit-msg, push but got: 'pre-commit' ``` **Para reproducir** Pasos para reproducir el comportamiento: 1. Clonar repositorio 2. Montar entorno virtual 3. `pre-commit install` 4. Hacer un commit **Comportamiento esperado** Se ejecuta el pre-commit hook correctamente **Capturas de pantalla** ![image](https://github.com/user-attachments/assets/ece7c931-371b-4496-8271-0ecb76f4a7de) **Entorno:** - Despliegue: local **Contexto adicional** La versión de `pre-commit` en `requirements.txt` es antigua, y el nombre de ese hook ha cambiado. [Más info.](https://github.com/psf/black/issues/4065issuecomment-1821277094)",closed,"incidencia, ci, alta",Configuration,https://github.com/espeto-hub/uvlhub/issues/56,,Configuration,"The bug report mentions an outdated version of `pre-commit` in the `requirements.txt` file and a change in hook name, indicating a configuration issue due to incorrect or missing configurations."
espeto-hub,uvlhub,Confgurar pre-commit con black,pre-commit es un hook específico de Git que se ejecuta justo antes de que se cree un commit. black: Para formatear automáticamente el código según las convenciones de Python (PEP 8).,closed,"ci, media",Configuration,https://github.com/espeto-hub/uvlhub/issues/49,,Other,"The bug report appears to be about setting up a pre-commit hook with black for code formatting, which is related to development tools and build processes. However, it does not mention configuration artifacts or incorrect configurations as primary issues."
espeto-hub,uvlhub,Crear release automáticamente,"**Describe el error** No se crea una release al fusionar una PR con main. **Para reproducir** Pasos para reproducir el comportamiento: 1. Crear rama 2. Cambiar funcionalidad 3. Crear PR a main 4. Fusionar PR con main **Comportamiento esperado** Se crea una nueva versión del producto, incrementando el número de versión en base a las etiquetas de la PR. **Capturas de pantalla** - **Entorno:** - **Contexto adicional** Sugerido en el seguimiento de CI y CD",closed,"incidencia, ci, alta",Other,https://github.com/espeto-hub/uvlhub/issues/43,,Configuration,"The bug report mentions the expected behavior of creating a new release based on PR tags, which suggests that the issue is related to how the system is configured for CI/CD pipelines."
espeto-hub,uvlhub,Despliegue en Vagrant,**Describe el error** El despliegue en Vagrant no se ha actualizado desde la creación del repositorio **Para reproducir** Pasos para reproducir el comportamiento: - **Comportamiento esperado** Un despliegue en Vagrant actualizado y funcional. **Capturas de pantalla** - **Entorno:** - Despliegue: Vagrant **Contexto adicional** -,closed,"incidencia, alta",Configuration,https://github.com/espeto-hub/uvlhub/issues/42,,Configuration,"The bug report mentions a deployment issue in Vagrant, which is related to the configuration of the environment. The description suggests that the deployment has not been updated since the creation of the repository, indicating a potential problem with the configuration or setup."
espeto-hub,uvlhub,Improve tests download all dataset,**Improve test** Both Selenium and Locust tests need enhancement to increase coverage.,closed,"incidencia, media",Other,https://github.com/espeto-hub/uvlhub/issues/41,,Other,"The bug report does not mention configuration artifacts or describe incorrect or missing configurations. It appears to be related to improving test coverage and enhancing Selenium and Locust tests, which suggests a code defect rather than a configuration issue."
espeto-hub,uvlhub,fix test for download all dataset,Describe el error hay un test que falta en la funcionalidad Para reproducir Pasos para reproducir el comportamiento: Ve a consola Ejecuta docker Ejecuta test Comportamiento esperado los test pasan correctamente porque se está evitando Capturas de pantalla no aplica Entorno: Contexto adicional no aplica,closed,"incidencia, baja",Other,https://github.com/espeto-hub/uvlhub/issues/38,,Other,The bug report does not mention configuration artifacts or describe incorrect or missing configurations. It appears to be a test-related issue rather than a configuration problem.
espeto-hub,uvlhub,Deployment con Tailscale Funnel,"**Describe el error** La imágen desplegada en el servidor usa el Tailscale Funnel de la máquina **Para reproducir** - **Comportamiento esperado** Debería tener un contenedor extra de Tailscale con Funnel incorporado **Capturas de pantalla** Si es aplicable, agrega capturas de pantalla para ayudar a explicar tu problema. **Entorno:** - Despliegue: Docker, Tailscale - Navegador: - **Contexto adicional** Tailscale Funnel se puede y debe desplegarse con el resto de contenedores para evitar errores en los puertos de la máquina y crear un despliegue auto-contenido",closed,"incidencia, cd, baja",Configuration,https://github.com/espeto-hub/uvlhub/issues/34,MUY interesante,Configuration,"The bug report mentions deployment and configuration of Tailscale Funnel with Docker, which suggests a configuration issue rather than a code defect."
espeto-hub,uvlhub,fix test for download all dataset,**Describe el error** hay un test que falta en la funcionalidad **Para reproducir** Pasos para reproducir el comportamiento: 1. Ve a consola 2. Ejecuta docker 3. Ejecuta test **Comportamiento esperado** los test pasan correctamente **Capturas de pantalla** no aplica **Entorno:** **Contexto adicional** no aplica,closed,"incidencia, baja",Other,https://github.com/espeto-hub/uvlhub/issues/29,,Other,"The bug report does not mention configuration artifacts or describe incorrect or missing configurations. It seems to be related to a test case that is missing in the functionality, which suggests a code defect rather than a configuration issue."
espeto-hub,uvlhub,Imágen de Docker erronea,"**Describe el error** En docker-compose.yml, la imágen de Docker corresponde al proyecto del que se ha hecho fork. **Para reproducir** - **Comportamiento esperado** La imágen de docker debería corresponder a la de este repositorio **Capturas de pantalla** - **Entorno:** - Despliegue: Docker - Navegador: - **Contexto adicional** -",closed,"incidencia, alta",Configuration,https://github.com/espeto-hub/uvlhub/issues/28,,Configuration,"The bug report mentions a specific configuration file (docker-compose.yml) and describes an issue with the Docker image, which is related to how the system is configured."
espeto-hub,uvlhub,Integrar Codacy,Integrar Codacy para análisis automatizado,closed,"ci, alta",Configuration,https://github.com/espeto-hub/uvlhub/issues/27,,Other,"The bug report does not mention configuration artifacts or describe incorrect or missing configurations. It seems to be related to integrating a tool (Codacy) for automated analysis, which is more of a feature request or integration issue rather than a configuration problem."
espeto-hub,uvlhub,Testing de interfaz automatizado,Añadir tests de interfaz automatizados usando Selenium,closed,"ci, baja",Other,https://github.com/espeto-hub/uvlhub/issues/24,,Other,The bug report appears to be related to adding automated interface tests using Selenium and does not mention configuration artifacts or settings. It seems to be a task about implementing new functionality rather than addressing an issue caused by misconfigured settings.
espeto-hub,uvlhub,Testing de carga automatizado,Añadir testing automatizado de carga usando Locust,closed,"ci, baja",Other,https://github.com/espeto-hub/uvlhub/issues/22,,Other,"The bug report appears to be about adding automated load testing using Locust, which is a feature request rather than a configuration issue."
espeto-hub,uvlhub,Diario del equipo,Crear un diario del equipo siguiendo las instrucciones publicadas en [esta página](https://github.com/EGCETSII/Entregables/wiki/Diario-del-Equipo),closed,"docs, baja",Other,https://github.com/espeto-hub/uvlhub/issues/10,,Other,"The bug report appears to be about a documentation issue or a task request rather than a configuration problem. It mentions following instructions and creating a team diary, which suggests it's related to documentation or process rather than system configuration."
espeto-hub,uvlhub,Despliegue continuo,Añadir script de despliegue continuo,closed,"cd, media",Other,https://github.com/espeto-hub/uvlhub/issues/9,,Configuration,"The bug report mentions 'despliegue continuo' (continuous deployment) and 'cd', which suggests a configuration issue related to deployment scripts."
espeto-hub,uvlhub,Integración continua,"Añadir scripts automáticos de integración continua (testing, linter, commits...)",closed,"ci, alta",Other,https://github.com/espeto-hub/uvlhub/issues/8,,Other,"The bug report appears to be about implementing continuous integration scripts, which is a development task rather than a configuration issue."
espeto-hub,uvlhub,Documento del proyecto,Siguiendo las indicaciones publicadas [en esta página](https://github.com/EGCETSII/Entregables/wiki/Documento-del-proyecto),closed,"docs, baja",Other,https://github.com/espeto-hub/uvlhub/issues/7,,Other,The bug report appears to be related to documentation and project guidelines rather than a configuration issue.
espeto-hub,uvlhub,View user profile,Sin descripción,closed,"WI, media",Other,https://github.com/espeto-hub/uvlhub/issues/6,,Other,"The provided information does not mention configuration artifacts or settings, so it's unlikely to be a configuration bug report."
espeto-hub,uvlhub,Advanced filtering,Sin descripción,closed,"WI, baja",Other,https://github.com/espeto-hub/uvlhub/issues/5,,Other,"The provided information does not mention configuration artifacts or settings, so it's unlikely to be a configuration bug report."
espeto-hub,uvlhub,Rate datasets,Sin descripción,closed,"WI, media",Other,https://github.com/espeto-hub/uvlhub/issues/4,,Other,The provided information does not contain enough details to determine if the bug report is a configuration issue. The description is empty and no specific configuration-related keywords are mentioned.
espeto-hub,uvlhub,Download all datasets,Sin descripción,closed,"WI, media",Other,https://github.com/espeto-hub/uvlhub/issues/3,,Other,"The provided information does not mention configuration artifacts or settings, so it's unlikely to be a configuration bug report."
espeto-hub,uvlhub,Bot integration,Sin descripción,closed,"WI, media",Other,https://github.com/espeto-hub/uvlhub/issues/2,,Other,The provided information does not contain enough details to determine if the bug report is a configuration issue. The description field is empty and no specific configuration-related keywords are mentioned.
espeto-hub,uvlhub,Fakenodo,Sin descripción,closed,"WI, alta",Other,https://github.com/espeto-hub/uvlhub/issues/1,,Other,Insufficient information is provided in the bug report to determine whether it qualifies as a configuration issue.
EGC-Serranito,serranito-hub,WI Improve UI-feature update repo url,Summary The repo url is linked to diverso lab uvlhub. It should redirect to our repository Detailed description The repo url is linked to diverso lab uvlhub. It should redirect to our repository Priority High Dificulty Easy Fusion change relevance Show,closed,"easy, show, High Priority",Other,https://github.com/EGC-Serranito/serranito-hub/issues/156,,Other,"The bug report appears to be about a UI-feature update and the correct repository URL, which is more related to code or content changes rather than configuration settings."
EGC-Serranito,serranito-hub,WI Weather forecast - feature add Seville weather widget,"Summary Add a weather widget for Seville in the home page. Detailed description This issue focuses on integrating a weather widget for Seville into the home page of the application, with the following key objectives: 1. **Real-Time Weather Updates:** - Display up-to-date weather information for Seville, including temperature, weather conditions, and an icon representing the current weather. 2. **User-Friendly Design:** - Ensure the widget is visually appealing and seamlessly integrates with the existing layout of the home page. 3. **Ease of Integration:** - Use an external service (WeatherWidget.io) to simplify implementation, requiring minimal configuration and no backend dependencies. Implementation Steps 1. **Select and Configure Weather Widget:** - Use **WeatherWidget.io** to generate an embeddable widget for Seville. - Configure the widget with the ""pure"" theme to ensure it aligns with the application's design. 2. **Embed Widget in the Home Page:** - Add the widget's script and HTML code to the home page template. - Verify proper display and functionality on different screen sizes and devices. Dependencies - **WeatherWidget.io**: Provides the weather widget script and embeddable code. Priority Medium Dificulty Easy Fusion change relevance Show",closed,"easy, show, Medium Priority",Other,https://github.com/EGC-Serranito/serranito-hub/issues/153,,Other,"This bug report appears to be a feature request or implementation task rather than a configuration issue. It involves adding a new feature (Seville weather widget) and integrating it with the application, which requires code changes rather than just configuring settings."
EGC-Serranito,serranito-hub,[BUG] - WI UVL Editor - feature solve update dataset problem,"Summary When you want to update a dataset due to updating a uvl, the verification that the uvl is correct is not carried out, so you can upload one that is wrong Steps to Reproduce 1. Go into a dataset information page. 2. Go to edit one of the UVL models. 3. Edit the uvl with incorrect data 4. Notice that no error appears Expected result You should not be able to upload incorrect uvls Actual result You can upload incorrect uvls Priority Medium Attachments _No response_ Operating System Linux Browser Chrome Application Version 3.0.1 Other eenvironment details _No response_",closed,"bug, ask, Medium Priority",Other,https://github.com/EGC-Serranito/serranito-hub/issues/150,,Other,The bug report describes a problem with the functionality of the system (uploading incorrect UVLs) rather than an issue caused by misconfigured settings or incorrect parameter values. It appears to be related to a code defect or a logic error in the verification process.
EGC-Serranito,serranito-hub,"WI Upload, analyse and repair UVL - feature create tests","Summary Develop a comprehensive testing suite for the UVL file management module. This will include unit tests for backend validation and functionality, performance tests with Locust, and end-to-end tests using Selenium for the user interface. Detailed description This issue focuses on developing a testing suite to ensure the reliability and usability of the UVL file management module. The testing suite will cover: - **Unit tests.** Validate backend functionalities, including UVL parsing, error detection, and correction integration. - **Performance tests.** Simulate concurrent uploads and measure system performance using Locust. - **End-to-end tests.** Use Selenium to test the user interface for uploading files, displaying errors, and verifying corrections. The goal is to ensure the module operates efficiently, accurately, and provides a seamless user experience. Priority High Dificulty Medium Fusion change relevance Show",closed,"show, High Priority, test",Other,https://github.com/EGC-Serranito/serranito-hub/issues/147,,Other,This bug report is about developing a testing suite for the UVL file management module and does not mention any configuration issues or misconfigured settings.
EGC-Serranito,serranito-hub,WI Tag Cloud - feature add selenium tests,"Summary Add Selenium tests to validate the functionality of the Tag Cloud interface. Detailed description This issue introduces two Selenium-based end-to-end tests to ensure the correct functionality and user interaction flow of the Tag Cloud feature. The tests simulate user interactions and validate key behaviors of the Tag Cloud interface: Test Search Feature Simulates a user navigating to the application homepage and clicking the ""Explore more datasets"" button. Validates that the search input becomes visible and can be used to search for a specific tag (e.g., entering ""11""). Confirms that the search functionality works as expected and triggers the appropriate action. Test Visualize Tag Simulates a user clicking on the ""Explore more datasets"" button and selecting a tag (e.g., ""tag1"") from the Tag Cloud. Validates that the visualization for the selected tag is displayed correctly. Priority High Dificulty Easy Fusion change relevance Show",closed,"show, High Priority, test",Other,https://github.com/EGC-Serranito/serranito-hub/issues/144,,Other,"This bug report appears to be related to adding Selenium tests for the Tag Cloud feature, which is a code-related issue rather than a configuration one."
EGC-Serranito,serranito-hub,WI Bot integration - feature create new tests,"Summary Add unit tests for create_node_route to validate behavior for chat, bot, and feature creation under specific conditions. Detailed description This issue adds four new unit tests to ensure that the create_node_route functionality behaves as expected under various scenarios related to chat, bot, and feature creation: Test Creating a Chat Node with No Children Verifies that the service successfully creates a chat node when there are no existing child nodes. Test Bot Creation Limit with Exact Threshold Ensures that the system allows the creation of a bot when the number of existing bots is exactly at the limit (e.g., 5 bots). Test Chat Creation Limit with Exact Threshold Verifies that a new chat can be created when the number of existing chats is exactly at the limit (e.g., 3 chats). Test Feature Creation Limit with Exact Threshold Ensures that the system allows the creation of a feature when the number of existing features is exactly at the limit (e.g., 3 features). Each test mocks the repository behavior to simulate specific scenarios and verifies that: The expected service methods are called with the correct parameters. The system returns the expected result when conditions are met. Priority High Dificulty Medium Fusion change relevance Show",closed,"show, High Priority, test",Other,https://github.com/EGC-Serranito/serranito-hub/issues/142,,Other,"This bug report appears to be related to adding unit tests for a specific functionality (create_node_route) rather than an issue caused by misconfigured settings or incorrect parameter values. The description mentions mocking repository behavior and verifying expected service methods, which suggests a code defect rather than a configuration issue."
EGC-Serranito,serranito-hub,WI Workflow ship-feature ship pull request automerge workflow,"Summary This workflow enables the auto-merging of PRs whose titles start with ship or ship-, ensuring they pass most automated checks and are mergeable before proceeding with the merge. Detailed description PR Title The title must start with ship or ship-. Examples: ✅ ship-feature add user login ✅ ship-bugfix dataset upload fix ❌ fix login issue (this will not trigger the workflow) Status Checks Priority Low Dificulty Easy Fusion change relevance Ship",closed,"easy, ship, Low Priority",Other,https://github.com/EGC-Serranito/serranito-hub/issues/141,,Other,"The bug report appears to be related to a workflow or automation issue in GitHub, but it does not mention configuration artifacts or settings. It seems to be more about the logic and rules of the workflow rather than its configuration."
EGC-Serranito,serranito-hub,WI Sign up validation - feature add tests for the new functionality,"Summary The code associated with this Work Item is not covered by the existing tests. Detailed description Unit tests, integration tests, load tests, and interface tests will be developed to ensure comprehensive coverage. Priority Low Dificulty Easy Fusion change relevance Show",closed,"easy, show, Low Priority, test",Other,https://github.com/EGC-Serranito/serranito-hub/issues/129,,Other,The bug report primarily involves adding tests for new functionality and does not mention configuration artifacts or incorrect settings. It is related to code coverage rather than system setup or deployment.
EGC-Serranito,serranito-hub,WI New test Cases-feature add test locust,Summary I think it is a good idea to add more locusts tests. Detailed description I have seen that there are not many locust tests. It would be nice to have more of them. Priority Low Dificulty Easy Fusion change relevance Show,closed,"easy, show, Medium Priority, Low Priority, test",Other,https://github.com/EGC-Serranito/serranito-hub/issues/128,,Other,The bug report is about adding more locust tests and does not mention any configuration issues or system settings. It appears to be a feature request rather than a bug report.
EGC-Serranito,serranito-hub,WI Bot_integration-feature create test locust,Summary I think it is a good idea to add more locusts tests. Detailed description I have seen that there are not many locust tests. It would be nice to have more of them. Priority Medium Dificulty Easy Fusion change relevance Show,closed,"easy, show, Medium Priority, test",Other,https://github.com/EGC-Serranito/serranito-hub/issues/125,,Other,"The bug report does not mention configuration artifacts or describe incorrect or missing configurations. It appears to be a suggestion for adding more locust tests, which is related to testing and development rather than system configuration."
EGC-Serranito,serranito-hub,WI View_User_Profile-feature Add selenium and locust tests,Summary I think it is a good idea to add more selenium and locusts tests. Detailed description I have seen that there are not many selenium tests. It would be nice to have more of them. At least I recommend 2 more selenium tests and 2 more locust tests. Priority Low Dificulty Easy Fusion change relevance Show,closed,"easy, show, Low Priority, test",Other,https://github.com/EGC-Serranito/serranito-hub/issues/123,,Other,The bug report is about adding more tests and does not mention any configuration issues or system settings. It appears to be a feature request for additional testing.
EGC-Serranito,serranito-hub,WI New_test_cases-feature Add selenium and locust tests,"Summary I think it is a good idea to add more selenium and locusts tests. Detailed description I have seen that there are not many selenium tests. It would be nice to have more of them. At least I recommend 2 more selenium tests and 2 more locust tests. For example, in profile module we can have some locust and selenium tests. Priority Medium Dificulty Medium Fusion change relevance Ship",closed,"ship, Medium Priority, test",Other,https://github.com/EGC-Serranito/serranito-hub/issues/118,,Other,The bug report is about adding more tests and does not mention any configuration issues or settings. It appears to be a feature request for additional testing capabilities.
EGC-Serranito,serranito-hub,[BUG]-Docker not run,"Summary Docker fails to start due to configuration errors. Steps to Reproduce 1. Clone the repository to the local machine. 2. Navigate to the project directory. 3. Run the command docker-compose up to start the services. 4. Observe that the Docker container fails to start. Expected result The Docker containers should initialize successfully and load the application, allowing access to the dashboard and user profiles. Actual result The application displays an error message related to environment configuration and crashes immediately after attempting to load the initial screen. Priority Medium Attachments _No response_ Operating System Linux Browser Firefox Application Version 2.2.1 Other eenvironment details _No response_",closed,"bug, Medium Priority",Configuration,https://github.com/EGC-Serranito/serranito-hub/issues/116,,Configuration,"The bug report mentions Docker configuration errors and environment configuration issues, which are related to system setup and deployment settings."
EGC-Serranito,serranito-hub,WI new Test cases-feature Import data in external Mysql database,Summary It would be awesome to change rosemary functionality in order to make easier interactuating with an external My SQL database. Detailed description I would like to maintain the actual functionality but making it more reusable and avoiding being used by workflows. It is more interesting to modify dockerfile in order to migrate data into render image. Priority High Dificulty Medium Fusion change relevance Show,closed,"show, High Priority",Configuration,https://github.com/EGC-Serranito/serranito-hub/issues/115,Interesante,Other,"The bug report does not mention configuration artifacts or describe incorrect or missing configurations. It appears to be a feature request for modifying the functionality of an existing system, specifically related to interacting with an external MySQL database and modifying the Dockerfile."
EGC-Serranito,serranito-hub,[BUG]-Log out when viewing a view user profile,"Summary When you enter a dataset and see the user profile while logged in, the session is closed. Steps to Reproduce 1.Login 2. Click on any dataset 3. Click on ""Uploaded by"" 4. See error Expected result When you see the user profile of that dataset, you should see its data and all the published datasets. Actual result When you see the user profile of that dataset with the session started, the session is closed. Priority Medium Attachments _No response_ Operating System Linux Browser Chrome Application Version 2.2.1 Other eenvironment details _No response_",closed,"bug, Medium Priority",Other,https://github.com/EGC-Serranito/serranito-hub/issues/114,,Other,"The issue described in the bug report appears to be related to a code defect or functionality issue rather than a configuration problem. The steps to reproduce involve user actions and expected results, suggesting that the problem lies within the application's logic or implementation."
EGC-Serranito,serranito-hub,WI Improve UI - feature create tests,"Summary Implements tests from Improve UI Detailed description Introduce various testing enhancements for the `explore` module, adding new tests and refactoring existing ones for better clarity and functionality. Including the addition of performance tests using Locust, unit tests with pytest, and updates to Selenium tests to cover more scenarios. Priority Low Dificulty Medium Fusion change relevance Show",closed,"medium, show, Low Priority, test",Other,https://github.com/EGC-Serranito/serranito-hub/issues/109,,Other,"The bug report primarily involves implementing tests and refactoring existing ones for better clarity and functionality, which does not indicate a configuration issue."
EGC-Serranito,serranito-hub,[BUG]-Error when updating user profile,"Summary It seems there is a problem when trying to update an user profile because once you click on ""Save profile"" the app throws an error. Steps to Reproduce 1. Sign in/up 2. Go to ""Edit profile"" 3. Click in ""Save profile"" 4. You will receive something like this: AttributeError AttributeError: 'function' object has no attribute 'id' Expected result Depending on the form values, I expect updating my profile or a validation error. Actual result AttributeError AttributeError: 'function' object has no attribute 'id' Priority High Attachments ![Captura desde 2024-12-08 18-57-02](https://github.com/user-attachments/assets/a337fb92-12e7-4ec0-b96a-f2ec4dadbe4e) Operating System Linux Browser Chrome Application Version latest (2.2.1) Other eenvironment details _No response_",closed,"bug, High Priority",Other,https://github.com/EGC-Serranito/serranito-hub/issues/106,,Other,"The provided bug report primarily involves a code defect (AttributeError) rather than an issue with system configuration. The steps to reproduce and the error message suggest that there is a problem in the source code itself, specifically related to attribute access."
EGC-Serranito,serranito-hub,WI UVL Editor - feature create tests,"Summary Implements tests from check uvl editor funtionality Detailed description **Unit Tests**: Validate the two new UVL Editor functions **Locust Tests**: Perform performance testing with Locust to simulate user load, identify bottlenecks, and ensure the Dashboard handles traffic efficiently. **Selenium Tests**: Use Selenium for automated browser tests to confirm that user interactions, visuals, and page flows work seamlessly across browsers and devices. This is for displaying the list of versions and the ability to update a dataset when editing its uvl Priority Medium Dificulty Medium Fusion change relevance Show",closed,"show, Medium Priority, test",Other,https://github.com/EGC-Serranito/serranito-hub/issues/103,,Other,"The bug report appears to be about implementing and running tests for the UVL Editor feature, rather than a configuration issue. It mentions unit tests, Locust tests, and Selenium tests, which are related to testing and validation of the feature's functionality."
EGC-Serranito,serranito-hub,WI Tag Cloud-feature explore UVL,Summary Enhance the existing tag cloud feature by adding functionality to allow users to download UVL models directly from the interface. Detailed description This task involves extending the current tag cloud implementation to include an option for downloading UVL models. The aim is to provide users with seamless access to UVL files associated with selected tags. Priority Medium Dificulty Medium Fusion change relevance Ship,closed,"ship, Medium Priority",Other,https://github.com/EGC-Serranito/serranito-hub/issues/101,,Other,"The bug report does not mention configuration artifacts or describe incorrect or missing configurations. It appears to be a feature request for adding new functionality to the tag cloud feature, which involves code changes rather than configuration settings."
EGC-Serranito,serranito-hub,WI Fakenodo-feature tests,Summary Test cases for Fakenodo feature. Detailed description N/A. Priority High Dificulty Difficult Fusion change relevance Show,closed,"hard, show, High Priority, test",Other,https://github.com/EGC-Serranito/serranito-hub/issues/97,,Other,The bug report appears to be related to a feature test and does not mention configuration artifacts or settings. It is likely a code defect rather than a configuration issue.
EGC-Serranito,serranito-hub,WI download all datasets-feature test all cases,Summary Test all cases of the download datasets functionallity. This includes: - Unit tests. - Selenium tests. - Locust tests. Detailed description N/A. Priority High Dificulty Difficult Fusion change relevance Show,closed,"hard, show, High Priority, test",Other,https://github.com/EGC-Serranito/serranito-hub/issues/95,,Other,"The bug report appears to be about testing a feature and its functionality, rather than an issue caused by misconfigured settings or incorrect parameter values. It mentions unit tests, Selenium tests, and Locust tests, which are related to code execution and testing, not configuration."
EGC-Serranito,serranito-hub,WI Dashboard-feature test functionality,"Summary Perform all types of tests for the Dashboard work item. Detailed description The task involves performing a comprehensive set of tests for the Dashboard work item. This will include: **Unit Tests**: Writing and executing unit tests to ensure the individual components of the Dashboard function correctly in isolation. These tests will focus on verifying the business logic and ensuring that each function performs as expected under various conditions. **Locust Tests**: Conducting performance testing using Locust to simulate user load and measure how the Dashboard performs under different levels of traffic. The goal is to identify any bottlenecks and ensure the Dashboard can handle expected and unexpected user activity efficiently. **Selenium Tests**: Implementing automated browser tests using Selenium to verify the front-end behavior of the Dashboard. These tests will ensure that all user interactions, visual elements, and page flows work as expected across various browsers and devices, providing an optimal user experience. By completing these tests, we will ensure that the Dashboard is both functionally robust and performs well under load, providing a high-quality user experience. Priority Medium Dificulty Medium Fusion change relevance Show",closed,"show, Medium Priority, test",Other,https://github.com/EGC-Serranito/serranito-hub/issues/94,,Other,"This bug report primarily involves writing and executing tests for the Dashboard work item, which is a development task rather than a configuration issue."
EGC-Serranito,serranito-hub,WI Wiki-feature add documents and images,"Summary To make the wiki I need to upload the documents and images. Detailed description To make the readme more complete, images must be added. Priority Medium Dificulty Medium Fusion change relevance Show",closed,"documentation, show, Medium Priority",Other,https://github.com/EGC-Serranito/serranito-hub/issues/92,,Other,The bug report does not mention configuration artifacts or describe incorrect or missing configurations. It appears to be a request for feature implementation rather than a reporting of an issue.
EGC-Serranito,serranito-hub,WI View user profile-feature visual changes,"Summary The style of the table will be changed, and if the profile to be displayed is the same as the one you are logged in to, redirect to your own profile. Detailed description If I am logged in directly I go to my profile screen Priority Low Dificulty Easy Fusion change relevance Show",closed,"easy, show, Low Priority",Other,https://github.com/EGC-Serranito/serranito-hub/issues/90,,Other,The bug report primarily involves a feature request or change in visual style rather than an issue with system configuration.
EGC-Serranito,serranito-hub,[BUG]-Selenium tests do not run,"Summary Selenium tests merged into main and develop do not run because they do not follow the structure in the project for them. Steps to Reproduce 1. Clone repo 2. Setup local environment 3. Run `rosemary selenium` Expected result The Selenium tests run Actual result The Selenium tests just exit without running, or in the case of Fakenodo, give errors Priority None Attachments _No response_ Operating System Linux Browser Chrome Application Version 2.2.1 Other eenvironment details Both in the `main` and  `develop`",closed,bug,Other,https://github.com/EGC-Serranito/serranito-hub/issues/89,,Other,"The issue seems to be related to the structure of Selenium tests in the project, which is a code organization problem rather than a configuration issue. The description mentions setting up a local environment and running a command, but it does not mention any specific configuration settings or parameters that could be causing the issue."
EGC-Serranito,serranito-hub,WI UVL Editor-feature uvl editing in backend,Summary Link the frontend with the backend for the possibility of uvl changes Detailed description Implement changes to the uvl format to make it more correct Changes in the dataset model for the possibility of versioning Creation of a new file that represents the edition of the old uvl Priority High Dificulty Difficult Fusion change relevance Ship,closed,"hard, ask, High Priority",Other,https://github.com/EGC-Serranito/serranito-hub/issues/79,,Other,"The bug report does not mention configuration artifacts or describe incorrect or missing configurations. It appears to be a feature request or implementation issue related to code changes, rather than a configuration problem."
EGC-Serranito,serranito-hub,WI View user profile-feature add tag,"Summary As a user, I would like to be able to filter another user's profile datasets by tags. Detailed description It could be interesting that in a user's profile, it could be filtered by tags, since if a user has many datasets, this could be very useful. Priority Low Dificulty Easy Fusion change relevance Show",closed,"easy, show, Low Priority",Other,https://github.com/EGC-Serranito/serranito-hub/issues/76,,Other,"The bug report does not mention configuration artifacts or incorrect configurations. It appears to be a feature request for adding filtering functionality to user profiles, which is related to the system's behavior and functionality rather than its configuration."
EGC-Serranito,serranito-hub,WI Improve UI - feature dark/light mode switch,"Summary Add a feature to switch between Dark and Light modes in the application UI. Detailed description Implement a toggle button that allows users to switch between Dark and Light mode themes. Dark mode should apply a darker color scheme, reducing eye strain in low-light environments. Light mode should revert to the standard color scheme. Priority Low Dificulty Medium Fusion change relevance Show",closed,"medium, show, Low Priority",Other,https://github.com/EGC-Serranito/serranito-hub/issues/73,,Other,The bug report is about implementing a new feature (dark/light mode switch) rather than addressing an existing configuration issue.
EGC-Serranito,serranito-hub,WI Bot integration-feature test all functionalities,"Summary **Testing Types for WI Bot Integration** 1. **Unit Tests** - **Purpose**: Validate individual functions or components of the bot to ensure they work as expected in isolation. --- 2. **Selenium Tests** - **Purpose**: Perform end-to-end testing to simulate user interactions on the platform where the bot is deployed. --- 3. **Locust Tests** - **Purpose**: Conduct performance and load testing to evaluate the bot's behavior under high workloads. Detailed description The tests will evaluate how the WI Bot functions on both **Telegram** and **Discord** platforms. The goal is to ensure compliance with issue policies and assess the bot's behavior across different environments. Each test type will focus on specific aspects of the bot's functionality, interaction, and performance. Priority High Dificulty Difficult Fusion change relevance Ask",closed,"hard, ask, High Priority, test",Other,https://github.com/EGC-Serranito/serranito-hub/issues/71,,Other,"This bug report appears to be about testing the WI Bot integration and its functionalities across different platforms using various test types (Unit Tests, Selenium Tests, Locust Tests), rather than a configuration issue. It does not mention any configuration artifacts or settings that could indicate a configuration problem."
EGC-Serranito,serranito-hub,[BUG] - WI Improve UI - feature redesign interface,"Summary The application was initially designed with a light mode. However, during development, a dark mode has been introduced. Some elements have mismatched styles, such as light text on light backgrounds or dark text on dark backgrounds, causing several views to be unreadable or inconsistent. Steps to Reproduce 1. Navigate through the explore view. 2. Go into a dataset information page. 3. Go to View one of the UVL models. 4. Observe the readability and color inconsistencies in the views mentioned. Expected result All UI elements should have consistent colors and be fully readable. Actual result Some views have light text on light backgrounds or dark text on dark backgrounds. Priority High Attachments ![Untitled](https://github.com/user-attachments/assets/59d39aaa-14d0-4400-8508-253549e89b7c) Operating System Linux Browser Firefox, Chrome Application Version 2.1.0 Other eenvironment details _No response_",closed,"bug, High Priority",Other,https://github.com/EGC-Serranito/serranito-hub/issues/70,,Other,"The issue described in the bug report is related to a UI redesign and inconsistent styling, which suggests a code defect rather than a configuration issue. The problem lies in the implementation of the dark mode feature, not in how the system is configured."
EGC-Serranito,serranito-hub,WI Improve UI - feature explore view,Summary Redesign the Explore view. Detailed description Redesign the Explore Datasets view by enhancing the layout and optimizing the buttons. Priority Low Difficulty Medium Fusion change relevance Ship,closed,"medium, show, Low Priority",Other,https://github.com/EGC-Serranito/serranito-hub/issues/60,,Other,The bug report appears to be related to a UI redesign and does not mention configuration artifacts or settings. It seems to be a feature request rather than a bug report.
EGC-Serranito,serranito-hub,WI Bot integration - feature cross module functionality,"Summary Enable the bot to integrate and interact seamlessly with existing application modules, ensuring consistent functionality and real-time data exchange. Detailed description The task involves developing a new bot functionality that ensures proper integration with key modules of the application. Key Objectives: 1. **User Authentication Integration:** - Bot should verify users using the authentication module. - Ensure it can handle login sessions and identify unauthorized access attempts. 2. **Notifications Module Integration:** - Bot must trigger specific notifications to users based on predefined triggers (e.g., failed login attempts, completed actions). - Notifications should include email and in-app alerts. 3. **Analytics Module Integration:** - Bot must fetch and display analytics (e.g., user activity stats) upon user requests in a readable format. - Allow users to filter or sort data based on predefined parameters. Priority High Dificulty Difficult Fusion change relevance Show",closed,"hard, show, High Priority",Other,https://github.com/EGC-Serranito/serranito-hub/issues/59,,Other,"The bug report appears to be about developing a new bot functionality and integrating it with existing application modules. It does not mention configuration artifacts, incorrect or missing configurations, system setup, deployment, or runtime settings. The issue seems to be related to the development of a new feature rather than a misconfiguration."
EGC-Serranito,serranito-hub,[BUG]-Internal Server Error when sending http requests in render app,"Summary When you want to make any http request to render app, y recieve a 500 error. Steps to Reproduce 1. Make any http request 2. Wait some seconds 3. You get the error Expected result It dependes on the case, but for example if you try to login, you should not get a 500 error. Actual result Internal Server Error Priority High Attachments _No response_ Operating System Linux Browser Firefox Application Version v2.0.0 Other eenvironment details _No response_",closed,bug,Configuration,https://github.com/EGC-Serranito/serranito-hub/issues/54,,Configuration,"The bug report mentions an internal server error when sending HTTP requests, which could be related to configuration settings such as environment variables, deployment scripts, or infrastructure configurations."
EGC-Serranito,serranito-hub,WI New test cases -feature add sample data to render instance,"Summary We need to add testing data to the dev instance in render in order to test stuff in deployment enviroment Detailed description It's necessary to have data in our depoloyed app. In order to do it, we  have to create somehow a script or something that allows us introducing sample data from seeders to filess.io database. This way the deployed dev app version can be tested with real data. Priority High Additional details We can include a rosemary script that makes the process easier",closed,"medium, show",Configuration,https://github.com/EGC-Serranito/serranito-hub/issues/51,,Configuration,"The bug report mentions adding sample data to a deployed app instance and creating a script to introduce data into the database, which suggests a configuration issue related to system setup or deployment settings."
EGC-Serranito,serranito-hub,WI Bot integration - feature execution bot,"Summary Implement a bot execution feature to enhance integration within the application. Detailed description The proposed feature aims to develop and implement bot execution functionality as part of the integration process. - **Objective**: Enable the bot to perform defined tasks automatically and effectively within the application. - **Key Requirements**: 1. Develop execution algorithms and logic for the bot. 2. Ensure seamless integration with the existing application architecture. 3. Perform comprehensive testing to ensure reliability and stability. - **Deliverables**: A functional, tested bot execution feature ready for deployment. Priority High Additional details The feature is critical for enhancing automation and operational efficiency in the workflow. Ensure clear documentation and include necessary configurations for easy deployment.",closed,"hard, ask",Other,https://github.com/EGC-Serranito/serranito-hub/issues/47,,Other,"The bug report appears to be a feature request or implementation task rather than a description of an existing issue. It outlines objectives, key requirements, and deliverables for implementing a new bot execution feature."
EGC-Serranito,serranito-hub,WI Rate datasets/models - feature view dataset rate,"Summary Develop a feature that allows users to rate datasets and displays the average of those ratings to all users. This feature aims to improve the quality and usefulness of the platform by providing valuable insights into the most highly valued datasets. Detailed Description This feature will enable users to rate datasets and view the average rating, fostering informed decision-making and encouraging active participation within the community. Key Objectives: 1. **Dataset Rating System:** - Allow users to provide ratings for datasets they have accessed. - Ensure ratings are stored securely and associated with the respective datasets. 2. **Average Rating Display:** - Calculate and display the average rating for each dataset. - Make the average rating visible to all users on the dataset listing or details page. Priority Medium Difficulty Medium Fusion change relevance Show",closed,"medium, show, Medium Priority",Other,https://github.com/EGC-Serranito/serranito-hub/issues/40,,Other,The bug report is about developing a new feature (dataset rating system) and does not mention any existing configuration issues or misconfigured settings. It appears to be a request for a new functionality rather than a description of an issue caused by incorrect configurations.
EGC-Serranito,serranito-hub,WI Bot integration - feature merge trees,"This task involves improving the functionalities for merging when Run or Stop a chat. Cleaning n-ary trees in the system. The methods will manage tree operations with efficiency and correctness, focusing on the following: 1. **Merging N-ary Trees:** Combine two n-ary trees based on node names, ensuring that overlapping nodes are merged recursively while preserving unique nodes. 2. **Cleaning Stopped Chats:** Traverse the tree to identify ""CHATS"" nodes and remove subnodes with a status ""0"". The goal is to optimize both functionalities for better performance and maintainability, especially in scenarios with large or unbalanced trees. Tasks - Refactor and optimize the backend logic for the `merge_nary_trees` method to ensure: - Proper handling of nodes unique to `t2`. - Structural integrity during the merge process. - Improve the `remove_stopped_chats` method to efficiently traverse the tree and handle deletions: - Ensure that deletions do not impact sibling or parent nodes. - Conduct thorough testing of both methods with diverse tree structures, including: - Balanced and unbalanced trees. - Cases with deeply nested nodes. - Document the updated logic and test cases for future reference. Acceptance Criteria - The `merge_nary_trees` method merges trees accurately and preserves unique nodes. - The `remove_stopped_chats` method effectively identifies and removes nodes as required. - The performance of both methods is optimized for large-scale trees. - All test cases pass successfully, validating the robustness of the implementation. Labels - backend - optimization",closed,"hard, show",Other,https://github.com/EGC-Serranito/serranito-hub/issues/30,,Other,"The bug report primarily involves refactoring and optimizing the backend logic for tree operations, which is a code defect rather than a configuration issue."
EGC-Serranito,serranito-hub,WI Rate datasets/models - feature rate datasets,"Summary Develop a feature that allows users to rate datasets and displays the average of those ratings to all users. This feature aims to improve the quality and usefulness of the platform by providing valuable insights into the most highly valued datasets. Detailed Description This feature will enable users to rate datasets and view the average rating, fostering informed decision-making and encouraging active participation within the community. Key Objectives: 1. **Dataset Rating System:** - Allow users to provide ratings for datasets they have accessed. - Ensure ratings are stored securely and associated with the respective datasets. 2. **Average Rating Display:** - Calculate and display the average rating for each dataset. - Make the average rating visible to all users on the dataset listing or details page. Priority Medium Difficulty Medium Fusion change relevance Show",closed,"medium, show, Medium Priority",Other,https://github.com/EGC-Serranito/serranito-hub/issues/27,,Other,The bug report is about developing a new feature (dataset rating system) and does not mention any existing configuration issues or misconfigured settings. It appears to be a request for a new functionality rather than a description of an issue caused by incorrect configurations.
EGC-Serranito,serranito-hub,"WI Upload, analyse and repair UVL - feature UVL file validation and correction","Summary Develop a feature for uploading, analyzing, and repairing UVL (Universal Variability Language) files. This will include syntactic validation, error identification, visualization, and correction to ensure UVL files are error-free and ready for further processing. Detailed Description This issue focuses on creating a robust mechanism for managing UVL files, with the following key objectives: 1. **Syntactic Validation:** - Ensure that uploaded UVL files follow the required syntax and structure. 2. **Error Identification and Visualization:** - Detect and display syntax or structural errors in a user-friendly format for easy debugging. 3. **Error Correction:** - Provide functionality to help users quickly fix identified issues and re-validate the corrected files for accuracy. Implementation Steps 1. **Define UVL Grammar and Generate a Parser (ANTLR):** - Use **ANTLR** to define the UVL grammar. - Generate a parser to process UVL files and identify syntactic inconsistencies. 2. **Analyze File and Visualize Errors:** - Implement a module to analyze UVL files and display identified errors. - Ensure errors are presented in a clear, user-friendly format. 3. **Correction and Validation (Flamapy):** - Integrate **Flamapy** for automatic error correction and re-validation. - Validate corrected files to ensure they meet all syntax requirements. Dependencies - **ANTLR**: For grammar definition and parser generation. - **Flamapy**: For error correction and validation functionalities. Priority Low Difficulty Hard Fusion change relevance Ask",closed,"hard, ask, Low Priority",Other,https://github.com/EGC-Serranito/serranito-hub/issues/26,,Other,"This bug report primarily involves developing a feature for UVL file validation and correction using ANTLR and Flamapy, rather than addressing an existing configuration issue. It focuses on implementing a parser, analyzing files, visualizing errors, and correcting them, which are code-related tasks."
EGC-Serranito,serranito-hub,WI Tag Cloud - feature fm filtering,"Summary Develop a tag cloud feature to enable users to filter feature models (FMs) using associated tags efficiently. Detailed description This task involves creating a tag cloud functionality that integrates seamlessly with both backend and frontend components, enhancing user interaction and filtering capabilities. Priority Low Difficulty Easy Fusion change relevance Ship",closed,"easy, show",Other,https://github.com/EGC-Serranito/serranito-hub/issues/16,,Other,"The bug report does not mention configuration artifacts or describe incorrect or missing configurations. It appears to be a feature request for implementing a tag cloud functionality, which is related to code development rather than system configuration."
EGC-Serranito,serranito-hub,WI View user profile - feature profile implementation,"The possibility will be created for, as a user, to click on a user's profile to see their uploaded datasets by adding a button in the user's profile and being able to view all the datasets of that user. In addition to adding the cloud tag in the user view.",closed,"easy, show",Other,https://github.com/EGC-Serranito/serranito-hub/issues/15,,Other,The bug report does not mention configuration artifacts or describe incorrect or missing configurations. It appears to be a feature request or implementation issue rather than a configuration problem.
EGC-Serranito,serranito-hub,WI Dashboard - feature create some dashboards,"We have identified the need to implement dashboards in the application to provide quicker access to insights from our datasets. By adding this feature, users will be able to monitor data trends and metrics more efficiently, enabling faster and more informed decision-making. The view will consist of several buttons, and each time a button is pressed, a specific dashboard will appear. This setup will allow users to easily navigate between different dashboards, providing quick access to the specific data insights they need.",closed,"medium, show, Low Priority",Other,https://github.com/EGC-Serranito/serranito-hub/issues/14,,Other,The bug report is about implementing a new feature (dashboards) and does not mention any configuration issues or settings. It appears to be a functional requirement rather than a configuration problem.
EGC-Serranito,serranito-hub,WI Bot integration - feature tree structure sync,"This task involves creating the frontend and backend functionalities to visualize the tree structure representing the bot. Additionally, the database will be populated with two tables: - **`treenodes`**: Represents the nodes of the tree. - **`treenode_bot`**: Stores the configuration of the bots that are running in the system. The bot configurations will be displayed in a new module, allowing for easy management and visibility of the system's settings. **Tasks** 1. Develop the backend logic for managing and rendering the tree structure. 2. Create the frontend interface for visualizing the tree and interacting with the bot data. 3. Design and populate the database with two tables: - `treenodes` - `treenode_bot` 4. Integrate the `treenode_bot` table to display bot configurations in the new module. 5. Test the module to ensure proper functionality and accurate visualization. **Acceptance Criteria** - The tree structure is fully visualized in the frontend. - The backend successfully handles data retrieval and updates for both tables. - The new module accurately displays bot configurations stored in `treenode_bot`. - Database population and management are seamless and efficient. **Labels** - `frontend` - `backend` - `database`",closed,"hard, show",Other,https://github.com/EGC-Serranito/serranito-hub/issues/10,,Other,"The bug report appears to be a task description for implementing new features and functionalities rather than reporting an existing issue. It outlines development tasks, acceptance criteria, and labels related to frontend, backend, and database, but does not mention any configuration artifacts or issues caused by misconfigured settings."
EGC-Serranito,serranito-hub,WI Sign up validation - feature third party validator,"Summary Allow users to register by verifying their email address to ensure their account is linked to a valid and accessible email. This enhances security and reduces the risk of identity theft and unauthorized access. Detailed Description This feature will introduce an email verification step during user registration, ensuring that only verified email accounts can log in. Acceptance Criteria: 1. **Send verification email:** - When a user registers, the system should automatically send a verification email to the provided email address. 2. **Verification link:** - The email should contain a verification link. - When the user clicks the link, the system should mark the account as 'verified'. 3. **Restrict login for unverified accounts:** - Users who have not verified their email will not be able to log in with that account. Benefits: - Enhances account security by linking each account to a verified email. - Reduces risks of identity theft and unauthorized access. - Improves overall platform trustworthiness. Priority High Difficulty Easy Fusion change relevance Ship",closed,"easy, ship, High Priority",Other,https://github.com/EGC-Serranito/serranito-hub/issues/8,,Other,"The bug report describes a feature implementation and its requirements, but does not mention configuration artifacts or settings. It appears to be a functional requirement rather than a configuration issue."
EGC-Serranito,serranito-hub,WI Improve UI - feature redesign interface,"Summary To improve user experience and modernize the interface, redesign the layout of the dataset listing page. The goal is to enhance the usability of key elements and make the overall appearance cleaner and more user-friendly, inspired by GitHub's interface. Detailed Description This issue focuses on a layout redesign of the dataset listing page to achieve the following objectives: Key Objectives: 1. **Enhance Usability of the left toolbar:** - Improve the design and functionality of the left toolbar for easier navigation and accessibility. 2. **Modernize the topbar:** - Redesign the topbar to make it visually appealing and consistent with modern design standards. 3. **Improve overall appearance:** - Revamp the dataset listing layout to provide a cleaner, more user-friendly experience. - Take inspiration from GitHub's interface, ensuring the page looks professional and is intuitive for users. 4. **Focus on User experience:** - Prioritize ease of use and simplicity in design to ensure a positive experience for all users. Priority High Difficulty Medium Fusion change relevance Show",closed,"medium, show, High Priority",Other,https://github.com/EGC-Serranito/serranito-hub/issues/7,,Other,"This bug report appears to be a feature request or design improvement issue rather than a configuration bug. It focuses on redesigning the layout and user interface of the dataset listing page, which is more related to code changes or UI design improvements rather than configuration settings."
EGC-Serranito,serranito-hub,WI Improve UI - feature sorted listing of datasets,"Summary The dataset listing currently lacks sorting options, making data browsing less efficient. To improve user experience, implement sorting features that allow users to organize datasets based on different criteria. Detailed Description This feature focuses on enhancing the dataset listing page by adding sorting options, improving usability and accessibility for users. Feature Requirements: 1. **Sorting Options:** Add buttons or dropdown sorting options above the dataset listing with the following criteria: - **Title:** Sort datasets alphabetically by title. - **Creation Date:** Sort datasets by the date they were created (newest to oldest). - **Number of Files:** Sort datasets by the total number of files in each dataset (highest to lowest). 2. **User-Friendly Interface:** - Ensure the sorting options are easy to locate and use. - Update the layout as necessary to accommodate the sorting functionality without cluttering the interface. Priority Medium Difficulty Medium Fusion change relevance Show",closed,"medium, show, Medium Priority",Other,https://github.com/EGC-Serranito/serranito-hub/issues/6,,Other,This bug report primarily involves implementing a new feature (sorting options) rather than addressing an issue caused by misconfigured settings or incorrect parameter values.
EGC-Serranito,serranito-hub,WI UVL Editor - feature implement editor in frontend,"UVL files cann't be edited from the UvlHub page. We consider it ideal that this option can be implemented. At the same time, we find it useful to implement an easy way of graphical editing to avoid problems with indentation. In this issue the frontend part will be implemented.",closed,"hard, show, Medium Priority",Other,https://github.com/EGC-Serranito/serranito-hub/issues/4,,Other,"The bug report does not mention configuration artifacts or describe incorrect or missing configurations. It appears to be a feature request for implementing an editor in the frontend, which is more related to code development than configuration."
EGC-Serranito,serranito-hub,WI Download all datasets - feature dataset download,"Summary Implement **`Download all datasets`** functionality. Detailed description Implement **`Download all dataset functionality`** in SerranitoHub to allow users to download all datasets in a compressed file from the interface. This must allow the user to download all or part of the dataset (by user, date, time, etc.). Key Objectives: 1. **Download Functionality Integration:** - Implement a feature to download all or selected datasets in a compressed format (ZIP). - Ensure support for filters by user, date range, and time range. 2. **User Interface Enhancement:** - Design an intuitive UI component to select datasets and apply filters. - Provide clear progress indicators and error messages during the download process. 3. **Error Handling and Notifications:** - Include notifications for failed downloads or incomplete operations. Priority High Difficulty Hard Fusion change relevance Show",closed,"hard, show, High Priority",Other,https://github.com/EGC-Serranito/serranito-hub/issues/3,,Other,"The bug report describes a feature implementation request rather than an existing issue with the system's configuration. It outlines requirements for new functionality, including user interface enhancements and error handling."
EGC-Serranito,serranito-hub,WI Fakenodo - feature implement API of Fakenodo,"Summary Develop an API that replicates the behavior of the Zenodo API, but instead returns empty calls or hard-coded responses. Detailed Description This issue aims to create a replacement API for the Zenodo API with the following characteristics: 1. **Similar Operation to Zenodo API:** - The new API should mimic the Zenodo API's endpoints and behavior. 2. **Empty or Hard-Coded Responses:** - All API calls should return predefined (hard-coded) responses or empty data. - This API serves as a lightweight mock of the Zenodo API, suitable for testing or limited use cases. Priority High Difficulty Hard Fusion change relevance Show",closed,"hard, fakenodo, show, High Priority",Other,https://github.com/EGC-Serranito/serranito-hub/issues/2,,Other,"The bug report describes a development task to implement an API that replicates the behavior of Zenodo API. It does not mention any configuration issues or misconfigured settings, but rather focuses on developing a new API with specific characteristics."
EGC-Serranito,serranito-hub,WI New test cases -feautre upgrade testing,"Summary We have noticed that it is very important to improve our testing in UVL-Hub. To address this, we have planned this Work Item. Detailed Description This issue is meant to include the following characteristics: 1. **Run Selenium Tests Without Popping Up Windows:** - UVL-Hub must run Selenium tests in headless mode so they can be included in the testing workflow. 2. **Improve Testing Coverage:** - Increase the testing coverage to ensure higher quality and reliability of the software. 3. **Simplify Test Execution:** - Make running all tests easier for the team. - This could involve: - Improving Rosemary. - Adding more scripts to run tests. - Configuring an extension to streamline testing execution. - While commands are effective, they may not be ideal for everyone on the team. Simplifying test execution is essential. 4. **Open to Additional Improvements:** - Any other improvements that enhance testing, even if not explicitly mentioned here, can be included in this issue. - However, if the improvement is not obviously related to testing, a separate issue should be created. Happy coding! Priority High Difficulty Medium Fusion change relevance Show",closed,"medium, show, High Priority, test",Other,https://github.com/EGC-Serranito/serranito-hub/issues/1,,Other,"This bug report primarily involves improving testing workflow and functionality through code changes rather than configuration settings. It mentions potential improvements to Rosemary, adding scripts, and configuring an extension for streamlined testing execution, but these are related to development and implementation rather than system setup or configuration."
salmorejo-hub-2,uvlhub,feat: Change label,En exploreuvl cambiar a featuremode en la vista exploreuvl,closed,enhancement,Other,https://github.com/salmorejo-hub-2/uvlhub/issues/53,,Other,"The bug report is related to an enhancement (feat) and does not mention configuration artifacts or settings, so it's likely a code-related issue rather than a configuration bug."
salmorejo-hub-2,uvlhub,Fix WI-2.1 Dataset Selenium test needs to be modified,UVl examples had been modified after selenium test of dataset had been done. Which means that expected content is not correct,closed,bug,Other,https://github.com/salmorejo-hub-2/uvlhub/issues/45,,Other,"The description does not mention configuration artifacts, incorrect or missing configurations, system setup, deployment, runtime settings, or unintended interactions between configuration settings. It appears to be a bug related to test data and expected content in Selenium tests."
salmorejo-hub-2,uvlhub,Request to Integrate Changes into the Parent Repository,"**Description:** Since integration is not working yet, we have accidentally overwritten your changes and your commits have been removed from the`develop` branch of the `salmorejo-hub/uvlhub` repository. We kindly request your team to integrate your changes into the parent repository as soon as possible. This integration is crucial to proceed with an initial release and establish a first version of the project. **Expected Result:** The parent repository should reflect the latest changes from your repository, enabling us to prepare the initial release. **Current Result:** The parent repository is missing updates from your repository, which delays the release process.",closed,Sin etiquetas,Other,https://github.com/salmorejo-hub-2/uvlhub/issues/33,,Other,"The bug report is about integrating changes into a parent repository, which seems to be related to source control and versioning rather than configuration settings. It does not mention any specific configuration artifacts or incorrect configurations."
salmorejo-hub-2,uvlhub,Add the documentation needed for the proyect,We have to add the following documents to the project to comply with the final deliverable: Project document and group diary.,closed,documentation,Other,https://github.com/salmorejo-hub-2/uvlhub/issues/28,,Other,"The bug report is about adding missing project documents, which does not seem to be related to configuration settings or system behavior. It appears to be a task request for documentation."
salmorejo-hub-2,uvlhub,Add automatic integration and fix integration issues,To comply with our organization policies we need to implement an automatic merge from our repository to the father repo and fix any integration issues so that we can integrate smoothly any time.,closed,enhancement,Other,https://github.com/salmorejo-hub-2/uvlhub/issues/25,,Other,"The bug report is about implementing an automatic merge and fixing integration issues, which suggests a code or process improvement rather than a configuration issue."
salmorejo-hub-2,uvlhub,fix WI-2.2 test selenium,Test selenium of WI-2.2 does not works well,closed,bug,Other,https://github.com/salmorejo-hub-2/uvlhub/issues/22,,Other,"The description does not mention configuration artifacts, incorrect or missing configurations, system setup, deployment, runtime settings, or unintended interactions between configuration settings. It seems to be related to a test failure in Selenium."
salmorejo-hub-2,uvlhub,Add Docker implementation,This issue aims to implement Docker into our project to comply with our organization's continuous deployment rules.,closed,enhancement,Other,https://github.com/salmorejo-hub-2/uvlhub/issues/20,,Other,"The bug report is about implementing Docker, which is a feature or functionality change rather than a configuration issue."
salmorejo-hub-2,uvlhub,Fix WI-2.1 visualize example uvls in others computers,"This WI only works in javmunrom computers, the bug is that others computers can´t visualize the example uvls",closed,bug,Other,https://github.com/salmorejo-hub-2/uvlhub/issues/19,,Configuration,"The issue seems to be related to system setup or deployment settings, as it affects the ability of other computers to visualize examples, suggesting a potential configuration problem."
salmorejo-hub-2,uvlhub,Render implementation,We have to implement Render in our repository to comply with the CD of our organization.,closed,enhancement,Other,https://github.com/salmorejo-hub-2/uvlhub/issues/18,,Other,"The bug report is about implementing a feature (Render) and does not mention configuration artifacts or incorrect settings, so it's likely an enhancement request rather than a configuration issue."
salmorejo-hub-2,uvlhub,Codacy Implementation,We need to apply Codacy to the project to comply with the organizations CI rules as well as improve the lint test if possible,closed,enhancement,Other,https://github.com/salmorejo-hub-2/uvlhub/issues/15,,Other,"The bug report is about implementing a tool (Codacy) and improving lint tests, which does not directly relate to configuration settings. It's more related to code quality and compliance."
salmorejo-hub-2,uvlhub,Fix Selenium Auth test,This issue aims to fix certain selenium test that fails by default when doing unit test,closed,bug,Other,https://github.com/salmorejo-hub-2/uvlhub/issues/14,,Other,"The description does not mention configuration artifacts, incorrect or missing configurations, system setup, deployment, or runtime settings. It seems to be related to a code defect in Selenium tests."
salmorejo-hub-2,uvlhub,WI-2.6 Search Queries,"As a user I want to be able to query the repo in a way that allows me to bring a set of models, or even download them all.",closed,enhancement,Other,https://github.com/salmorejo-hub-2/uvlhub/issues/6,,Other,"The bug report is about an enhancement feature and does not mention configuration artifacts or incorrect configurations, so it's unlikely to be a configuration issue."
salmorejo-hub-2,uvlhub,WI-2.5 Stagging Area,"As a user, I want to be able to upload datasets to uvlhub and not put them into zenodo immediately but keep them in a kind of stage inside uvlhub so that I can edit them over time and when I want them to be permanent, then I can press a button that is ""upload to fakenodo"".",closed,enhancement,Other,https://github.com/salmorejo-hub-2/uvlhub/issues/5,,Other,"The bug report appears to be related to a feature request or an enhancement, rather than a configuration issue. It describes a desired functionality and does not mention any configuration artifacts or settings."
salmorejo-hub-2,uvlhub,WI-2.4 Rate dataset/models,"As a user, I want to be able to rate the datasets and/or feature models in the repo",closed,enhancement,Other,https://github.com/salmorejo-hub-2/uvlhub/issues/4,,Other,"The bug report does not mention configuration artifacts, incorrect or missing configurations, system setup, deployment, or runtime settings. It appears to be related to a feature enhancement rather than a configuration issue."
salmorejo-hub-2,uvlhub,WI-2.3 Improve UI,"Change the UI to make it more accessible, easier to navigate and show more useful info overall. Suggestion: the way of listing the dataset content has to be as similar as possible to GitHub for the principle of usability predictability",closed,enhancement,Other,https://github.com/salmorejo-hub-2/uvlhub/issues/3,,Other,"The bug report does not mention configuration artifacts, incorrect or missing configurations, system setup, deployment, or runtime settings. It appears to be a feature request or enhancement for the UI, which is more related to code changes rather than configuration."
salmorejo-hub-2,uvlhub,WI-2.2 View user profile,"As a user, I want to see displayed all their UVLs from an user in their user profile.",closed,enhancement,Other,https://github.com/salmorejo-hub-2/uvlhub/issues/2,,Other,"The bug report does not mention configuration artifacts, incorrect or missing configurations, system setup, deployment, or runtime settings. It appears to be an enhancement request related to the functionality of the user profile view."
salmorejo-hub-2,uvlhub,WI-2.1 Visualize UVL,As a user I want to be able to preview a UVL in text mode without having to download it.,closed,enhancement,Other,https://github.com/salmorejo-hub-2/uvlhub/issues/1,,Other,"The bug report does not mention configuration artifacts, incorrect or missing configurations, system setup, deployment, or runtime settings. It appears to be related to a feature request or enhancement for the UVL visualization."
ch0cohub,choco-hub-2,Bug workflow merge,Descripcion: Arreglar el bug de un workflow,closed,bug,Other,https://github.com/ch0cohub/choco-hub-2/issues/86,,Other,"The provided information does not mention configuration artifacts, incorrect or missing configurations, system setup, deployment, runtime settings, or unintended interactions between configuration settings. It appears to be a general bug report without specific details about the cause of the issue."
ch0cohub,choco-hub-2,Modificar titilo datasets pantalla inicio,"Modificar el titulo que aparece en la pantalla de inicio como ""Latest datasets"" a ""Ultimos datasets""",closed,enhancement,Other,https://github.com/ch0cohub/choco-hub-2/issues/84,,Other,"The bug report is about modifying the title of a screen, which suggests it's related to UI or user experience rather than configuration settings."
ch0cohub,choco-hub-2,Bug Correción de errores tras fusionar cambios de choco-hub-1,Descripción: Han surgido conflictos al fusionar nuestra rama main con la rama principal del otro equipo. Criterios de aceptación: - Implementación de descargar en distintos formatos corregida. - Test relacionados con datasets y comunidad corregidos. - Renombrado del archivo de migración Prioridad: Alta,closed,Sin etiquetas,Other,https://github.com/ch0cohub/choco-hub-2/issues/83,,Other,"The bug report appears to be related to a merge conflict and code implementation issues, rather than a configuration problem. It mentions specific changes and corrections to the codebase, but does not mention any configuration artifacts or settings."
ch0cohub,choco-hub-2,Bug filtro por número de visitas,"Descripción: La parte de filtrado donde se puede elegir como ordenar los datasets por una característica concreta no funciona correctamente. Criterios de aceptación: - Todas las opciones funcionan correctamente. Prioridad: Alta, ya que afecta de lleno en la parte de filtrado de la aplicación.",closed,bug,Other,https://github.com/ch0cohub/choco-hub-2/issues/79,,Other,"The bug report describes a functionality issue with the filtering and ordering of datasets, which suggests a code defect rather than a configuration problem."
ch0cohub,choco-hub-2,Render Service Health Check Failed,Deployment Health Check Failed The service at https://choco-hub-2.onrender.com/ failed to respond correctly after 5 attempts. Please investigate.,closed,"health, failure",Configuration,https://github.com/ch0cohub/choco-hub-2/issues/78,,Configuration,The bug report mentions a deployment health check failure which could be related to incorrect or missing configurations in the deployment process.
ch0cohub,choco-hub-2,Creación de codacy.yml,Se pretende crear un workflow para integración continua en codacy.,closed,Sin etiquetas,Other,https://github.com/ch0cohub/choco-hub-2/issues/76,,Configuration,"The bug report mentions creating a configuration file (codacy.yml) which is related to setting up integration continuous workflow, indicating it's about configuration."
ch0cohub,choco-hub-2,Creación del render.yml,Se pretende crear un workflow que haga un despliegue continuo en render.,closed,Sin etiquetas,Other,https://github.com/ch0cohub/choco-hub-2/issues/75,,Other,"The bug report appears to be related to creating a workflow for continuous deployment, but it does not mention configuration artifacts or settings. It seems more focused on the creation of a specific file (render.yml) and setting up a workflow."
ch0cohub,choco-hub-2,Mejora de render,Descripción: Implementación de mejora de render para que espere al despliegue y compruebe si se ha desplegado correctamente Criterios de aceptación: - Espera correctamente al despliegue - Se despliega sin errores Nivel de prioridad: Media,closed,Sin etiquetas,Other,https://github.com/ch0cohub/choco-hub-2/issues/74,,Other,"The bug report describes a functional requirement for the system to wait and check if it has been deployed correctly, which suggests a code defect rather than a configuration issue."
ch0cohub,choco-hub-2,Eliminacion de las conexiones inutilizadas,"Se ha encontrado problemas a la hora de hacer varios merge a la rama main, ya que cada vez que hay nuevos cambios se despliega. El problema es que el plan de pago de la base d datos filess.io, no permite mas de 5 conexiones simultaneas, por lo que vamos a proceder a borrarlas.",closed,Sin etiquetas,Other,https://github.com/ch0cohub/choco-hub-2/issues/73,,Configuration,"The bug report mentions a specific plan of payment for the database (filess.io) that limits simultaneous connections, which is a configuration issue."
ch0cohub,choco-hub-2,Mejorar integración de codacy,Descripción: Se debe mejorar la integración con codacy para permitir que se cree una issue si la cobertura es inferior al 70%. Criterios de aceptación: - Si la cobertura de test es inferior al 70% se debe crear una issue. Prioridad: Baja,closed,enhancement,Other,https://github.com/ch0cohub/choco-hub-2/issues/72,,Other,"The bug report is about improving the integration with Codacy, which involves a code defect rather than a configuration issue. It requires changes to the source code or its behavior."
ch0cohub,choco-hub-2,Documentación para la gestión de hooks,"Descripción: Como los hooks no se pueden compartir directamente por Github, es necesario explicar como los hemos compartido entre los integrantes del equipo Criterios de aceptación: - Explicación breve y concisa Prioridad: Baja",closed,documentation,Other,https://github.com/ch0cohub/choco-hub-2/issues/69,,Other,"The bug report is about a documentation issue, not a configuration problem. It's related to explaining how hooks are shared among team members and doesn't mention any configuration artifacts or settings."
ch0cohub,choco-hub-2,Añadir workflow de refactorización del código,"Descripción: Al ver de alguna forma un estilo de código erróneo, que el workflow lo modifique automáticamente, añadiendo una pull request con los cambios. Criterios de aceptación: - Funcionamiento correcto - Crear la pull request al realizar los cambios Prioridad: Baja",closed,enhancement,Other,https://github.com/ch0cohub/choco-hub-2/issues/62,,Other,"The bug report describes a feature or functionality that is not yet implemented, rather than an issue caused by misconfigured settings."
ch0cohub,choco-hub-2,Testing de integración de filtrado avanzado,"Descripción: Validar que la integración de los filtros avanzados con otros módulos y servicios funciona correctamente y no afecta la coherencia de la aplicación en su totalidad. Criterios de aceptación: - Integración de la interfaz de filtros con el backend: Verificar que las opciones seleccionadas en la interfaz de usuario se envían correctamente al servidor y que los resultados devueltos son los esperados. - Integración con el sistema de bases de datos: Asegurar que los filtros interactúan correctamente con la base de datos, devolviendo los datasets correctos según los criterios aplicados. - Validación de la persistencia de datos: Verificar que las configuraciones de filtro aplicadas se mantengan consistentes durante la navegación y no se pierdan entre interacciones. - Pruebas de integración de mensajes y notificaciones: Asegurar que los mensajes de error, éxito y advertencia relacionados con el filtrado se integren correctamente en el sistema de notificaciones global. Nivel de prioridad: Alta, ya que las fallas en la integración pueden causar problemas de coherencia y afectar la calidad general de la funcionalidad del filtrado.",closed,testing,Other,https://github.com/ch0cohub/choco-hub-2/issues/61,,Other,"The bug report appears to be related to the integration and functionality of advanced filtering, rather than a configuration issue. It involves testing and validation of various aspects of the system's behavior, but does not mention specific configuration artifacts or settings."
ch0cohub,choco-hub-2,Testing funcional de filtrado avanzado,"Descripción: Verificar que la funcionalidad de filtrado avanzado cumple con los requisitos establecidos y funciona como se espera en distintos escenarios de uso. Criterios de aceptación: - Aplicación de filtros individuales: Comprobar que cada filtro puede aplicarse por separado y los resultados devueltos son correctos según los criterios de búsqueda definidos. - Combinación de filtros: Validar que es posible combinar múltiples filtros sin que los resultados se vean comprometidos o los filtros se interfieran entre sí. - Mensajes de error claros: Validar que, en caso de no encontrar datasets que cumplan con los filtros aplicados, se muestren mensajes de error adecuados y comprensibles para el usuario. Nivel de prioridad: Alta, dado que esta funcionalidad impacta directamente en la experiencia del usuario al interactuar con los filtros de búsqueda.",closed,testing,Other,https://github.com/ch0cohub/choco-hub-2/issues/60,,Other,"The bug report appears to be about a functional test for advanced filtering, which is related to the application's behavior rather than its configuration. It describes acceptance criteria and testing scenarios, but does not mention any configuration artifacts or settings."
ch0cohub,choco-hub-2,Bug Fakenodo,"Descripción: Al crear un dataset, este no se sube a fakenodo Criterios de aceptación: - Funcionamiento correcto del proceso de subida de datasets Prioridad: Alta",closed,bug,Other,https://github.com/ch0cohub/choco-hub-2/issues/59,,Configuration,"The bug report mentions a process of uploading datasets, which suggests that the issue might be related to configuration settings or deployment scripts."
ch0cohub,choco-hub-2,Bug commit_message.yml,Descripción: Se necesita añadir las ramas de tests y bug fix como condiciones de lanzamiento para que se lance este workflow con todas las ramas del repositorio. Criterios de aceptación: - Se lanza el workflow cuando hay cambios en las nuevas ramas añadidas Nivel de prioridad: Media,closed,bug,Other,https://github.com/ch0cohub/choco-hub-2/issues/58,,Configuration,"The bug report mentions a configuration file (commit_message.yml) and describes the need to add conditions for launching a workflow, which suggests an issue with how the system is configured."
ch0cohub,choco-hub-2,Añadir Workflow de Pull Request,Descripción: Se necesita un nuevo workflow para que se haga un Pull Request de la rama main del proyecto Ch0cohub2 al proyecto Ch0cohub1. Criterios de aceptación: - Funciona correctamente Nivel de prioridad: Media,closed,enhancement,Other,https://github.com/ch0cohub/choco-hub-2/issues/54,,Other,"The bug report is about adding a new workflow for Pull Requests, which seems to be related to the project's functionality rather than its configuration."
ch0cohub,choco-hub-2,Bug tests unitarios de descargar todos los datasets,Descripción: corregir error de test unitarios de descargar todos los datasets Criterios de aceptación: -No se producen errores Nivel de prioridad: Media Notas adicionales:,closed,bug,Other,https://github.com/ch0cohub/choco-hub-2/issues/53,,Other,"The bug report does not mention configuration artifacts, incorrect or missing configurations, system setup, deployment, or runtime settings. It appears to be related to a unit test issue in the codebase."
ch0cohub,choco-hub-2,Testing de carga de communities,"Descripción: Realizar pruebas de carga para evaluar el rendimiento del módulo ""Communities"" bajo diferentes niveles de tráfico y volúmenes de datos, asegurando su estabilidad y tiempos de respuesta óptimos. Criterios de aceptación: El módulo soporta el volumen de datos con buenos tiempos de respuesta. Nivel de prioridad: Media",closed,testing,Other,https://github.com/ch0cohub/choco-hub-2/issues/52,,Other,"The bug report appears to be related to a performance test for the 'Communities' module, rather than an issue with configuration settings. It describes testing scenarios and acceptance criteria, but does not mention any specific configuration artifacts or issues."
ch0cohub,choco-hub-2,Testing de interfaz de communities,"Descripción: Realizar pruebas funcionales para asegurar que la sección de ""Communities"" opere correctamente, verificando todas las funcionalidades principales, como creación, edición, visualización y eliminación de comunidades. Criterios de aceptación: Los owners pueden crear una nueva comunidad y esta se guarda correctamente en el sistema. La edición de comunidades permite actualizar información sin errores. Las comunidades se visualizan correctamente en la interfaz de usuario, con todos los datos relevantes. Es posible eliminar comunidades y estas desaparecen de la lista sin generar errores. Nivel de prioridad: Alta. Notas adicionales: Verificar que solo los usuarios autorizados puedan realizar acciones sobre las comunidades.",closed,testing,Other,https://github.com/ch0cohub/choco-hub-2/issues/51,,Other,"The bug report appears to be about functional testing of the 'Communities' section, ensuring it operates correctly. It does not mention configuration artifacts or settings, but rather focuses on verifying the functionality and behavior of the system."
ch0cohub,choco-hub-2,Testing de integración communities,"Descripción: Realizar pruebas de integración para garantizar que el módulo ""Community"" interactúe correctamente con otros módulos y servicios del sistema. Criterios de aceptación: El módulo ""Community"" debe estar correctamente integrado con el sistema de autenticación, permitiendo que solo usuarios autorizados accedan a las funcionalidades. Las notificaciones se envían correctamente cuando se crean, editan o eliminan comunidades. La base de datos refleja de manera precisa los cambios realizados en el módulo ""Communities"". Nivel de prioridad: Alta.",closed,testing,Other,https://github.com/ch0cohub/choco-hub-2/issues/50,,Other,"The bug report appears to be about a test case for integration between the 'Community' module and other system modules, rather than an issue caused by misconfigured settings or incorrect parameter values."
ch0cohub,choco-hub-2,Testing de interfaz recuerdo de contraseña,"Descripción: se realizaran los test de interfaz con selenium, y se probaran los casos de prueba, de cambiar contraseña y despues loguearse con la contraseña cambiada Criterios de aceptación: -No se producen errores Nivel de prioridad: Media Notas adicionales:",closed,testing,Other,https://github.com/ch0cohub/choco-hub-2/issues/43,,Other,"The bug report appears to be related to a test case for changing and logging in with a new password, which does not seem to involve configuration settings. It's more focused on testing the functionality of the system."
ch0cohub,choco-hub-2,Bug descargar en diferentes formatos,"Descripción: Tras la unión de las funcionalidades con choco hub 1 la pestaña desplegable para descargar los datasets en el formato seleccionado no se puede visualizar, y por tanto no es posible acceder a esta funcionalidad. Criterios de aceptación: - Corregir todos los errores Nivel de prioridad: Alta",closed,bug,Other,https://github.com/ch0cohub/choco-hub-2/issues/42,,Other,"The description mentions a problem with the functionality of Choco Hub, but it does not mention configuration artifacts or settings. The issue seems to be related to code defects rather than misconfigured settings."
ch0cohub,choco-hub-2,Testing de carga recuerdo de contraseña,"Descripción: se va a comrpobar los test de carga para la aplicación, para el recuerdo de contraseña Criterios de aceptación: -No se producen errores Nivel de prioridad: Media Notas adicionales:",closed,Sin etiquetas,Other,https://github.com/ch0cohub/choco-hub-2/issues/41,,Other,"The bug report does not mention configuration artifacts, incorrect or missing configurations, system setup, deployment, or runtime settings. It appears to be related to testing and performance of the application's password recall feature."
ch0cohub,choco-hub-2,Testing integracion recuerdo de contraseña,"Descripción: se realizara los test de integración, comprobando que las respuestas sean positivas entre los distintos componentes, así como algún caso de prueba negativo. Criterios de aceptación: -No se producen errores Nivel de prioridad: Media Notas adicionales:",closed,Sin etiquetas,Other,https://github.com/ch0cohub/choco-hub-2/issues/40,,Other,"The bug report appears to be about testing and integration, rather than a configuration issue. It mentions test cases and acceptance criteria, but does not mention any specific configuration settings or parameters."
ch0cohub,choco-hub-2,Errores de codacy en fakenodo,Descripción: Solucionar los errores que reporta codacy en la pull request de fakenodo antes de hacer merge con main Criterios de aceptación: -No se producen errores Nivel de prioridad: Alta Notas adicionales:,closed,bug,Other,https://github.com/ch0cohub/choco-hub-2/issues/38,,Other,"The bug report mentions a tool (Codacy) and a code review process, but it does not explicitly mention configuration artifacts or settings. It seems to be related to a code quality issue rather than a configuration problem."
ch0cohub,choco-hub-2,Testing de carga descargar en diferentes formatos,Descripción: se realizaran los test de carga con locust Criterios de aceptación: -No se producen errores Nivel de prioridad: Media Notas adicionales:,closed,Sin etiquetas,Other,https://github.com/ch0cohub/choco-hub-2/issues/36,,Other,"The bug report does not mention configuration artifacts, incorrect or missing configurations, system setup, deployment, or runtime settings. It appears to be related to testing and acceptance criteria for a load test using Locust."
ch0cohub,choco-hub-2,Testing integración descargar en diferentes formatos,Descripción: se realizaran los test de integración de la funcionalidad descargar en diferentes formatos Criterios de aceptación: -No se producen errores Nivel de prioridad: Media Notas adicionales:,closed,Sin etiquetas,Other,https://github.com/ch0cohub/choco-hub-2/issues/35,,Other,"The bug report appears to be about testing and integration of a feature, but it does not mention configuration artifacts or settings. It seems more related to the functionality and testing process rather than a configuration issue."
ch0cohub,choco-hub-2,"Bug añadir ""test"" como nombre válido","Descripción: Añadir ""test"" como nombre válido a la hora de crear una rama en el workflow de check_branch_name.yml Criterios de aceptación: -No se producen errores Nivel de prioridad: Media Notas adicionales:",closed,bug,Other,https://github.com/ch0cohub/choco-hub-2/issues/31,,Other,The bug report primarily involves a code defect (invalid branch name) rather than a configuration issue.
ch0cohub,choco-hub-2,Testing unitario de Fakenodo,Descripción: se realizaran los test unitarios de la funcionalidad fakenodo Criterios de aceptación: -No se producen errores Nivel de prioridad: Media Notas adicionales:,closed,testing,Other,https://github.com/ch0cohub/choco-hub-2/issues/30,,Other,"The bug report does not mention configuration artifacts, incorrect or missing configurations, system setup, deployment, runtime settings, or unintended interactions between configuration settings. It appears to be related to testing and unit tests for the Fakenodo functionality."
ch0cohub,choco-hub-2,Testing de carga validación de registro,Descripción: se realizaran los test de carga con locust de validación de registro Criterios de aceptación: -No se producen errores Nivel de prioridad: Media Notas adicionales:,closed,testing,Other,https://github.com/ch0cohub/choco-hub-2/issues/29,,Other,"The bug report appears to be related to a test scenario and does not mention configuration artifacts or settings. It is about running tests with Locust for validation of registration, which suggests it's more about testing functionality rather than system configuration."
ch0cohub,choco-hub-2,Testing de carga descargar todos los datasets,Descripción: se realizaran los test de carga con locust Criterios de aceptación: -No se producen errores Nivel de prioridad: Media Notas adicionales:,closed,testing,Other,https://github.com/ch0cohub/choco-hub-2/issues/28,,Other,"The bug report appears to be related to a test scenario and does not mention configuration artifacts or settings. It is about running tests with Locust, which suggests it's more of a testing issue rather than a configuration one."
ch0cohub,choco-hub-2,Testing funcional validación de registro,Descripción: se realizaran los test de interfaz con selenium Criterios de aceptación: -No se producen errores Nivel de prioridad: Media Notas adicionales:,closed,testing,Other,https://github.com/ch0cohub/choco-hub-2/issues/27,,Other,"The bug report appears to be related to a test case for functional validation of registration using Selenium, which does not seem to involve configuration settings. It's more focused on testing and ensuring the correct behavior of the system."
ch0cohub,choco-hub-2,Testing funcional descargar todos los datasets,Descripción: se realizaran los test de interfaz con selenium Criterios de aceptación: -No se producen errores Nivel de prioridad: Media Notas adicionales:,closed,testing,Other,https://github.com/ch0cohub/choco-hub-2/issues/26,,Other,"The bug report appears to be related to a test case for Selenium, which is a code defect rather than a configuration issue."
ch0cohub,choco-hub-2,Testing unitario validación de registro,Descripción: se realizaran los test unitarios de validación de registros Criterios de aceptación: -No se producen errores Nivel de prioridad: Media Notas adicionales:,closed,testing,Other,https://github.com/ch0cohub/choco-hub-2/issues/25,,Other,"The bug report is about running unit tests for validation of records, which does not seem to be related to configuration settings. It appears to be a testing issue rather than a configuration problem."
ch0cohub,choco-hub-2,Testing unitario descargar todos los datasets,Descripción: se realizaran los test unitarios de la funcionalidad de descargar los datasets Criterios de aceptación: -No se producen errores Nivel de prioridad: Media Notas adicionales:,closed,testing,Other,https://github.com/ch0cohub/choco-hub-2/issues/24,,Other,"The bug report is about running unit tests for a functionality, which suggests it's related to code execution rather than configuration settings."
ch0cohub,choco-hub-2,Testing unitario de filtrado avanzado,"Descripción: Diseñar y ejecutar pruebas para validar la funcionalidad de los filtros avanzados en la búsqueda de datasets, asegurando que cumplan con los criterios de aceptación establecidos y que no afecten negativamente la experiencia del usuario. Criterios de aceptación: - Verificar que los filtros pueden aplicarse de forma individual. - Verificar que los filtros pueden combinarse y que la búsqueda devuelve resultados coherentes. - Confirmar que la visualización de los datasets se actualiza correctamente según los filtros aplicados. - Validar que la interfaz de filtros es intuitiva y no genera confusión para el usuario. - Realizar pruebas de estrés para comprobar que la aplicación de múltiples filtros no genera errores ni afecta el rendimiento del sistema. - Comprobar que se muestran mensajes claros y adecuados si no se encuentran datasets que cumplan los criterios seleccionados. - Asegurar que la funcionalidad de filtros es escalable y soporta la inclusión de futuros filtros. Nivel de prioridad: Alta, ya que afecta directamente la calidad y la usabilidad de una funcionalidad clave del proyecto.",closed,testing,Other,https://github.com/ch0cohub/choco-hub-2/issues/19,,Other,"The bug report describes a test case for validating the functionality of advanced filters in a search feature, which is related to code defects rather than configuration issues."
ch0cohub,choco-hub-2,Documentación para la gestión de issues,"Descripción: Crear y documentar una guía para la gestión efectiva de issues en el proyecto, definiendo un estándar para su redacción, categorización y seguimiento. Criterios de aceptación: - La guía especifica un formato estándar para redactar la descripción de un issue (incluyendo descripción, criterios de aceptación, nivel de prioridad, y notas adicionales). - Se definen categorías y etiquetas preestablecidas (ej. bug, feature, enhancement, documentation). - Incluir un flujo claro para la creación, asignación, y cierre de issues. - La documentación es accesible y entendible tanto para todos los integrantes del equipo como para nuevos integrantes. - La estrategia es revisada y aprobada por el equipo para garantizar su uso adecuado. Nivel de prioridad: Alta, ya que una gestión eficiente de issues asegura un desarrollo organizado y enfocado en las prioridades del proyecto. Notas adicionales: - Proveer ejemplos prácticos de issues bien redactados. - Asegurar que la guía esté alineada con las herramientas de gestión utilizadas. - Incluir buenas prácticas para la comunicación en los comentarios de los issues.",closed,documentation,Other,https://github.com/ch0cohub/choco-hub-2/issues/18,,Other,"The bug report is about creating a guide for issue management, which involves documenting processes and standards rather than addressing a specific configuration issue."
ch0cohub,choco-hub-2,Documentación para la gestión de branches,"Descripción: Crear y documentar una guía para la creación y el uso adecuado de branches en el proyecto, estableciendo una estrategia clara de gestión de ramas para el equipo. Criterios de aceptación: - La guía define una estrategia de branching. - Se especifican convenciones de nombres para las ramas según su propósito (ej. *feature/nombre*, *bugfix/nombre*, *hotfix/nombre*). - Incluye ejemplos claros de cuándo y cómo crear ramas nuevas. - La documentación es comprensible tanto para nuevos integrantes como para los actuales. - La estrategia es revisada y aprobada por el equipo para garantizar su aplicabilidad. Nivel de prioridad: Media, ya que una correcta gestión de branches asegura un flujo de trabajo organizado y evita conflictos innecesarios. Notas adicionales: - Asegurar que la guía sea compatible con las prácticas de integración continua del proyecto. - Incluir ejemplos de comandos básicos para trabajar con branches (*checkout*, *merge*, *rebase*, etc.). - Considerar incluir flujos específicos para revisar y fusionar ramas (pull requests o *merge requests*).",closed,documentation,Other,https://github.com/ch0cohub/choco-hub-2/issues/17,,Other,"The bug report is about creating a document for branch management, which does not seem to be related to configuration settings or system behavior. It appears to be a documentation task rather than a technical issue."
ch0cohub,choco-hub-2,Documentación para la gestión de commits,"Descripción: Crear y documentar una guía para la implementación y estructuración de los commits en el proyecto, siguiendo las mejores prácticas y un formato estándar. Criterios de aceptación: - La guía incluye un formato claro y estandarizado para los mensajes de commit. - Se especifican categorías. - La documentación es comprensible tanto para desarrolladores nuevos como actuales. - La guía se encuentra accesible en el repositorio del proyecto. - El equipo valida y aprueba el uso de esta guía para commits futuros. Nivel de prioridad: Media, ya que impacta en la claridad del historial del proyecto y en la colaboración del equipo. Notas adicionales: - Incluir ejemplos prácticos de mensajes de commit para cada categoría.",closed,documentation,Other,https://github.com/ch0cohub/choco-hub-2/issues/16,,Other,"The bug report is about creating and documenting a guide for commit implementation and structure, following best practices and a standard format. It does not mention configuration artifacts or settings, but rather a documentation issue."
ch0cohub,choco-hub-2,Testing unitarios recuerdo de contraseña,"Descripción: realizar tests unitarios de recuerdo de contraseña, probando el cambio, el envío del email de confirmación, y por ultimo, el login con la contraseña nueva, así como el login fallido con la contraseña antigua. Criterios de aceptación: -No se producen errores Nivel de prioridad: Media Notas adicionales:",closed,testing,Other,https://github.com/ch0cohub/choco-hub-2/issues/15,,Other,"The bug report appears to be about writing unit tests for password recovery, which is a functional requirement rather than a configuration issue."
ch0cohub,choco-hub-2,Testing de interfaz descargar en diferentes formatos,Descripción: Validar con tests de Selenium que la interfaz permita la descarga de archivos en los formatos especificados y que cada formato se genere correctamente sin errores. Criterios de aceptación: Los botones de descarga deben ser visibles y funcionales. Las descargas deben realizarse correctamente. Nivel de prioridad: Media. Notas adicionales: Verificar que los archivos descargados tengan nombres consistentes.,closed,testing,Other,https://github.com/ch0cohub/choco-hub-2/issues/14,,Other,"The bug report primarily involves testing and validation of the interface's functionality, rather than configuration settings or system setup."
ch0cohub,choco-hub-2,Testing integración validación de registro,Descripción: Añadir tests de funcionalidad de validación de registro Criterios de aceptación: -No se producen errores Nivel de prioridad: Media Notas adicionales:,closed,testing,Other,https://github.com/ch0cohub/choco-hub-2/issues/13,,Other,"The bug report does not mention configuration artifacts, incorrect or missing configurations, system setup, deployment, or runtime settings. It appears to be related to adding functional validation tests for registration and has a status of 'closed', indicating it was resolved."
ch0cohub,choco-hub-2,Testing integración descargar todos los datasets,Descripción: se realizaran los test de integración de la funcionalidad de descargar todos los datasets Criterios de aceptación: -No se producen errores Nivel de prioridad: Media Notas adicionales:,closed,testing,Other,https://github.com/ch0cohub/choco-hub-2/issues/12,,Other,"The bug report appears to be about a test case for integration functionality, but it does not mention any configuration artifacts or settings. It seems to focus on the testing of a specific feature rather than an issue caused by misconfigured settings."
ch0cohub,choco-hub-2,Fake nodo,"Descripción: Crear un ""Fake Nodo"", un nodo falso que actúa como una API simulada para emular las funciones de Zenodo, permitiendo realizar pruebas y desarrollos sin necesidad de conectarse al sistema real de Zenodo. Criterios de aceptación: - El Fake Nodo replica las respuestas y funcionalidades básicas de la API de Zenodo, incluyendo la creación, consulta y eliminación de recursos. - El Fake Nodo responde a solicitudes de manera consistente con la documentación de la API de Zenodo. - Las pruebas realizadas contra el Fake Nodo no afectan el sistema real ni generan datos en Zenodo. Nivel de prioridad: Alta, ya que permite realizar pruebas de desarrollo sin riesgo y acelera el proceso de implementación y depuración. Notas adicionales: - Documentar cómo se configura y utiliza el Fake Nodo para facilitar su integración en entornos de desarrollo y pruebas.",closed,enhancement,Other,https://github.com/ch0cohub/choco-hub-2/issues/11,,Other,"The bug report describes a feature request to create a 'Fake Nodo' that simulates the Zenodo API for testing and development purposes. It outlines the requirements, acceptance criteria, and priority level, but does not mention any configuration issues or misconfigured settings."
ch0cohub,choco-hub-2,Crear comunidades,"Descripción: Implementar una funcionalidad que permita a los usuarios crear comunidades dentro de la aplicación para facilitar la interacción y colaboración entre miembros con intereses comunes. Criterios de aceptación: - El usuario puede crear una comunidad proporcionando información básica como nombre, descripción y categoría. - Es posible establecer opciones de privacidad para la comunidad: pública (visible para todos) o privada (acceso solo mediante invitación o aprobación). - Los creadores de comunidades tienen privilegios de administración, como editar la información de la comunidad, gestionar miembros y moderar contenido. - La interfaz para crear comunidades es clara e intuitiva, siguiendo el diseño general de la aplicación. - Las comunidades creadas aparecen listadas y son accesibles según su configuración de privacidad. Nivel de prioridad: Media-Alta, ya que fomenta la interacción entre usuarios y aumenta la retención en la plataforma. Notas adicionales: - Incluir validaciones para evitar nombres duplicados o inapropiados.",closed,enhancement,Other,https://github.com/ch0cohub/choco-hub-2/issues/10,,Other,"The bug report describes a feature request to implement a new functionality for creating communities within the application, rather than an existing issue with configuration settings."
ch0cohub,choco-hub-2,Descargar todos los datasets,"Descripción: Añadir una funcionalidad que permita a los usuarios descargar todos los datasets disponibles en un solo archivo comprimido. Criterios de aceptación: - El usuario puede seleccionar una opción para descargar todos los datasets disponibles desde la interfaz. - El archivo descargado contiene todos los datos disponibles en los filtros seleccionados, si los hubiere. - Mensajes claros y precisos guían al usuario durante el proceso de descarga. - La descarga se completa sin errores y genera un archivo válido. Nivel de prioridad: Alta, ya que es una funcionalidad crítica para usuarios que necesitan trabajar con grandes cantidades de datos fuera de la plataforma. Notas adicionales: - Asegurarse de que la funcionalidad sea escalable para soportar futuros formatos de descarga.",closed,enhancement,Other,https://github.com/ch0cohub/choco-hub-2/issues/9,,Other,"The bug report describes a feature request to add functionality for downloading all datasets in a compressed file, which is not related to configuration settings or system setup."
ch0cohub,choco-hub-2,Descargar en diferentes formatos,"Descripción: Añadir la posibilidad de descargar los dataset en el formato deseado. Criterios de aceptación: - El usuario puede descargar los dataset eligiendo un formato específico. - La interfaz de descarga es intuitiva y sigue el diseño de la aplicación. - La descarga se realiza correctamente en el formato deseado. - No provoca errores en la aplicación. Nivel de prioridad: Alta, ya que impacta directamente en la experiencia del usuario y es una funcionalidad principal. Notas adicionales: Asegurarse de que la funcionalidad sea escalable para añadir futuros nuevos formatos.",closed,enhancement,Other,https://github.com/ch0cohub/choco-hub-2/issues/8,,Other,"The bug report describes a feature request for downloading datasets in different formats, which is more related to functionality and user experience rather than configuration settings."
ch0cohub,choco-hub-2,Recuerdo de contraseña,"Descripción: Recuerdo de contraseña, que permite cambiar la contraseña. Criterios de aceptación: El usuario debe estar registrado. Debe escribir el correo que está enlazado con la cuenta Recibe un correo con un enlace que te lleva al cambio de contraseña Nivel de prioridad: media-alta, ya que no es una funcionalidad principal, pero es necesaria para el inicio de sesion. Notas adicionales: Proporcionar mensajes de error claros si no coinciden las contraseñas.",closed,enhancement,Other,https://github.com/ch0cohub/choco-hub-2/issues/7,,Other,The bug report is about an enhancement feature (recuerdo de contraseña) and does not mention configuration artifacts or incorrect configurations. It seems to be a functional requirement rather than a configuration issue.
ch0cohub,choco-hub-2,Validación de registro,"Descripción: Implementar la validación de registro de usuarios Criterios de aceptación: - En todo momento el usuario sabe lo que tiene que hacer, ya que es guiado con una pantalla para que acepte el correo. - la validación no genera errores en el sistema. Nivel de prioridad: Alta, ya que es una funcionalidad principal. Notas adicionales: - intencionalmente vacío",closed,enhancement,Other,https://github.com/ch0cohub/choco-hub-2/issues/6,,Other,"The bug report appears to be about implementing a new feature (validación de registro) and its acceptance criteria, rather than an issue with existing configuration settings."
ch0cohub,choco-hub-2,Filtrado avanzado,"Descripción: Añadir nuevos filtros avanzados en la búsqueda de datasets para personalizar la búsqueda según las necesidades del usuario. Criterios de aceptación: - El usuario puede aplicar los nuevos filtros tanto individualmente como combinados con otros. - Los filtros seleccionados impactan en la visualización de datasets mostrados. - La interfaz de filtros es intuitiva y sigue el diseño de la aplicación. - La aplicación de filtros no genera errores en el sistema. Nivel de prioridad: Alta, ya que impacta directamente en la experiencia del usuario y es una funcionalidad principal. Notas adicionales: - Proporcionar mensajes de error claros si no se encuentran datasets que cumplan los criterios seleccionados. - Asegurarse de que la funcionalidad sea escalable para añadir futuros filtros.",closed,enhancement,Other,https://github.com/ch0cohub/choco-hub-2/issues/5,,Other,"The bug report describes a feature request for adding advanced filters to the dataset search, which is an enhancement rather than a configuration issue."
ch0cohub,choco-hub-1,Fix main issues after m3 integration,render fail and test dont pass,closed,"Bug, High Priority",Configuration,https://github.com/ch0cohub/choco-hub-1/issues/111,,Other,"The bug report does not mention configuration artifacts or describe incorrect or missing configurations. It also doesn't relate to system setup, deployment, or runtime settings. The title mentions integration which could be related to code changes rather than a configuration issue."
ch0cohub,choco-hub-1,Task M3: Efectuar el cambio propuesto para el M,Se propone realizar un cambio menor en la línea 9 del archivo choco-hub-1/app/modules/public/templates/public/index.html para que todo el texto aparezca en negrita.,closed,"High Priority, Task",Other,https://github.com/ch0cohub/choco-hub-1/issues/109,,Other,"The bug report describes a proposed change to the source code of an HTML file, which is a coding issue rather than a configuration problem."
ch0cohub,choco-hub-1,FIX main migrations exploded after integration,Sin descripción,closed,"Bug, High Priority",Other,https://github.com/ch0cohub/choco-hub-1/issues/107,,Other,"The provided information does not mention configuration artifacts or settings, making it difficult to determine if the issue is related to a configuration bug. However, since the title mentions 'main migrations' and 'integration', which could imply code-level issues rather than configuration problems, I'm classifying this as an 'Other' type of bug report."
ch0cohub,choco-hub-1,Stale Branches Detected,The following branches have not had any commits in over a month and are considered stale:\n\norigin/WI-4-rate-data-set-model\nConsider reviewing or archiving them.,closed,stale-branch,Other,https://github.com/ch0cohub/choco-hub-1/issues/105,,Other,"The bug report appears to be related to a GitHub issue about stale branches, which is more of a code organization and maintenance task rather than a configuration issue."
ch0cohub,choco-hub-1,Stale Branches Detected,The following branches have not had any commits in over a month and are considered stale:\n\norigin/WI-4-rate-data-set-model\nConsider reviewing or archiving them.,closed,stale-branch,Other,https://github.com/ch0cohub/choco-hub-1/issues/104,,Other,"The bug report appears to be related to a GitHub issue about stale branches, which is more of a code organization and maintenance task rather than a configuration issue."
ch0cohub,choco-hub-1,Stale Branch: 1734372214,The branch '1734372214' has not had any commits in over a month. Consider reviewing or archiving it.,closed,stale-branch,Other,https://github.com/ch0cohub/choco-hub-1/issues/103,,Other,"This bug report appears to be related to a GitHub branch management issue, specifically identifying a stale branch. It does not mention configuration artifacts or settings, but rather a maintenance task for the repository."
ch0cohub,choco-hub-1,Stale Branch: origin/uvl-editor,The branch 'origin/uvl-editor' has not had any commits in over a month. Consider reviewing or archiving it.,closed,stale-branch,Other,https://github.com/ch0cohub/choco-hub-1/issues/102,,Other,"This bug report appears to be related to a GitHub branch management issue, which is not directly related to configuration settings. It's more about maintaining the repository and its branches."
ch0cohub,choco-hub-1,Stale Branch: 1734460830,The branch '1734460830' has not had any commits in over a month. Consider reviewing or archiving it.,closed,stale-branch,Other,https://github.com/ch0cohub/choco-hub-1/issues/101,,Other,"The bug report appears to be related to a GitHub branch management issue, which is not directly related to configuration settings. It's more about the state of the branch and its maintenance."
ch0cohub,choco-hub-1,Stale Branch: origin/main,The branch 'origin/main' has not had any commits in over a month. Consider reviewing or archiving it.,closed,stale-branch,Other,https://github.com/ch0cohub/choco-hub-1/issues/100,,Other,"The bug report appears to be related to a GitHub branch management issue, which is not directly related to configuration settings. It's more about branch maintenance and archiving."
ch0cohub,choco-hub-1,Stale Branch: 1734447690,The branch '1734447690' has not had any commits in over a month. Consider reviewing or archiving it.,closed,stale-branch,Other,https://github.com/ch0cohub/choco-hub-1/issues/99,,Other,"The bug report appears to be related to a GitHub branch management issue, which is not directly related to configuration settings. It's more about the state of the branch and its maintenance."
ch0cohub,choco-hub-1,Stale Branch: origin/choco2-repo-branch-1-12,The branch 'origin/choco2-repo-branch-1-12' has not had any commits in over a month. Consider reviewing or archiving it.,closed,stale-branch,Other,https://github.com/ch0cohub/choco-hub-1/issues/98,,Other,"The bug report appears to be related to a GitHub branch management issue, specifically a stale branch. It does not mention configuration artifacts or settings, but rather a maintenance task for the repository."
ch0cohub,choco-hub-1,Stale Branch: 1734441369,The branch '1734441369' has not had any commits in over a month. Consider reviewing or archiving it.,closed,stale-branch,Other,https://github.com/ch0cohub/choco-hub-1/issues/97,,Other,"The bug report appears to be related to a GitHub branch management issue, which is not directly related to configuration settings. It's more about the state of the branch and its maintenance."
ch0cohub,choco-hub-1,Stale Branch: origin/anonymous-datasets,The branch 'origin/anonymous-datasets' has not had any commits in over a month. Consider reviewing or archiving it.,closed,stale-branch,Other,https://github.com/ch0cohub/choco-hub-1/issues/96,,Other,"This bug report appears to be related to a GitHub branch management issue, which is not directly related to configuration settings. It's more about maintaining the repository and its branches."
ch0cohub,choco-hub-1,Stale Branch: 1734437283,The branch '1734437283' has not had any commits in over a month. Consider reviewing or archiving it.,closed,stale-branch,Other,https://github.com/ch0cohub/choco-hub-1/issues/95,,Other,"The bug report appears to be related to a GitHub branch management issue, which is not directly related to configuration settings. It's more about the state of the branch and its maintenance."
ch0cohub,choco-hub-1,Stale Branch: origin/WI-5-Edit_UVL_tests,The branch 'origin/WI-5-Edit_UVL_tests' has not had any commits in over a month. Consider reviewing or archiving it.,closed,stale-branch,Other,https://github.com/ch0cohub/choco-hub-1/issues/94,,Other,"This bug report appears to be related to a GitHub branch management issue, specifically identifying a stale branch. It does not mention configuration artifacts or settings that would indicate it's a configuration-related problem."
ch0cohub,choco-hub-1,Stale Branch: 1734368764,The branch '1734368764' has not had any commits in over a month. Consider reviewing or archiving it.,closed,stale-branch,Other,https://github.com/ch0cohub/choco-hub-1/issues/93,,Other,"The bug report appears to be related to a GitHub branch management issue, which is not directly related to configuration settings. It's more about branch maintenance and archiving."
ch0cohub,choco-hub-1,Stale Branch: origin/WI-4-rate-data-set-model,The branch 'origin/WI-4-rate-data-set-model' has not had any commits in over a month. Consider reviewing or archiving it.,closed,stale-branch,Other,https://github.com/ch0cohub/choco-hub-1/issues/92,,Other,"This bug report appears to be related to a GitHub branch management issue, specifically identifying a stale branch. It does not mention configuration artifacts or settings that would indicate it's a configuration-related problem."
ch0cohub,choco-hub-1,test for rate data set selenium,Sin descripción,closed,"Test, Medium Priority",Other,https://github.com/ch0cohub/choco-hub-1/issues/91,,Other,"The provided information does not contain enough details to determine if the bug report is a configuration issue. The description field is empty, and there are no mentions of configuration artifacts or settings."
ch0cohub,choco-hub-1,Update codacy workflow,Improve the Codacy GitHub Actions workflow,closed,"Medium Priority, Task",Other,https://github.com/ch0cohub/choco-hub-1/issues/89,,Other,"The bug report appears to be related to improving a GitHub Actions workflow, which is more about code and automation rather than configuration settings."
ch0cohub,choco-hub-1,Stale Branch: 1734384378,The branch '1734384378' has not had any commits in over a month. Consider reviewing or archiving it.,closed,stale-branch,Other,https://github.com/ch0cohub/choco-hub-1/issues/87,,Other,"The bug report appears to be related to a GitHub branch management issue, which is not directly related to configuration settings. It's more about the state of the branch and its maintenance."
ch0cohub,choco-hub-1,Stale Branch: main,The branch 'main' has not had any commits in over a month. Consider reviewing or archiving it.,closed,stale-branch,Other,https://github.com/ch0cohub/choco-hub-1/issues/86,,Other,"The bug report appears to be related to a GitHub branch management issue, which is not directly related to configuration settings. It's more about the state of the repository and its branches."
ch0cohub,choco-hub-1,Tests for WI-2 Anonymize datasets,Sin descripción,closed,"Test, High Priority",Other,https://github.com/ch0cohub/choco-hub-1/issues/85,,Other,"The provided information does not mention configuration artifacts or settings. The title mentions a test for anonymizing datasets, which suggests it's related to code functionality rather than system configuration."
ch0cohub,choco-hub-1,Stale Branch: 1734373817,The branch '1734373817' has not had any commits in over a month. Consider reviewing or archiving it.,closed,stale-branch,Other,https://github.com/ch0cohub/choco-hub-1/issues/83,,Other,"The bug report appears to be related to a GitHub branch management issue, which is not directly related to configuration settings. It's more about the state of the branch and its maintenance."
ch0cohub,choco-hub-1,Stale Branch: main,The branch 'main' has not had any commits in over a month. Consider reviewing or archiving it.,closed,stale-branch,Other,https://github.com/ch0cohub/choco-hub-1/issues/82,,Other,"The bug report appears to be related to a GitHub branch management issue, which is not directly related to configuration settings. It's more about code organization and maintenance."
ch0cohub,choco-hub-1,Chore: add a new workflow to check stale branches,Sin descripción,closed,"Low Priority, Task",Other,https://github.com/ch0cohub/choco-hub-1/issues/81,,Other,"The provided information does not mention configuration artifacts or settings. The title and description suggest a task related to adding a new workflow, which is more likely a code-related issue rather than a configuration bug."
ch0cohub,choco-hub-1,Bug: Existen dos migrations que entran en conflicto,La migration 2dd2188ad6d3_add_review_score_column_to_data_set_.py y la migration 6f08902b6fce_ensure_review_score_column_exists_in_.py crean ambas la tabla fakenodo lo que provoca un error.,closed,"Bug, High Priority",Configuration,https://github.com/ch0cohub/choco-hub-1/issues/80,,Configuration,"The bug report mentions migrations which are related to database schema changes and can be considered as a configuration issue. Although it involves code, the primary problem is due to how the system is configured (in this case, conflicting migration scripts) rather than a flaw in the source code itself."
ch0cohub,choco-hub-1,Tests for WI-5 UVL Editor,Sin descripción,closed,"Test, High Priority",Other,https://github.com/ch0cohub/choco-hub-1/issues/77,,Other,"The provided information does not mention configuration artifacts or settings, so it's likely a bug report related to code defects rather than a configuration issue."
ch0cohub,choco-hub-1,Load test rate dataset and models,create at least one load test,closed,"Test, Medium Priority",Other,https://github.com/ch0cohub/choco-hub-1/issues/76,,Other,"The provided information does not mention configuration artifacts or settings. The issue seems to be related to creating a load test and its dataset, which is more likely a development or testing task rather than a configuration issue."
ch0cohub,choco-hub-1,Integration test rate dataset and models,Create at least 3 integration test,closed,"Test, High Priority",Other,https://github.com/ch0cohub/choco-hub-1/issues/75,,Other,"The bug report appears to be related to writing integration tests for a dataset and models, which is more about code implementation rather than configuration settings."
ch0cohub,choco-hub-1,Unit test rate data sets and models,"create unit test for data sets, minimun 3. Expand to create more if necesary",closed,"Test, High Priority",Other,https://github.com/ch0cohub/choco-hub-1/issues/74,,Other,"The bug report appears to be about creating unit tests for data sets and models, which is a code-related task rather than a configuration issue."
ch0cohub,choco-hub-1,Delete all wrong branches and create new ones,"Delete the branches that are wrongly named or that brach of the incorrect branch. Save all progress before deleting the branch by commiting and doing a pull request. If thats no posibel, then remenber to do so when yoe have a stable version that you can commit to main. Name the new brach to work in your wi or wf using the new naming strategy for branching",closed,"Medium Priority, Task",Other,https://github.com/ch0cohub/choco-hub-1/issues/69,,Other,"The bug report appears to be related to a task or workflow process rather than a configuration issue. It involves deleting and creating branches, committing changes, and updating the naming strategy for branching, which are all related to development processes rather than system configurations."
ch0cohub,choco-hub-1,Release Workflow,Crear un workflow que realice releases automaticamente,closed,"Low Priority, Task",Configuration,https://github.com/ch0cohub/choco-hub-1/issues/68,,Other,"The bug report does not mention configuration artifacts or describe incorrect or missing configurations. It appears to be a task request for implementing an automated release workflow, which is more related to development and implementation rather than configuration."
ch0cohub,choco-hub-1,Tag Workflow,Crear un workflow para crear tags automaticamente,closed,"Low Priority, Task",Other,https://github.com/ch0cohub/choco-hub-1/issues/67,,Other,The bug report does not mention configuration artifacts or describe incorrect or missing configurations. It appears to be a task request for implementing a new workflow feature.
ch0cohub,choco-hub-1,Fix Integration Workflow,Solucionar problemas de integracion debido al renombrado de ramas,closed,"Medium Priority, Task",Other,https://github.com/ch0cohub/choco-hub-1/issues/66,,Other,"The bug report mentions a problem with integration workflow due to branch renaming, which suggests a code defect or process issue rather than a configuration problem."
ch0cohub,choco-hub-1,Create sonarcloud workflow,"Crear un workflow para analizar estáticamente la codebase del proyecto mediante la herramienta ""SonarCloud""",closed,"Test, Low Priority",Other,https://github.com/ch0cohub/choco-hub-1/issues/64,,Other,"The bug report appears to be about setting up a workflow for code analysis using SonarCloud, which is more related to development process or tool setup rather than configuration settings."
ch0cohub,choco-hub-1,Branch naming workflow,edit branch naming methology and create a workflow that ensures that policy,closed,"Documentation, Medium Priority, Task",Other,https://github.com/ch0cohub/choco-hub-1/issues/63,,Other,The bug report appears to be related to a workflow or documentation change rather than an issue with system configuration.
ch0cohub,choco-hub-1,Edit workflows to separate them for each repo,jobs: el-workflow-que-sea: if: ${{ github.repository == 'your-username/your-repo-name' }} runs-on: ubuntu-latest hacer este edit a los workflows que se quieren separar por repositorio y evitar problemas de integracion continua entre distintos repos,closed,"Bug, High Priority",Configuration,https://github.com/ch0cohub/choco-hub-1/issues/62,,Configuration,"The bug report mentions modifying workflow configurations to separate them for each repository and avoiding integration issues between different repositories, which suggests a configuration issue related to GitHub Actions workflows."
ch0cohub,choco-hub-1,Versioning Review,Revisar tags correspondientes a los versionados y las releases,closed,"Low Priority, Task",Other,https://github.com/ch0cohub/choco-hub-1/issues/60,,Other,"The bug report does not mention configuration artifacts or describe incorrect or missing configurations. It appears to be a task related to versioning and reviewing tags, which is more related to development process rather than system configuration."
ch0cohub,choco-hub-1,Fix Render Deploy,Solucionar problemas que impiden el despliegue en render,closed,"Low Priority, Task",Configuration,https://github.com/ch0cohub/choco-hub-1/issues/58,,Other,"The bug report does not mention configuration artifacts or describe incorrect or missing configurations. It seems to be related to a deployment issue in Render, but the description is too generic and doesn't provide enough information to classify it as a configuration bug report."
ch0cohub,choco-hub-1,Update and Upload Documentation,Actualizar documentación referente a los cambios en el proyecto. Cambios en Wiki y en documentos anexos.,closed,"Documentation, Low Priority",Other,https://github.com/ch0cohub/choco-hub-1/issues/57,,Other,"The bug report appears to be related to updating and uploading documentation, which is a content-related issue rather than a configuration problem."
ch0cohub,choco-hub-1,Branch Renaming,Se renombrará develop a main y se borrará master.,closed,"Low Priority, Task",Other,https://github.com/ch0cohub/choco-hub-1/issues/56,,Other,The bug report appears to be related to a task or change in the project's branch structure rather than an issue with configuration settings.
ch0cohub,choco-hub-1,Integration Tests Hubfile,**Descripción** Esta issue busca mejorar la covertura del módulo hubfile mediante la creación de nuevos casos de prueba. **Tareas** Realizar tests de integración que compruebe el adecuado funcionamiento del módulo en conjunto con otros componentes del sistema.,closed,"Test, Medium Priority",Other,https://github.com/ch0cohub/choco-hub-1/issues/54,,Other,"The bug report is about creating new test cases for the hubfile module and running integration tests to ensure its proper functioning with other system components. It does not mention configuration artifacts or settings, so it's unlikely a configuration issue."
ch0cohub,choco-hub-1,Unit Tests Hubfile,**Descripción** Esta issue busca mejorar la covertura del módulo hubfile mediante la creación de nuevos casos de prueba. **Tareas** Realizar tests unitarios que comprueben los métodos del servicio en diferentes casuísticas.,closed,"Test, Medium Priority",Other,https://github.com/ch0cohub/choco-hub-1/issues/53,,Other,The bug report is about creating new unit tests for the hubfile module and does not mention configuration artifacts or settings. It appears to be a task related to testing and code coverage rather than a configuration issue.
ch0cohub,choco-hub-1,Integration Tests Dataset,**Descripción** Esta issue busca mejorar la covertura del módulo dataset mediante la creación de nuevos casos de prueba. **Tareas** Realizar tests de integración que compruebe el adecuado funcionamiento del módulo en conjunto con otros componentes del sistema.,closed,"Test, Medium Priority",Other,https://github.com/ch0cohub/choco-hub-1/issues/52,,Other,"The bug report is about improving test coverage and creating new integration tests for the dataset module. It does not mention configuration artifacts, incorrect or missing configurations, system setup, deployment, or runtime settings."
ch0cohub,choco-hub-1,Unit Tests Dataset,**Descripción** Esta issue busca mejorar la covertura del módulo dataset mediante la creación de nuevos casos de prueba. **Tareas** Realizar tests unitarios que comprueben los métodos del servicio en diferentes casuísticas.,closed,"Test, Medium Priority",Other,https://github.com/ch0cohub/choco-hub-1/issues/51,,Other,"The bug report is about creating unit tests for a service and improving test coverage, which does not seem to be related to configuration settings or system setup."
ch0cohub,choco-hub-1,Integration Tests Profile,**Descripción** Esta issue busca mejorar la covertura del módulo profile mediante la creación de nuevos casos de prueba. **Tareas** Realizar tests de integración que compruebe el adecuado funcionamiento del módulo en conjunto con otros componentes del sistema.,closed,"Test, Medium Priority",Other,https://github.com/ch0cohub/choco-hub-1/issues/50,,Other,"The bug report is about creating new test cases for the profile module and running integration tests to ensure its proper functioning with other system components. It does not mention configuration artifacts or settings, so it's unlikely a configuration issue."
ch0cohub,choco-hub-1,Unit Tests Profile,**Descripción** Esta issue busca mejorar la covertura del módulo profile mediante la creación de nuevos casos de prueba. **Tareas** Realizar tests unitarios que comprueben los métodos del servicio en diferentes casuísticas.,closed,"Test, Medium Priority",Other,https://github.com/ch0cohub/choco-hub-1/issues/49,,Other,"The bug report is about creating unit tests to improve coverage of a module, which does not seem to be related to configuration settings or system setup."
ch0cohub,choco-hub-1,Bug edit profile,"**Descripción** Esta issue busca arreglar el método de edición del perfil, que tras la realización de tests unitarios se pudo comprobar su incorrecto funcionamiento **Tareas** - Identificar en qué archivo se produce el fallo - Arreglar el fragmento de código correspondiente - Relanzar las pruebas que permitieron detectarlo y comprobar su adecuado funcionamiento",closed,"Bug, High Priority",Other,https://github.com/ch0cohub/choco-hub-1/issues/48,,Other,"The bug report primarily involves a code defect in the edit profile functionality, rather than an issue with system configuration."
ch0cohub,choco-hub-1,Integration Tests Auth,**Descripción** Esta issue busca mejorar la covertura del módulo auth mediante la creación de nuevos casos de prueba. **Tareas** Realizar tests de integración que compruebe el adecuado funcionamiento del módulo en conjunto con otros componentes del sistema.,closed,"Test, Medium Priority",Other,https://github.com/ch0cohub/choco-hub-1/issues/47,,Other,"The bug report is about improving test coverage and creating new integration tests for the auth module, which does not seem to be related to a configuration issue."
ch0cohub,choco-hub-1,Unit Tests Auth,Descripción Esta issue busca mejorar la covertura del módulo auth mediante la creación de nuevos casos de prueba. Tareas Realizar tests unitarios que comprueben los métodos del servicio en diferentes casuísticas.,closed,"Test, Low Priority",Other,https://github.com/ch0cohub/choco-hub-1/issues/46,,Other,"The bug report is about improving test coverage for the auth module by creating new unit tests, which does not relate to configuration settings or system setup."
ch0cohub,choco-hub-1,Integration Tests Webhook,**Descripción** Esta issue busca mejorar la covertura del módulo webhook mediante la creación de nuevos casos de prueba. **Tareas** Realizar tests de integración que compruebe el adecuado funcionamiento del módulo en conjunto con otros componentes del sistema.,closed,"Test, Medium Priority",Other,https://github.com/ch0cohub/choco-hub-1/issues/44,,Other,"The bug report is about improving test coverage and creating new integration tests for the webhook module, which does not seem to be related to a configuration issue."
ch0cohub,choco-hub-1,Unit Tests Webhook,**Descripción** Esta issue busca mejorar la covertura del módulo webhook mediante la creación de nuevos casos de prueba. **Tareas** Realizar tests unitarios que comprueben los métodos del servicio en diferentes casuísticas.,closed,"Test, Medium Priority",Other,https://github.com/ch0cohub/choco-hub-1/issues/43,,Other,"The bug report is about creating unit tests for a webhook service, which does not seem to be related to configuration settings. It's more focused on testing and code quality."
ch0cohub,choco-hub-1,Test execution workflow,**Descripción** Esta issue se enfoca en la creación de un workflow para comprobar que pasen los tests antes de integrar los cambios en las ramas master y develop. **Tareas** Crear un workflow que ejecute todos los tests unitarios y de integración.,closed,"Medium Priority, Task",Other,https://github.com/ch0cohub/choco-hub-1/issues/42,,Other,"The bug report is about creating a workflow for testing and integrating changes, which seems to be related to the development process rather than a configuration issue."
ch0cohub,choco-hub-1,Selenium Tests Visualize UVL,Crear tests de selenium para visualize UVL debido a problemas creado datos para tests unitarios,closed,"Test, Low Priority",Other,https://github.com/ch0cohub/choco-hub-1/issues/41,,Other,"The bug report does not mention configuration artifacts or describe incorrect or missing configurations. It appears to be related to creating Selenium tests for a specific feature, which is more of a development task rather than a configuration issue."
ch0cohub,choco-hub-1,Change style of html for search queries,"Descripción Este issue se enfoca en cambiar el estilo de la interfaz de ""explore"" Tareas: Cambiar el botón de download all para que sea coherente con el resto de la página",closed,Low Priority,Other,https://github.com/ch0cohub/choco-hub-1/issues/39,,Other,"The bug report does not mention configuration artifacts, incorrect or missing configurations, system setup, deployment, or runtime settings. It appears to be a request for UI changes and is related to the functionality of the application rather than its configuration."
ch0cohub,choco-hub-1,Selenium tests search queries,"Descripción Este issue se enfoca en crear tests de interfaz del work item ""search queries"" Tareas: Verificar que la interfaz para buscar datasets funciona adecuadamente.",closed,"Test, Low Priority",Other,https://github.com/ch0cohub/choco-hub-1/issues/36,,Other,The bug report appears to be related to a test case for the 'search queries' feature and does not mention configuration artifacts or settings. It seems to be focused on verifying the functionality of the search interface rather than an issue caused by misconfigured settings.
ch0cohub,choco-hub-1,Locust tests search queries,"Descripción Este issue se enfoca en crear tests de carga del work item ""search queries"" Tareas: Verificar que la función de filtrar datasets funciona adecuadamente mediante tests de carga y que por ende la aplicación es capaz de responder bajo una demanda intensiva",closed,"Test, Low Priority",Other,https://github.com/ch0cohub/choco-hub-1/issues/34,,Other,"The bug report appears to be related to testing and load testing of the application's search queries functionality, but it does not mention configuration artifacts or settings. It seems to focus on verifying the correct behavior of a specific feature under heavy demand."
ch0cohub,choco-hub-1,Integration tests search queries,"Descripción Este issue se enfoca en crear tests de integración del work item ""search queries"" Tareas: Verificar que la función de filtrar datasets funciona adecuadamente mediante tests de integración positivos y negativos.",closed,"Test, Low Priority",Other,https://github.com/ch0cohub/choco-hub-1/issues/32,,Other,"The bug report primarily involves writing and verifying integration tests for a specific feature (search queries), which does not directly relate to configuration settings or system setup."
ch0cohub,choco-hub-1,Unit Tests Search Queries,"Descripción Este issue se enfoca en crear tests unitarios del work item ""search queries"" Tareas: Verificar que la función de filtrer datasets funciona adecuadamente mediante tests unitarios positivos y negativos.",closed,"Test, Low Priority",Other,https://github.com/ch0cohub/choco-hub-1/issues/30,,Other,"The bug report primarily involves writing and verifying unit tests for a specific feature (search queries), which is related to code development rather than system configuration."
ch0cohub,choco-hub-1,Fix bugs found on Test View User Datasets,"Descripción Se han encontrado dos errores en las pruebas de la funcionalidad **View User Datasets** que necesitan ser corregidos: 1. **Error en la ruta del ID**: La ruta usaba la `id` de **UserProfile**, cuando debía usar la `id` de **User**. Aunque en muchos casos estas `id` son iguales, no siempre es así, lo que causó el problema. Se procederá a corregir este detalle. 2. **Manejo de la inexistencia del usuario**: No se contempló la situación en la que el usuario no existe, lo que genera un fallo cuando se intenta acceder a los datos de un usuario inexistente. Se procederá a implementar una verificación adecuada para manejar este caso. Tareas: - **Corregir la ruta del ID**: Modificar la lógica para que se utilice la `id` de **User** en lugar de la `id` de **UserProfile**. - **Agregar validación para usuario inexistente**: Implementar una verificación para comprobar si el usuario existe antes de intentar cargar sus datos. En caso de que el usuario no exista, mostrar un mensaje de error adecuado.",closed,"Bug, Low Priority",Other,https://github.com/ch0cohub/choco-hub-1/issues/29,,Other,"The bug report describes a code defect (incorrect usage of IDs and lack of user existence validation) rather than a configuration issue. The problem is related to the source code itself, not how the system is configured."
ch0cohub,choco-hub-1,Unit Tests Visualize UVL,"Descripción Este issue se enfoca en realizar pruebas para la funcionalidad **Visualize UVL**. El objetivo es asegurarse de que el UVL se visualice correctamente y cumpla con los requisitos establecidos. Tareas: - Verificar que el UVL se cargue correctamente en la interfaz. - Asegurarse de que los datos del UVL sean precisos y coincidan con la base de datos. - Comprobar que todos los elementos visuales del UVL estén correctamente alineados y sin errores de diseño. - Validar que el sistema maneje correctamente los casos de error, como UVLs vacíos o con datos erróneos.",closed,"Test, Low Priority",Other,https://github.com/ch0cohub/choco-hub-1/issues/28,,Other,"The bug report is about writing unit tests for a specific feature (Visualize UVL) and ensuring it meets the requirements, which does not directly relate to configuration settings or system setup."
ch0cohub,choco-hub-1,Unit Tests View User Datasets,Descripción Este issue se enfoca en visualizar y verificar que los datasets del usuario estén correctamente accesibles y que la información mostrada sea precisa y consistente. Tareas: - Verificar que los datasets de los usuarios se carguen correctamente. - Comprobar que los datos mostrados en cada dataset correspondan a los registros correctos.,closed,"Test, Low Priority",Other,https://github.com/ch0cohub/choco-hub-1/issues/27,,Other,"The bug report focuses on verifying the correctness of user datasets and data consistency, which suggests a code defect or test issue rather than a configuration problem."
ch0cohub,choco-hub-1,Despliegue en Render,Realizar el despliegue del proyecto en la plataforma Render para que sea accesible de forma pública. Tareas: - Configurar el proyecto en Render. - Subir el repositorio a la plataforma. - Verificar que el sistema funcione correctamente en el entorno de Render. - Realizar pruebas para garantizar que todo esté funcionando de acuerdo a lo esperado.,closed,"Medium Priority, Task",Configuration,https://github.com/ch0cohub/choco-hub-1/issues/26,,Configuration,"The bug report involves setting up and configuring the project on a platform (Render), which suggests it's related to configuration rather than code defects."
ch0cohub,choco-hub-1,"Integration incident,","wi funcionality problems (view profile and visualize uvl), and test dont run properly",closed,"Bug, Medium Priority",Other,https://github.com/ch0cohub/choco-hub-1/issues/22,,Other,"The bug report does not mention configuration artifacts or describe incorrect or missing configurations. It seems to be related to a code defect, possibly in the integration of different functionalities."
ch0cohub,choco-hub-1,WI-7: View user profile,"ID del WI: WI-7 Descripción: Como usuario, quiero poder hacer clic en el nombre y/o apellido de un usuario (que aparece en el perfil de un dataset bajo la etiqueta ""Uploaded by"") y ser dirigido a una página donde pueda ver todos los datasets que ese usuario ha subido a la plataforma. Tipo: Funcionalidad (feat) Prioridad: Baja",closed,"Feature, Low Priority",Other,https://github.com/ch0cohub/choco-hub-1/issues/8,,Other,"The bug report appears to be related to a feature request or functionality issue rather than a configuration problem. It does not mention any configuration artifacts, incorrect configurations, system setup, deployment, or runtime settings."
ch0cohub,choco-hub-1,WI-6: Search queries,ID del WI: WI-6 Descripción: Desarrollar la posibilidad de consultar el repositorio para obtener un conjunto de modelos o descargarlos todos. Tipo: Funcionalidad (feat) Prioridad: Alta,closed,"Feature, High Priority",Other,https://github.com/ch0cohub/choco-hub-1/issues/7,,Other,"The bug report does not mention configuration artifacts or describe incorrect or missing configurations. It appears to be a feature request with high priority, indicating it's related to adding new functionality rather than fixing an existing issue caused by misconfigured settings."
ch0cohub,choco-hub-1,WI-5: UVL editor,ID del WI: WI-5 Descripción: Desarrollar una herramienta para editar un archivo UVL y exportarlo o pasarlo a un parser. Tipo: Funcionalidad (feat) Prioridad: Alta,closed,"Feature, High Priority",Other,https://github.com/ch0cohub/choco-hub-1/issues/6,,Other,The provided information does not mention configuration artifacts or settings. The bug report appears to be related to a feature development issue rather than a configuration problem.
ch0cohub,choco-hub-1,WI-4: Rate Data sets/models,ID del WI: WI-4 Descripción: Desarrollar un sistema para evaluar datasets y modelos en base a diferentes criterios. Tipo: Funcionalidad (feat) Prioridad: Media,closed,"Feature, High Priority",Other,https://github.com/ch0cohub/choco-hub-1/issues/5,,Other,"The provided information does not mention configuration artifacts or describe a problem related to system setup, deployment, or runtime settings. It appears to be a feature request with a description of the desired functionality."
ch0cohub,choco-hub-1,WI-3: New test cases,ID del WI: WI-3 Descripción: Crear casos de prueba adicionales para asegurar la cobertura de los nuevos módulos desarrollados. Tipo: Pruebas (test) Prioridad: Alta,closed,"Test, High Priority",Other,https://github.com/ch0cohub/choco-hub-1/issues/4,,Other,"The bug report is about creating additional test cases for new modules developed, which does not seem to be related to configuration settings or system setup. It appears to be a task related to testing and ensuring coverage of new features."
ch0cohub,choco-hub-1,WI-2: Anonymize datasets,"ID del WI: WI-2 Descripción: Anonimizar datasets para que los metadatos de los autores sean anónimos, con la opción de hacerlo público más tarde. Tipo: Funcionalidad (feat) Prioridad: Alta",closed,"Feature, High Priority",Other,https://github.com/ch0cohub/choco-hub-1/issues/3,,Other,"The bug report appears to be related to a feature request (anonymizing datasets) rather than an issue caused by misconfigured settings or incorrect parameter values. It does not mention configuration artifacts, describe incorrect or missing configurations, relate to system setup, deployment, or runtime settings, or involve unintended interactions between configuration settings."
ch0cohub,choco-hub-1,WI-1: Visualize UVL,ID del WI: WI-1 Título: Visualize UVL Descripción: Crear una interfaz gráfica que permita la visualización de UVL en tiempo real. Tipo: Funcionalidad (feat) Prioridad: Alta,closed,"Feature, High Priority",Other,https://github.com/ch0cohub/choco-hub-1/issues/2,,Other,"The bug report does not mention configuration artifacts or describe incorrect or missing configurations. It appears to be a feature request for a graphical interface, which is more related to code development than configuration."
natillas-hub,uvlhub,FEAT: Change securty text,Hay que cambiar el titulo de la página de establecer las preguntas de seguridad,closed,"enhancement, Priority: High ⚠️, Complexity: Low 🔽, code",Other,https://github.com/natillas-hub/uvlhub/issues/44,,Other,"The bug report is about an enhancement feature with a high priority and low complexity, but it does not mention configuration artifacts or incorrect configurations. It seems to be related to code changes rather than system setup or deployment settings."
natillas-hub,uvlhub,FIX: Solve DockerHub Issue,"Add missing "":"" on DockerHub workflow",closed,"Priority: High ⚠️, Complexity: Low 🔽, fix",Configuration,https://github.com/natillas-hub/uvlhub/issues/41,,Other,The bug report primarily involves a code defect (missing colon in DockerHub workflow) rather than an issue with system configuration.
natillas-hub,uvlhub,FEAT: Add Workflow DockerHub,Add the DockerHub workflow to the repository,closed,"Priority: High ⚠️, Complexity: Low 🔽, code",Configuration,https://github.com/natillas-hub/uvlhub/issues/38,,Other,"The bug report does not mention configuration artifacts or describe incorrect or missing configurations. It appears to be related to adding a workflow to the repository, which is more of a feature request rather than a configuration issue."
natillas-hub,uvlhub,FIX: Solve Explore and Dataset Tests Issues,Explore and Dataset Selenium tests are presenting problems on performance due to interference with new methods. They need to be identified and solved as soon as possible,closed,"Priority: High ⚠️, Complexity: Low 🔽, code, fix, test",Other,https://github.com/natillas-hub/uvlhub/issues/32,,Other,"The bug report primarily involves fixing issues with Selenium tests and their performance, which suggests a code defect rather than a configuration issue."
natillas-hub,uvlhub,FIX: Download from all users,- [x] Users should be able to download all datasets without loging in - [x] Download All button is downloading only datasets from user with user_id=1 and it should download all datasets from all users,closed,"Priority: Low, Complexity: Low 🔽, code, fix",Other,https://github.com/natillas-hub/uvlhub/issues/25,,Other,The bug report primarily involves a code defect (incorrect functionality of the Download All button) rather than an issue with system configuration.
natillas-hub,uvlhub,TEST: Staging area,Tests need to satisfy more coverage percentage. Selenium or Locust must be added as well for this feature.,closed,"Priority: Medium, Complexity: Low 🔽, code, test",Other,https://github.com/natillas-hub/uvlhub/issues/24,,Other,"The bug report primarily involves adding a new feature and increasing test coverage percentage, which suggests it's related to code or testing rather than configuration."
natillas-hub,uvlhub,TEST: Download all,Tests need to satisfy more coverage percentage. Selenium or Locust must be added as well for this feature.,closed,"Priority: Medium, Complexity: Low 🔽, code, test",Other,https://github.com/natillas-hub/uvlhub/issues/23,,Other,"The bug report primarily involves adding features and increasing test coverage percentage, which does not seem to be related to configuration settings."
natillas-hub,uvlhub,TEST: Advanced filtering,Tests need to satisfy more coverage percentage. Selenium or Locust must be added as well for this feature.,closed,"Priority: Medium, Complexity: Low 🔽, code, test",Other,https://github.com/natillas-hub/uvlhub/issues/22,,Other,The bug report primarily involves adding features and testing requirements rather than configuration settings.
natillas-hub,uvlhub,TEST: View user profile,Tests need to satisfy more coverage percentage. Selenium or Locust must be added as well for this feature.,closed,"Priority: Medium, Complexity: Low 🔽, code, test",Other,https://github.com/natillas-hub/uvlhub/issues/21,,Other,The bug report primarily involves adding more test coverage and does not mention configuration artifacts or settings. It is related to testing and code rather than system setup or deployment.
natillas-hub,uvlhub,TEST: Remember my password,Tests need to satisfy more coverage percentage. Selenium or Locust must be added as well for this feature.,closed,"Priority: Medium, Complexity: Low 🔽, code, test",Other,https://github.com/natillas-hub/uvlhub/issues/20,,Other,"The bug report primarily involves adding tests and increasing coverage percentage, which is related to testing and code quality rather than configuration settings."
natillas-hub,uvlhub,TEST: Download in different formats,Tests need to satisfy more coverage percentage. Selenium or Locust must be added as well for this feature.,closed,"Priority: Medium, Complexity: Low 🔽, code, test",Other,https://github.com/natillas-hub/uvlhub/issues/19,,Other,"The bug report primarily involves adding features and tests to increase coverage percentage, which is a code-related issue rather than a configuration one."
natillas-hub,uvlhub,DOCS: Add Wiki,Añadir las siguientes páginas con los datos del [acta fundacional](https://docs.google.com/document/d/15vvukgQkttLshGOQh-JAdoO4x65jM3Fn/edit): - [x] Política de Issues - [x] Política de ramas - [x] Política de pull requests - [x] Política de commits,closed,"documentation, Priority: Low, Complexity: Low 🔽",Other,https://github.com/natillas-hub/uvlhub/issues/15,,Other,The bug report is about adding wiki pages and does not mention configuration artifacts or incorrect configurations. It appears to be a documentation task rather than a technical issue.
natillas-hub,uvlhub,FEAT: Add Workflow Coveralls,Add the Workflow Coveralls to the repository,closed,"Priority: Medium, Complexity: Medium ▶️, code",Other,https://github.com/natillas-hub/uvlhub/issues/14,,Other,"The bug report does not mention configuration artifacts or describe incorrect or missing configurations. It appears to be a feature request with a closed status, indicating that the task has been completed."
natillas-hub,uvlhub,FEAT: Staging area (H),"As a user, I want to be able to upload datasets to Uvlhub and not put them into Zenodo immediately, but keep them in a kind of stage inside Uvlhub, so that I can edit them over time and when I want them to be permanent, then I can press a button that is ""Upload to Zenodo"". Include at least one unit test.",closed,"Priority: Medium, Complexity: High 🔼, code, test",Other,https://github.com/natillas-hub/uvlhub/issues/7,,Other,"The bug report appears to be a feature request rather than a bug report. It describes a new functionality and includes a unit test, but does not mention any existing issues or problems with the system."
natillas-hub,uvlhub,FEAT: Advanced filtering (H),"As a user I want to filter by number of features, number of products, etc. to obtain datasets according to my needs. Include at least one unit test.",closed,"Priority: Medium, Complexity: High 🔼, code, test",Other,https://github.com/natillas-hub/uvlhub/issues/6,,Other,The bug report primarily involves a feature request with unit tests and does not mention configuration artifacts or settings.
natillas-hub,uvlhub,FEAT: Create Fakenodo (H),"As a developer, I want to have a dummy Zenodo in order to do as many tests and requests without reaching the limit of the Zenodo API and consume my resources. Include at least one unit test.",closed,"Priority: High ⚠️, Complexity: High 🔼, code, test",Other,https://github.com/natillas-hub/uvlhub/issues/5,,Other,"The bug report appears to be about implementing a feature (dummy Zenodo) rather than addressing an existing configuration issue. It mentions unit tests and has a high priority, indicating it's more related to code development than configuration."
natillas-hub,uvlhub,FEAT: Download all (M),"As a user, I want a 'Download all' button somewhere that downloads ALL datasets with ALL models and in ALL formats. Include at least one unit test.",closed,"Priority: Low, Complexity: Medium ▶️, code, test",Other,https://github.com/natillas-hub/uvlhub/issues/4,,Other,"The bug report appears to be a feature request rather than an actual issue or bug. It describes a new functionality and includes requirements for unit testing, but does not mention any existing problems or misconfigurations."
natillas-hub,uvlhub,FEAT: Download in different formats (M),"As a user, I want to be able to download the models or dataset in different formats (e.g., dimacs), for use in my own projects. Include at least one unit test.",closed,"Priority: Medium, Complexity: Medium ▶️, code, test",Other,https://github.com/natillas-hub/uvlhub/issues/3,,Other,The bug report primarily involves adding a new feature with unit tests and does not mention configuration artifacts or settings.
natillas-hub,uvlhub,FEAT: View user profile (L),"As a user, I want to be able to access a user’s profile in order to see their uploaded datasets. Include at least one unit test.",closed,"Priority: Low, Complexity: Low 🔽, code, test",Other,https://github.com/natillas-hub/uvlhub/issues/2,,Other,"The bug report appears to be a feature request with accompanying unit tests and does not mention configuration artifacts or settings. It is primarily focused on adding functionality rather than resolving an issue related to system setup, deployment, or runtime configurations."
natillas-hub,uvlhub,FEAT: Remember my password (L),"As a user, I want to be able to request a password change via the login screen. Include at least one unit test.",closed,"Priority: Low, Complexity: Low 🔽, code, test",Other,https://github.com/natillas-hub/uvlhub/issues/1,,Other,"The bug report primarily involves adding a new feature and writing unit tests, rather than addressing configuration issues."
pringa-uvlhub,uvlhub,FEAT - Change buttom color,**Describe your feature request** CHange the Explore more datasets bottom **Describe the solution you'd like** Change the background color **Describe alternatives you've considered** A clear and concise description of any alternative solutions or features you've considered. **Additional context** Add any other context or screenshots about the feature request here.,closed,"priority: minor, enhancement",Other,https://github.com/pringa-uvlhub/uvlhub/issues/211,,Other,"The bug report is actually a feature request with no mention of configuration artifacts or issues related to system setup, deployment, or runtime settings. It appears to be about modifying the UI appearance."
pringa-uvlhub,uvlhub,FEAT - Add searcher,**Describe your feature request** Test for M3 **Describe the solution you'd like** A new searcher for a new functionality **Describe alternatives you've considered** x **Additional context** Add any other context or screenshots about the feature request here.,closed,"priority: medium, enhancement",Other,https://github.com/pringa-uvlhub/uvlhub/issues/209,,Other,"The bug report is actually a feature request with no mention of configuration artifacts or issues related to system setup, deployment, or runtime settings. It appears to be about adding new functionality and does not describe any problems caused by misconfigured settings."
pringa-uvlhub,uvlhub,CONFIG - Add Discord Bot Token as Environment Variable in Render,"**Describe what aspect of configuration you are going to add** We need to properly configure the Discord bot token as an environment variable in Render to ensure the bot (pringa_bot) can be deployed and work correctly without exposing sensitive information in the repository. **Describe how you are going to implement it** Access the Render Dashboard and navigate to the specific service for deployment. In the Environment section of the Render settings, add a new environment variable: Key: DISCORD_BOT_TOKEN Value: [The newly reset Discord bot token]",closed,"priority: medium, configuration",Configuration,https://github.com/pringa-uvlhub/uvlhub/issues/207,,Configuration,"This bug report involves adding a new environment variable in Render to configure the Discord bot token, which is a specific type of technical configuration."
pringa-uvlhub,uvlhub,BUG - Discord bot token exposed in public repository,"**Describe the bug** The Discord bot token for pringa_bot was exposed in the .env.local.example file in the public repository, leading to the automatic reset of the bot's token by Discord for security reasons. This could allow unauthorized use of the bot if not resolved promptly. **To Reproduce** Steps to reproduce the behavior: 1. Navigate to the GitHub repository: GitHub link. 2. Open the .env.local.example file. 3. Scroll down to the bot token line. 4.The bot token is visible in plain text. **Expected behavior** The bot token should not be exposed in any public files or repositories. Sensitive environment variables such as bot tokens should be kept secure, either by using local .env files that are listed in .gitignore or by using secrets management tools. **Screenshots** ![imagen](https://github.com/user-attachments/assets/6ea0a6d7-2829-4957-a05c-2d17353e5f27)",closed,"bug, priority: medium",Configuration,https://github.com/pringa-uvlhub/uvlhub/issues/206,,Configuration,The bug report describes a sensitive environment variable (Discord bot token) being exposed in a public repository due to incorrect configuration (.env.local.example file not properly secured).
pringa-uvlhub,uvlhub,"FEAT - Add ""pringa_bot"" Discord integration link to the sidebar","**Describe your feature request** Add an external link to the app's sidebar allowing users to easily add the ""pringa_bot"" to their Discord servers. This feature will provide users with a direct method to integrate the bot into their Discord communities, improving the bot's visibility and accessibility. **Describe the solution you'd like** Include a link labeled ""Add pringa_bot to Discord"" to the sidebar that directs users to the Discord OAuth authorization page for the bot. **Describe alternatives you've considered** Adding the link in the footer instead of the sidebar, but placing it in the sidebar offers better visibility and aligns with other navigation items.",closed,"priority: medium, enhancement",Other,https://github.com/pringa-uvlhub/uvlhub/issues/204,,Other,The bug report is about adding a feature to the application's sidebar and does not mention any configuration issues or settings. It appears to be related to code development rather than system configuration.
pringa-uvlhub,uvlhub,FEAT - Rating feature models,**Describe your feature request** The functionality to rate feature models will be added. **Describe the solution you'd like** The stars and the rate button will be added to be able to rate feature models. **Describe alternatives you've considered** You will not be able to rate a feature model if you are not logged in.,closed,"priority: medium, enhancement",Other,https://github.com/pringa-uvlhub/uvlhub/issues/200,,Other,"This bug report appears to be a feature request or an enhancement rather than a configuration issue. It describes the addition of new functionality and does not mention any configuration artifacts, incorrect configurations, or system setup issues."
pringa-uvlhub,uvlhub,BUG - Appearance of datasets on a profile who shouldn't,"**Describe the bug** If I access to an user, and I try to see the datasets of another user, datasets appear in staging area and unsynchronized. **To Reproduce** Steps to reproduce the behavior: 1. Go to a dataset from another user. 2. Click on the profile 3. Scroll down to user datasets 4. If a dataset is on staging area, it will appear 5. If you click on it, it will show an error. **Expected behavior** The datasets which are on staging area and unsychronized shouldn't appear. **Screenshots** ![imagen](https://github.com/user-attachments/assets/de73edd7-b2a5-4003-a550-89f33b46c88a) ![imagen](https://github.com/user-attachments/assets/93d8bd0f-2d7e-43a4-9017-925df775ecf8)",closed,"bug, priority: medium",Other,https://github.com/pringa-uvlhub/uvlhub/issues/197,,Other,"The issue described in the bug report appears to be related to a code defect or a logic error rather than a configuration issue. The problem is with how the system handles user datasets and permissions, which suggests that there might be an issue with the source code itself."
pringa-uvlhub,uvlhub,BUG - Error when updating a dataset with a publication type containing spaces,**Describe the bug** A bug has been detected whereby when you try to update a dataset by giving it a publication type with spaces it returns an error and does not update it. **To Reproduce** Steps to reproduce the behavior: 1. Go to 'My datasets' 2. Click on 'Any dataset in staging area' 3. Update the dataset with a publication type value with spaces e.g. ‘Software Documentation’. 4. See error **Expected behavior** That it is satisfactorily updated **Screenshots** ![imagen](https://github.com/user-attachments/assets/78a05fcc-7b10-4c3d-848f-fb084f14eae7) ![imagen](https://github.com/user-attachments/assets/28b779a1-3a48-471d-98c7-7d01cab9cd5d) **Additional context** You get the same error when trying to upload the dataset from the staging area to zenodo or fakenodo because before uploading it updates the dataset in case changes have been made.,closed,"bug, priority: medium",Other,https://github.com/pringa-uvlhub/uvlhub/issues/196,,Other,"The issue described appears to be a code defect related to handling publication types with spaces, rather than a configuration bug. The problem is likely due to an incorrect implementation or logic in the code that updates datasets."
pringa-uvlhub,uvlhub,BUG - Changes in schedule release workflow,"**Describe the bug** We want to modify the schedule relase workflow so that it does not always add 1 to the major version, but first checks the number of commits and if it is less than 10, it is a minor release. We will also add that if there are no commits it will not make the release. **To Reproduce** Not applicable **Expected behavior** As explained in the bug description",closed,"bug, priority: minor",Configuration,https://github.com/pringa-uvlhub/uvlhub/issues/193,,Other,"The issue is related to modifying a workflow and adding new logic for versioning based on commit count. It does not seem to be a configuration bug report, but rather a request for code changes."
pringa-uvlhub,uvlhub,BUG - Discord token missing,**Describe the bug** The file .env.local.example is missing a Discord token required to use the bot we created. **To Reproduce** Steps to reproduce the behavior: 1. Go to .env.local.example 2. Click on it 3. See missing token **Expected behavior** Add the missing Discord token,closed,"bug, priority: medium",Configuration,https://github.com/pringa-uvlhub/uvlhub/issues/191,,Configuration,The bug report mentions a missing configuration artifact (.env.local.example) and requires adding a specific value (Discord token) to resolve the issue.
pringa-uvlhub,uvlhub,CONFIG - Docker implementation,**Describe what aspect of configuration you are going to add** Successfully configure the environment for application docker deployment **Describe how you are going to implement it** Description Modifying the .env.docker.example file to make the configuration correct for application compatibility,closed,configuration,Configuration,https://github.com/pringa-uvlhub/uvlhub/issues/189,,Configuration,"The bug report mentions modifying a configuration file (.env.docker.example) to make the environment correct for application compatibility, which is a clear indication of a configuration issue."
pringa-uvlhub,uvlhub,BUG - Remove commented selenium test,"**Describe the bug** There is a selenium test not made by us that gives error in the chromedriver so it was commented so that we do not give error when launching the tests, therefore it will be removed and replaced by another one so that we do not get errors. **To Reproduce** Steps to reproduce the behavior: 1. Go to dataset selenium test 2. Click on test_selenium.py 3. See full comented test **Expected behavior** Remove the test and add another one that tests the same, in this case upload the dataset to zenodo.",closed,"bug, priority: medium",Configuration,https://github.com/pringa-uvlhub/uvlhub/issues/187,,Other,"The issue described is related to a code defect (commented selenium test) rather than a configuration issue. It involves modifying the source code of a test, not adjusting system settings or configurations."
pringa-uvlhub,uvlhub,BUG - Adding asserts to staging area datasets selenium tests,"**Describe the bug** No asserts have been added in the staging area selenium tests, so they should be added to fix the problem. **To Reproduce** Steps to reproduce the behavior: 1. Go to tests selenium of staging area 2. See there are no asserts in test selenium files. **Expected behavior** That there are asserts to correctly test the interface.",closed,"bug, priority: medium",Configuration,https://github.com/pringa-uvlhub/uvlhub/issues/185,,Other,"The issue seems to be related to missing asserts in selenium tests, which is a code defect rather than a configuration issue."
pringa-uvlhub,uvlhub,BUG - Some selenium test fail,"**Describe the bug** A test was using dataset from the database which can be an issue depending on the lastest tests executed. **To Reproduce** Steps to reproduce the behavior: 1. Execute all dataset module test with ""pytest app/modules/dataset/test"" 2. See error **Expected behavior** All test should pass **Additional context** Add any other context about the problem here.",closed,"bug, priority: medium",Other,https://github.com/pringa-uvlhub/uvlhub/issues/183,,Other,"The bug report primarily involves a test failure due to an issue with the dataset used in the tests, which is not directly related to configuration settings. It may involve database settings or data management, but it's more likely a code defect or a testing issue rather than a configuration problem."
pringa-uvlhub,uvlhub,FEAT -Adding an icon so the dataset which is being builded is visually shown,"**Describe your feature request** As we can build a dataset with the build dataset functionallity, we are going to add an icon next to the dataset which is being built to improve user experience **Describe the solution you'd like** Adding an icon next to the dataset built **Describe alternatives you've considered** None **Additional context** Add any other context or screenshots about the feature request here.",closed,"priority: medium, enhancement",Other,https://github.com/pringa-uvlhub/uvlhub/issues/179,,Other,"The bug report is actually a feature request for adding an icon to the dataset being built, and does not describe any configuration issues or system failures."
pringa-uvlhub,uvlhub,BUG - Usless html on code for an old feature of build dataset,"**Describe the bug** In the first moments of the build dataset feature we created a view for those dataset we wanted to build, afterwards staging area functionality was useful to complement with build dataset so this view remained unused. Deleting this useless code should be better for refactoring the code.",closed,"bug, priority: minor",Other,https://github.com/pringa-uvlhub/uvlhub/issues/178,,Other,"The issue description does not mention configuration artifacts or incorrect configurations, but rather suggests refactoring unused code. This is a code organization and maintenance issue rather than a configuration bug."
pringa-uvlhub,uvlhub,BUG - Failure when click on fakenodo dataset in profile,**Describe the bug** When you access the profile and try to click on a fakenodo dataset it does not redirect you correctly to the dataset. **To Reproduce** Steps to reproduce the behavior: 1. Go to 'profile' 2. Click on 'fakenodo dataset' 4. See error **Expected behavior** When you click on a fakenodo dataset you should be redirected to the dataset. **Screenshots** ![imagen](https://github.com/user-attachments/assets/f04e4bd9-aa22-4b7d-83bb-af282f0cf650) ![imagen](https://github.com/user-attachments/assets/09e22ba9-8d9d-494b-8504-392c53c0c857) **Additional context** It fails whether you want to redirect a fakenodo dataset in staging area or already uploaded in fakenodo.,closed,"bug, priority: medium",Other,https://github.com/pringa-uvlhub/uvlhub/issues/170,,Other,"The provided information does not mention configuration artifacts or incorrect configurations as the cause of the issue. The description suggests a problem with the application's functionality, specifically with redirecting to a fakenodo dataset, which may be related to code defects rather than configuration issues."
pringa-uvlhub,uvlhub,FEAT - Rating in Fakenodo dataset view,**Describe your feature request** I want to add that the rating appears when accessing a dataset uploaded to fakenodo. **Describe the solution you'd like** I will place a rating section within the view of a fakenodo dataset where you can view and rate on the dataset.,closed,"priority: medium, enhancement",Other,https://github.com/pringa-uvlhub/uvlhub/issues/169,,Other,The bug report is about adding a new feature (rating section) to the system rather than addressing an existing configuration issue.
pringa-uvlhub,uvlhub,WI - Improve UI - Test,"**Is your feature request related to a problem? Please describe.** No, it's related to testing the WI Improve UI **Describe the solution you'd like** Implement tests to verify that the code works as expected and shows correct operation",closed,"test, medium WI, priority: medium",Other,https://github.com/pringa-uvlhub/uvlhub/issues/168,,Other,"The bug report is related to testing and implementing tests for a feature, rather than an issue with the system's configuration."
pringa-uvlhub,uvlhub,BUG - Refactoring useless code in community,Describe the bug There are unnecessary comments in the community code that need to be removed to improve code clarity and readability. To Reproduce N/A Expected behavior Remove all redundant and useless comments to improve code quality without changing the functionality of the application. Screenshots N/A Additional context The presence of unnecessary comments makes it harder to maintain and read the code. This cleanup is part of a refactoring effort to improve code quality.,closed,"bug, priority: minor",Other,https://github.com/pringa-uvlhub/uvlhub/issues/163,,Other,"The bug report primarily involves removing unnecessary comments from the code to improve readability and maintainability, which is a code quality issue rather than a configuration problem."
pringa-uvlhub,uvlhub,FEAT - Improve Image Community,"Describe your feature request Replace the current image with a more eye-catching and visually appealing one to better capture users' attention and enhance the community's overall appearance. Describe the solution you'd like Select or design an image that fits the community's theme and goals, featuring appropriate colors and visual elements. The image should be high quality and relevant to the community's content. Describe alternatives you've considered Not applicable. Additional context Not applicable.",closed,"priority: minor, enhancement",Other,https://github.com/pringa-uvlhub/uvlhub/issues/161,,Other,"The bug report is about a feature request and does not mention configuration artifacts or incorrect configurations. It appears to be related to the design and appearance of the community, which suggests it's more of an enhancement or UI/UX issue rather than a configuration problem."
pringa-uvlhub,uvlhub,"BUG - Integration problem between ""advanced filterind"" and ""rate dataset""","**Describe the bug** The IW ""advanced filtering"" has integration problems with the WI ""rate dataset"" **To Reproduce** Steps to reproduce the behavior: 1. Go to /explore 2. Try to introduce any filter 3. See that the filter does not work and all the datasets are shown **Expected behavior** Only datasets that fit the filter should be shown **Screenshots** ![Captura de pantalla de 2024-12-13 17-31-45](https://github.com/user-attachments/assets/b95f58af-9b5c-45c5-aa66-34a66981e1c2)",closed,"bug, priority: medium",Other,https://github.com/pringa-uvlhub/uvlhub/issues/159,,Other,"The bug report describes an integration problem between two features ('advanced filtering' and 'rate dataset'), which suggests a code defect rather than a configuration issue. The description does not mention any configuration artifacts, settings, or parameters that could be causing the problem."
pringa-uvlhub,uvlhub,BUG - Seeders errors,**Describe the bug** Seeders don't work **To Reproduce** Steps to reproduce the behavior: 1. GClone the project 2. Try to seed the database 4. See error **Expected behavior** Database must seed correctly **Screenshots** ![imagen](https://github.com/user-attachments/assets/b7a78dd1-0f3a-4974-a40f-6f90e3409166) **Additional context** N/A,closed,"bug, priority: critical",Configuration,https://github.com/pringa-uvlhub/uvlhub/issues/156,,Configuration,"The bug report mentions a specific issue with seeders not working, which could be related to incorrect or missing configurations in the project. Although it doesn't explicitly mention configuration artifacts, the problem seems to be related to how the system is seeded, which involves database settings and potentially other configuration options."
pringa-uvlhub,uvlhub,BUG - Appearance of new issues after generating a pull request for a release,"**Describe the bug** After generating the pull request for a release, Codacy detected some issues. Specifically, security issues: Standard pseudo-random generators are not suitable for security/cryptographic purposes. **To Reproduce** Steps to reproduce the behavior: 1. Go to the repository 2. Click on pull requests, specifically, the one named ""Release/13-12-2024"" 3. Scroll down to see the checks **Expected behavior** All the checks should be successful. **Screenshots** ![imagen](https://github.com/user-attachments/assets/b3025bad-649a-4ba7-ad35-ae32724df94b) ![imagen](https://github.com/user-attachments/assets/c01802e1-2cff-4d52-b29e-235f814a3ede)",closed,"bug, priority: medium",Other,https://github.com/pringa-uvlhub/uvlhub/issues/153,,Other,"The issue described in the bug report is related to a security vulnerability detected by Codacy after generating a pull request for a release. The problem seems to be due to the use of standard pseudo-random generators that are not suitable for security/cryptographic purposes, which suggests it's more about code quality or security rather than configuration."
pringa-uvlhub,uvlhub,CONFIG - Add scheduled tag for release with PR,**Describe what aspect of configuration you are going to add** Add a workflow to generate a new tag for a new release by means of a pull request from develop to main. **Describe how you are going to implement it** Add an .yml file with the workflow implementation,closed,configuration,Other,https://github.com/pringa-uvlhub/uvlhub/issues/150,,Configuration,"The bug report involves adding a new configuration (workflow) to generate a tag for a release, which is related to system setup and deployment settings."
pringa-uvlhub,uvlhub,WI - Fakenodo - Test,"**Is your feature request related to a problem? Please describe.** No, it is related to testing the working item Fakenodo **Describe the solution you'd like** I would like to perform a comprehensive testing of the functionality.",closed,"test, high WI, priority: medium",Other,https://github.com/pringa-uvlhub/uvlhub/issues/149,,Other,The bug report is related to testing a feature and does not mention any configuration issues or system setup problems. It appears to be a standard test case for the Fakenodo functionality.
pringa-uvlhub,uvlhub,FEAT - Add delete button to staging area,**Describe your feature request** We want to implement in the staging area a button to delete the dataset. **Describe the solution you'd like** Add the button next to the update button **Describe alternatives you've considered** None **Additional context** A screenshot is added to provide context ![image](https://github.com/user-attachments/assets/d2d02157-064f-44bd-a6a7-24c35cc0beea),closed,"priority: medium, enhancement",Other,https://github.com/pringa-uvlhub/uvlhub/issues/147,,Other,The bug report is about implementing a new feature (add delete button to staging area) and does not mention any configuration issues or settings.
pringa-uvlhub,uvlhub,BUG - Staging area selenium test errors after UI feature integrated,"**Describe the bug** Due to changes in the UI, selenium tests related to the staging area return errors and should be corrected. **To Reproduce** Steps to reproduce the behavior: 1. Run any selenium test related to staging area 2. See error **Expected behavior** A positive test performance **Screenshots** ![imagen](https://github.com/user-attachments/assets/cf653fcb-2352-4a5d-b08f-690fae47de1b) ![imagen](https://github.com/user-attachments/assets/c86952f8-e7b3-419f-b3d8-dcd453e25bdd) **Additional context** You can see in the second screenshot that the error is caused by the side panel collapsing after the UI changes.",closed,"bug, priority: medium",Other,https://github.com/pringa-uvlhub/uvlhub/issues/144,,Other,"The issue described is related to a code defect (UI feature integration) rather than a configuration issue. It involves the behavior of selenium tests and UI changes, which suggests a problem with the source code or its interaction with the UI."
pringa-uvlhub,uvlhub,BUG - Form not being validated in upload a dataset to zenodo from staging area,**Describe the bug** The dataset form is not being validated in the function to upload a dataset to zenodo from the staging area. **To Reproduce** Steps to reproduce the behavior: 1. Go to 'app/modules/dataset/routes.py' 2. See error **Expected behavior** That a validation of the form is performed **Screenshots** ![imagen](https://github.com/user-attachments/assets/504ea635-9049-4874-88bb-74338a522048),closed,"bug, priority: minor",Other,https://github.com/pringa-uvlhub/uvlhub/issues/141,,Other,The bug report primarily involves a code defect in the form validation function rather than an issue with system configuration.
pringa-uvlhub,uvlhub,BUG - The rating in the search view is not displayed correctly.,"**Describe the bug** When you access the search view, the rating of each dataset is not displayed correctly. **To Reproduce** Steps to reproduce the behavior: 1. Go to 'Search' 2. See the error **Expected behavior** The rating must be displayed correctly. **Screenshots** ![imagen](https://github.com/user-attachments/assets/8e9f749c-4394-4093-8a93-f39c451e7056)",closed,"bug, priority: minor",Other,https://github.com/pringa-uvlhub/uvlhub/issues/138,,Other,"The bug report does not mention configuration artifacts or incorrect configurations. It appears to be a code-related issue with the search view's rating display, which is likely due to a defect in the source code rather than a misconfiguration."
pringa-uvlhub,uvlhub,BUG - The 'Rate' button appears without being logged in.,"**Describe the bug** When you access a dataset without being logged in, the 'Rate' button appears. **To Reproduce** Steps to reproduce the behavior: 1. Go to 'Latest datasets' 2. Click on 'Sample dataset 4' 4. See error **Expected behavior** The 'Rate' button should not appear when you are not logged in. **Screenshots** ![Captura desde 2024-12-12 19-54-55](https://github.com/user-attachments/assets/f1c22524-64eb-4e0a-97b6-8be293952fca)",closed,"bug, priority: minor",Other,https://github.com/pringa-uvlhub/uvlhub/issues/137,,Other,"The issue described in the bug report appears to be related to a UI or functional defect rather than a configuration issue. The 'Rate' button's visibility is likely controlled by code logic, and its appearance when not logged in suggests a problem with the application's authentication or authorization mechanism."
pringa-uvlhub,uvlhub,BUG - Message when you login after join in a community,"**Describe the bug** When you join a community, log out and log back in, you get a message that you have successfully joined a community. **To Reproduce** Steps to reproduce the behavior: 1. Go to 'All communities' 2. Click on 'a community' 3. Join the community 4. Log out 5. Go to 'Login' 6. See error **Expected behavior** The message should not appear **Screenshots** ![Captura desde 2024-12-12 18-39-58](https://github.com/user-attachments/assets/4aaaa421-3eeb-450f-9f7d-69dad829ea9e)",closed,"bug, priority: minor",Other,https://github.com/pringa-uvlhub/uvlhub/issues/134,,Other,The provided bug report does not mention configuration artifacts or describe incorrect or missing configurations. It appears to be a functional issue related to the application's behavior after joining and logging in to a community.
pringa-uvlhub,uvlhub,BUG - Message in Spanish when you join a community,**Describe the bug** When you join a community a message appears in Spanish. **To Reproduce** Steps to reproduce the behavior: 1. Go to 'All communities' 2. Click on 'a  community' 3. Join the community 4. See error **Expected behavior** The message must be appear in English. **Screenshots** ![Captura desde 2024-12-12 18-39-24](https://github.com/user-attachments/assets/f0635e3f-27e9-44ab-b6c4-48eabe345e9f),closed,"bug, priority: minor",Other,https://github.com/pringa-uvlhub/uvlhub/issues/132,,Other,"The issue seems to be related to a UI translation problem rather than a configuration issue. The description mentions the expected behavior of the message appearing in English, which suggests that this is a bug in the application's code or localization settings rather than a misconfiguration."
pringa-uvlhub,uvlhub,BUG - Publication type and sorting test,**Describe the bug** Publication type and sorting aren't being tested **To Reproduce** Steps to reproduce the behavior: 1. Go to tests on explore module 2. Run test with cov 3. See that publication type and sorting aren't being tested **Expected behavior** All filters must be tested **Screenshots** N/A **Additional context** N/A,closed,"bug, high WI, priority: minor",Other,https://github.com/pringa-uvlhub/uvlhub/issues/130,,Other,"The bug report does not mention configuration artifacts or incorrect configurations. It appears to be related to a missing test case for publication type and sorting, which is more of a testing or development issue rather than a configuration problem."
pringa-uvlhub,uvlhub,BUG - charts/routes.py not found,"**Describe the bug** A new chart model was made to make dashboard charts, but in the end only the file charts.py was made. It is necessary to move this file to the admin module. **To Reproduce** Steps to reproduce the behavior: 1. Run the application. 2. The error appears in the terminal and affects when testing. **Expected behavior** I did not expect to skip this error when performing the tests. **Screenshots** ![image](https://github.com/user-attachments/assets/96f76bab-175d-4b32-a370-8a1214d4c0d3) **Additional context** Se eliminará el módulo charts y se moverá el archivo charts.py al módulo admin.",closed,"bug, priority: minor",Other,https://github.com/pringa-uvlhub/uvlhub/issues/128,,Other,The issue described in the bug report is related to a missing file (charts.py) and its intended location. This appears to be a code organization or deployment issue rather than a configuration problem.
pringa-uvlhub,uvlhub,BUG - You can never rate a dataset with 0,**Describe the bug** When you try to rate a dataset with a 0 score it doesn't work. **To Reproduce** Steps to reproduce the behavior: 1. Go to 'Latest dataset' 2. Click on 'Sample dataset 4' 3. Click on 'Rate' 4. See error **Expected behavior** You can rate a dataset with a 0 score. **Screenshots** ![Captura desde 2024-12-12 17-46-24](https://github.com/user-attachments/assets/41754543-e8bf-4438-a39a-71eb7ae14e79),closed,"bug, priority: minor",Other,https://github.com/pringa-uvlhub/uvlhub/issues/127,,Other,"The issue described in the bug report appears to be related to a functional defect rather than a configuration issue. The problem is with the rating functionality of a dataset, which suggests a code or logic error rather than a misconfiguration."
pringa-uvlhub,uvlhub,BUG - An annonymous user can click con build dataset,"**Describe the bug** If an user is not logged in , he can see the build dataset and click on it, even though the button has no functionality for annonymous user, it should be removed from the annonymous view **To Reproduce** Steps to reproduce the behavior: 1. Go to any dataset 2. Click on 'build dataset' 3. See error **Expected behavior** No button should be shown. **Screenshots** ![image](https://github.com/user-attachments/assets/693628d5-3cc9-4b6c-bad7-6218ad80d197)",closed,"bug, priority: minor",Other,https://github.com/pringa-uvlhub/uvlhub/issues/125,,Other,The issue described in the bug report appears to be related to a code defect (button visibility for anonymous users) rather than a configuration issue.
pringa-uvlhub,uvlhub,WI - Dashboard - Test,**Is your feature request related to a problem? Please describe.** Perform the tests corresponding to the WI dashboard **Describe the solution you'd like** Implement tests to verify that the code works as expected and shows correct operation,closed,"test, medium WI",Other,https://github.com/pringa-uvlhub/uvlhub/issues/122,,Other,The bug report is about implementing tests to verify the code works as expected and does not mention any configuration issues. It seems to be related to adding test functionality rather than a problem caused by misconfigured settings.
pringa-uvlhub,uvlhub,BUG - Incomplete requirements,"**Describe the bug** When logged in as administrator, the web page crashes. **To Reproduce** Steps to reproduce the behavior: 1. Go to log in 2. Put admin1@example.com as user, '1234' as password 3. Press bottom ""Iniciar sesión"" 4. See error **Expected behavior** You logged in normally. **Screenshots** ![image](https://github.com/user-attachments/assets/eeee5191-8ac3-4040-8258-80de81075cc5) **Additional context** The requirements are not complete, so there are dependency problems",closed,"bug, priority: critical",Other,https://github.com/pringa-uvlhub/uvlhub/issues/119,,Other,The bug report primarily involves a code defect (dependency problems) rather than an issue with system configuration.
pringa-uvlhub,uvlhub,WI - Integrate fakenodo staging area  - Test,"**Is your feature request related to a problem? Please describe.** No. It is related to testing the integration of fakenodo in the staging a **Describe the solution you'd like** A complete set of unit, interface and load tests to test functionality.",closed,"test, high WI, priority: medium",Other,https://github.com/pringa-uvlhub/uvlhub/issues/117,,Other,The bug report is about testing the integration of fakenodo in the staging area and does not mention any configuration issues or misconfigured settings.
pringa-uvlhub,uvlhub,WI - Bot Integration - Test,"**Is your feature request related to a problem? Please describe.** No, it is related to testing the working item Build Dataset **Describe the solution you'd like** I would like to perform a comprehensive testing of the functionality.",closed,"test, high WI, priority: medium",Other,https://github.com/pringa-uvlhub/uvlhub/issues/112,,Other,"The bug report is related to testing and does not mention any configuration artifacts or issues with system setup, deployment, or runtime settings. It appears to be a request for comprehensive testing of the functionality rather than a configuration issue."
pringa-uvlhub,uvlhub,WI - Bot Integration- Feature,"**Is your feature request related to a problem? Please describe.** No, it is related to the need to integrate a Discord bot into the app. **Describe the solution you'd like** As a user, I want a Discord  bot that allows me to interact with uvlhub directly from the app, offering functionalities like browsing, downloading, and uploading datasets.",closed,"feature, high WI, priority: medium",Other,https://github.com/pringa-uvlhub/uvlhub/issues/111,,Other,The bug report is related to a feature request and does not describe an issue caused by misconfigured settings or incorrect parameter values. It appears to be a request for new functionality rather than a problem with the existing system.
pringa-uvlhub,uvlhub,BUG - Wrong profile redirection,"**Describe the bug** When someone tries to search in the url for a profile with an id that does not exist, the system redirects to the “team” page. **To Reproduce** Steps to reproduce the behavior: 1. Run the project 2. On the url, type an user id that doesn't exist, for example, ""/profile/682. 3. The system will automatically redirect to the “team” page. **Expected behavior** The system should redirect to a 404 page **Screenshots** It is not a screenshot, it is a video showing the bug. https://youtu.be/YzmEITU7G_M",closed,"bug, priority: minor",Other,https://github.com/pringa-uvlhub/uvlhub/issues/107,,Configuration,"The bug report mentions a specific URL path ('/profile/682') which suggests that the issue is related to how the system handles profile redirection, possibly due to incorrect or missing configuration settings for handling non-existent profiles."
pringa-uvlhub,uvlhub,BUG - Fakenodo routes never used,**Describe the bug** There are certain fakenode routes that will never be accessible but their functionality is needed. **To Reproduce** Steps to reproduce the behavior: 1. Go to app/modules/fakenodo/routes.py 2. See routes unused **Expected behavior** It is expected that the functionality will be transferred to the fakenodo service to be able to access it **Screenshots** ![imagen](https://github.com/user-attachments/assets/ed4ff40a-9433-42e7-aeaf-2dd7c0312cc3),closed,"bug, priority: medium",Other,https://github.com/pringa-uvlhub/uvlhub/issues/106,,Other,"The issue seems to be related to unused routes in a Python module and the expected behavior is to transfer functionality to another service, which suggests it's more of a code or design flaw rather than a configuration issue."
pringa-uvlhub,uvlhub,BUG - more data for filtering,**Describe the bug** The system need more data to show that advanced filtering works as expected **To Reproduce** Steps to reproduce the behavior: 1. Go to /explore 2. Fill some filters 3. See that almost always all datasets are shown **Expected behavior** The database must have varied data to show the correct functioning of the filters Screenshots N/A Additional context N/A,closed,"bug, high WI, priority: minor",Other,https://github.com/pringa-uvlhub/uvlhub/issues/104,,Other,"The issue described in the bug report appears to be related to a missing or insufficient dataset for testing advanced filtering functionality, rather than an incorrect configuration setting."
pringa-uvlhub,uvlhub,BUG - Failure when accessing my communities without being logged in,**Describe the bug** Failure when accessing my communities without being logged in **To Reproduce** Steps to reproduce the behavior: 1. Click on 'my communities' 2. See error **Expected behavior** The my communities button should not appear without being logged in. **Screenshots** ![Captura desde 2024-12-10 21-10-40](https://github.com/user-attachments/assets/88570e71-0f02-4b20-9498-e703c97a5dc1),closed,"bug, priority: medium",Other,https://github.com/pringa-uvlhub/uvlhub/issues/102,,Other,The issue seems to be related to the expected behavior of a feature (my communities button visibility) rather than an incorrect configuration setting. It's more likely a code defect or a requirement misunderstanding.
pringa-uvlhub,uvlhub,DOCS  - Responsible for documentation,"The documentation published in the wiki of the project repository has been created by me, Javier García Rodríguez, during the course of the project.",closed,documentation,Other,https://github.com/pringa-uvlhub/uvlhub/issues/101,,Other,"The bug report is about documentation and does not mention configuration artifacts or settings, so it's unlikely to be a configuration issue."
pringa-uvlhub,uvlhub,WI - Integrate-fakenodo-staging-area - Feature,"**Is your feature request related to a problem? Please describe.** No, it is related to the need to integrate the fakenodo module into the staging area feature. **Describe the solution you'd like** Integrate fakenodo into the staging area in a similar way as with zenodo.",closed,"feature, high WI, priority: medium",Other,https://github.com/pringa-uvlhub/uvlhub/issues/100,,Other,"The bug report is related to a feature request and does not describe an issue caused by misconfigured settings or incorrect parameter values. It appears to be a request for integration of the fakenodo module into the staging area, which is more related to code implementation rather than configuration."
pringa-uvlhub,uvlhub,BUG - Missed test remember my password,**Describe the bug** It is not being tested if the password reset token is invalid **To Reproduce** Steps to reproduce the behavior: 1. Go to /app/modules/auth/tests/test_unit.py 2. run the test of that archive 3. See on coverage that invalid token feature isn't being tested 4. It doesn´t clear all filters **Expected behavior** Unit test must test all the implemented functionality **Screenshots** N/A **Additional context** N/A,closed,"bug, low WI, priority: minor",Configuration,https://github.com/pringa-uvlhub/uvlhub/issues/97,,Other,"The bug report primarily involves a code defect in the unit test for password reset functionality, rather than an issue with system configuration."
pringa-uvlhub,uvlhub,CONFIG - Vagrant implementation,**Describe what aspect of configuration you are going to add** Implement vagrant deployment in the project **Describe how you are going to implement it** Follow vagrant’s installation manual for uvlhub.,closed,configuration,Other,https://github.com/pringa-uvlhub/uvlhub/issues/96,,Configuration,"The bug report is about implementing Vagrant deployment, which involves configuring a system setup or infrastructure setting."
pringa-uvlhub,uvlhub,BUG - Navigation buttons redirect incorrectly to 'communities',"Describe the bug The buttons inside ""My Communities"" incorrectly redirect to the general ""Communities"" page. This issue affects the back buttons in the following cases: In the Show view of a community. After deleting a community. After creating a new community. To Reproduce Steps to reproduce the behavior: 1.     Go to the ""My Communities"" section. 2.     Click on any community to view its details (Show view). 3.     Click the back button or perform a delete or create action. 4.     Notice that the buttons redirect to the general ""Communities"" page instead of ""My Communities."" Expected behavior The back buttons and navigation buttons should redirect to ""My Communities"" instead of the general ""Communities"" page. Additional context The issue likely arises from hardcoded URLs or incorrect routing logic in the button actions.",closed,"bug, priority: minor",Other,https://github.com/pringa-uvlhub/uvlhub/issues/92,,Other,"The issue described appears to be related to incorrect routing logic or hardcoded URLs in the code, rather than a configuration problem. It involves specific button actions and expected behavior, suggesting a potential defect in the source code itself."
pringa-uvlhub,uvlhub,BUG -  Logout when accessing datasets from the home menu,"Description: When a user logs into the app and clicks on any dataset from the home menu, the user is unexpectedly logged out of the current session instead of being shown the dataset. To Reproduce: Go to the home screen after logging in. Click on any dataset from the menu. The app logs out the user automatically. Expected Behavior: The dataset should be displayed without logging the user out. Screenshots: ![image](https://github.com/user-attachments/assets/eca211cb-3be9-41c6-afa2-c00a7199475f) ![image](https://github.com/user-attachments/assets/00ddd040-3764-4d80-87e3-af7a7b095b2c) Additional Context: This issue happens every time a dataset is selected from the home menu after logging in.",closed,"bug, priority: critical",Other,https://github.com/pringa-uvlhub/uvlhub/issues/91,,Other,"The issue described involves unexpected behavior when clicking on a dataset from the home menu after logging in. While it may be related to session management or user authentication, there is no clear indication that the problem is caused by misconfigured settings or incorrect parameter values. The description suggests a potential code defect rather than a configuration issue."
pringa-uvlhub,uvlhub,WI - Create communities- Test,"Is your feature request related to a problem? Please describe. No, it is related to testing the working item create communities Describe the solution you'd like I would like to perform a comprehensive testing of the functionality.",closed,"test, high WI, priority: medium",Other,https://github.com/pringa-uvlhub/uvlhub/issues/89,,Other,The bug report is related to testing and does not mention any configuration issues or system setup problems. It appears to be a test case request rather than a bug report.
pringa-uvlhub,uvlhub,BUG - Error When Accessing a Community,**Describe the bug** An error occurs when accessing a specific community. **To Reproduce** Steps to reproduce the behavior: 1. Go to 'Communities'. 2. Click on a specific community. 3. See the error. **Expected behavior** The community page should load and display its content without any errors. **Screenshots** ![imagen](https://github.com/user-attachments/assets/3372f0c8-5205-4be9-bdca-5c516c904967) **Additional context** This issue might be related to an incorrect name ID or a backend error while retrieving the community details.,closed,"bug, priority: medium",Other,https://github.com/pringa-uvlhub/uvlhub/issues/87,,Other,"The provided information does not explicitly mention configuration artifacts or incorrect configurations as the cause of the issue. The description suggests a potential backend error while retrieving community details, which could be related to code defects rather than misconfigured settings."
pringa-uvlhub,uvlhub,BUG - Codacy Static Code Analysis error in Rate datasets,**Describe the bug** An error with codacy appears when you created a pull request for Release to main **To Reproduce** Steps to reproduce the behavior: 1. Go to 'app/modules/dataset/routes.py' on the project 4. See error **Expected behavior** The Codacy analysis has to pass correctly **Screenshots** ![Captura desde 2024-12-10 13-47-36](https://github.com/user-attachments/assets/9b9af05e-0b9b-433f-ad98-d9aa1d9483cc),closed,"bug, priority: minor",Configuration,https://github.com/pringa-uvlhub/uvlhub/issues/86,,Other,"The bug report primarily involves a Codacy Static Code Analysis error in Rate datasets, which suggests a code defect rather than a configuration issue."
pringa-uvlhub,uvlhub,BUG - Image Not Displayed After Creating a Community,"**Describe the bug** When creating a community, after selecting an image and submitting the form, the image does not appear in the newly created community. **To Reproduce** Steps to reproduce the behavior: 1. Go to the 'Communities' section. 2. Click on 'Create Community'. 3. Fill out the form with valid information. 4. Select an image for the community. 5. Click on 'Save community'. **Expected behavior** The community should be created successfully, and the selected image should be displayed correctly on the community's page. **Screenshots** ![imagen](https://github.com/user-attachments/assets/244a5641-d3b2-43bc-a1c2-567eaf0936dd) **Additional context** This issue might be related to the image upload process or the display logic on the community's page. The image file appears to upload successfully, but it does not render or display as expected.",closed,"bug, priority: minor",Other,https://github.com/pringa-uvlhub/uvlhub/issues/84,,Other,"The issue seems to be related to the image upload and display logic on the community's page. Although it involves a specific scenario, there is no clear indication that the problem is caused by misconfigured settings or incorrect parameter values."
pringa-uvlhub,uvlhub,BUG - Rating dataset is not working,"**Describe the bug** When you press the Rate button for a dataset it does not work. **To Reproduce** Steps to reproduce the behavior: 1. Go to 'Latest datasets' 2. Click on 'Sample dataset 4' 3. Click on 'one, two, three, four or five stars' 4. Click on 'Rate' 5. See error **Expected behavior** When you click on 'Rate' the dataset has to be rated. **Screenshots** ![Captura desde 2024-12-09 16-42-07](https://github.com/user-attachments/assets/98b48873-a750-46dd-9634-0e3fe885828f)",closed,"bug, priority: minor",Other,https://github.com/pringa-uvlhub/uvlhub/issues/81,,Other,"The bug report does not mention configuration artifacts or incorrect configurations. It seems to be related to a UI issue with the 'Rate' button functionality, which is likely due to code defects rather than misconfigured settings."
pringa-uvlhub,uvlhub,BUG -Test workflow not passing properly,"**Describe the bug** Test workflow is not working due to the last commit **To Reproduce** Steps to reproduce the behavior: 1. Go to github on develop branch 2. Click on test workflow 3. See error **Expected behavior** Tests should pass **Screenshots** If applicable, add screenshots to help explain your problem. **Additional context** Add any other context about the problem here. ![image](https://github.com/user-attachments/assets/9f62e5da-7fde-47e5-b451-93f1368e655b)",closed,"bug, priority: minor",Other,https://github.com/pringa-uvlhub/uvlhub/issues/79,,Other,"The bug report primarily involves a test workflow failure due to the last commit, which suggests a code defect rather than a configuration issue."
pringa-uvlhub,uvlhub,BUG - build dataset not working properly,**Describe the bug** Hubfile is not getting a copy for creating a new dataset with the hubfile **To Reproduce** Steps to reproduce the behavior: 1. Go to any dataset 2. Click on add to build dataset 3. Go to the new dataset created **Expected behavior** Hubfile should be duplicated on temp folder **Screenshots** No screenshots **Additional context** Add any other context about the problem here.,closed,"bug, priority: medium",Configuration,https://github.com/pringa-uvlhub/uvlhub/issues/76,,Other,"The bug report does not mention configuration artifacts or settings, but rather a specific workflow and expected behavior. It appears to be related to the functionality of the system rather than its configuration."
pringa-uvlhub,uvlhub,BUG - Develop can't access to any screen,"**Describe the bug** When attempting to access a route or perform an action that involves user authentication, a TypeError occurs because REMEMBER_COOKIE_KEY is None. Specifically, the error traceback shows that the application attempts to decode a ""remember me"" cookie, but the key required for HMAC operations is missing, leading to a TypeError. **To Reproduce** Steps to reproduce the behavior: 1. Start the Flask application. 2. See error **Expected behavior** The application should work **Screenshots** If applicable, add screenshots to help explain your problem. **Additional context** Add any other context about the problem here. ![image](https://github.com/user-attachments/assets/c3d4945d-41f4-4022-94c8-2f7e52f9e59f)",closed,"bug, priority: critical",Configuration,https://github.com/pringa-uvlhub/uvlhub/issues/72,,Other,"The issue described in the bug report appears to be a code defect (TypeError) related to missing configuration for HMAC operations, rather than a misconfiguration itself. The problem is likely due to incorrect or missing values in the application's source code, specifically the REMEMBER_COOKIE_KEY variable."
pringa-uvlhub,uvlhub,DOCS  -  Github inaccessibility documentation,"**Describe what you are going to document** I will create documentation in the wiki section to inform the team that I have been unable to access GitHub and this repository for almost a week (from last Tuesday until today, Sunday). The reason is that my mobile device broke, and I had 2FA activated on it, preventing me from accessing GitHub. Now as I could  fix that problem, I can access GitHub again and work on the repository as usual. **Describe where in the repository you are going to include this documentation** The document will be added to the Wiki section of this repository, at the team diary page (""Actas"" section) as ""ACTA 2024-04""",closed,"documentation, priority: minor",Configuration,https://github.com/pringa-uvlhub/uvlhub/issues/71,,Other,The bug report is about a documentation issue and does not relate to system configuration or settings. It's more of an incident report and a plan for documenting the issue.
pringa-uvlhub,uvlhub,BUG - Errors with lint workflow,"**Describe the bug** When the lint workflow is launched, many lint errors appear and we have decided to create a branch in order to solve all the errors. **Expected behavior** We hope that no lint errors will appear with the workflows. **Screenshots** ![Captura desde 2024-12-08 19-22-59](https://github.com/user-attachments/assets/4b5216ff-19df-424d-8bde-e3673d5777b3) **Additional context** Add any other context about the problem here.",closed,"bug, priority: minor",Other,https://github.com/pringa-uvlhub/uvlhub/issues/67,,Other,The bug report mentions a workflow issue with lint errors but does not explicitly mention configuration artifacts or settings. It seems to be related to code defects rather than misconfigured system settings.
pringa-uvlhub,uvlhub,CONFIG - Add lint workflow,"Describe what aspect of configuration you are going to add I want to create a workflow to find errors, style problems or inconsistencies. Describe how you are going to implement it Create a .yml file implementing the worklow",closed,configuration,Other,https://github.com/pringa-uvlhub/uvlhub/issues/64,,Configuration,"The bug report is about adding a workflow to find errors and style problems, which involves creating a .yml file implementing the workflow. This indicates a configuration-related issue."
pringa-uvlhub,uvlhub,CONFIG - Add commit workflow,**Describe what aspect of configuration you are going to add** Add a workflow to validate that the commit policy is being followed for each push. **Describe how you are going to implement it** Add an .yml file with the workflow implementation,closed,configuration,Other,https://github.com/pringa-uvlhub/uvlhub/issues/61,,Configuration,"The bug report mentions adding a configuration (.yml file) to implement a commit policy workflow, which is related to system setup and deployment settings."
pringa-uvlhub,uvlhub,WI - View user profie - Test,"Is your feature request related to a problem? Please describe. No, it is related to testing the working item view user profile Describe the solution you'd like I would like to perform a comprehensive testing of the functionality.",closed,"test, low WI, priority: medium",Other,https://github.com/pringa-uvlhub/uvlhub/issues/60,,Other,The bug report is related to testing a feature and does not mention any configuration issues or system setup problems. It appears to be a standard test case for the working item view user profile functionality.
pringa-uvlhub,uvlhub,CONFIG - Add automatic migrations workflow,"**Describe what aspect of configuration you are going to add** To avoid having to create a fix branch every time you merge to develop, a workflow will be added to do it automatically. **Describe how you are going to implement it** Creating an .yml file with the workflow content to do the migration automatically when merge to develop or main.",closed,configuration,Configuration,https://github.com/pringa-uvlhub/uvlhub/issues/57,,Configuration,"The bug report involves adding a new configuration (.yml file) to implement an automatic migrations workflow, which is related to system setup and deployment settings."
pringa-uvlhub,uvlhub,CONFIG - Add testing workflow,**Describe what aspect of configuration you are going to add** I want to create a workflow to launch the tests when merge to develop and main. **Describe how you are going to implement it** Create a .yml file implementing the worklow for the tests,closed,configuration,Other,https://github.com/pringa-uvlhub/uvlhub/issues/55,,Configuration,The bug report mentions creating and implementing a workflow (.yml file) which is related to configuration settings for testing.
pringa-uvlhub,uvlhub,BUG - General filter on explore,**Describe the bug** A clear and concise description of what the bug is. **To Reproduce** Steps to reproduce the behavior: 1. Go to /explore 2. Fill the first filter 3. It doesn't filter correctly **Expected behavior** This filters try to filter by all fields of a dataset **Screenshots** ![imagen](https://github.com/user-attachments/assets/6e8bb407-a1c8-4f02-8a83-f5de3299c1a6),closed,"bug, high WI, priority: minor",Other,https://github.com/pringa-uvlhub/uvlhub/issues/53,,Other,"The bug report does not mention configuration artifacts or incorrect configurations. It seems to be related to a specific feature (general filter on explore) and its functionality, which suggests it's more of a code defect rather than a configuration issue."
pringa-uvlhub,uvlhub,BUG - Clear filters on explore,"**Describe the bug** The button ""Clear filters"" on explore screen doesn´t wt only clear the general filter and publication type filter. **To Reproduce** Steps to reproduce the behavior: 1. Go to /explore 2. Fill all filters 3. Click on ""Clear filters"" 4. It doesn´t clear all filters **Expected behavior** ""Clear filters"" button must clear all filters **Screenshots** N/A **Additional context** N/A",closed,"bug, high WI, priority: minor",Other,https://github.com/pringa-uvlhub/uvlhub/issues/52,,Other,"The issue described in the bug report appears to be related to a UI component's functionality rather than a configuration setting. The problem is with the 'Clear filters' button not clearing all filters as expected, which suggests a code defect or a requirement misunderstanding."
pringa-uvlhub,uvlhub,WI - Advanced filtering- Test,"**Is your feature request related to a problem? Please describe.** No, it is related to testing the working item advanced filtering. **Describe the solution you'd like** I would like to perform a comprehensive testing of the functionality.",closed,"test, high WI, priority: medium",Other,https://github.com/pringa-uvlhub/uvlhub/issues/48,,Other,The bug report is related to testing a feature and does not mention any configuration issues or system setup problems. It appears to be a request for comprehensive testing of the advanced filtering functionality.
pringa-uvlhub,uvlhub,WI - Remember my password - Test,"**Is your feature request related to a problem? Please describe.** No, it is related to testing the working item remember my password. **Describe the solution you'd like** I would like to perform a comprehensive testing of the functionality.",closed,"test, low WI, priority: medium",Other,https://github.com/pringa-uvlhub/uvlhub/issues/47,,Other,The bug report is related to testing a feature and does not describe an issue caused by misconfigured settings or incorrect parameter values.
pringa-uvlhub,uvlhub,WI-Build my datasets-Test,"**Is your feature request related to a problem? Please describe.** No, it is related to testing the working item Build Dataset **Describe the solution you'd like** I would like to perform a comprehensive testing of the functionality.",closed,"test, medium WI, priority: medium",Other,https://github.com/pringa-uvlhub/uvlhub/issues/46,,Other,The bug report is related to testing a feature and does not mention any configuration issues or system settings. It appears to be a request for comprehensive testing of the 'Build Dataset' functionality.
pringa-uvlhub,uvlhub,BUG - Failure in the develop branch due to issues with migrations.,"Describe the bug When starting the application, I encountered an error related to the migrations not being up to date. To Reproduce Steps to reproduce the behavior: Go to main page (or any other page) See error Expected behavior View the homepage (or any other page you specify in the route). Screenshots ![WhatsApp Image 2024-12-03 at 17 10 13](https://github.com/user-attachments/assets/baa6af71-a204-4593-96b9-fe1b785d79ff)",closed,"bug, priority: critical",Other,https://github.com/pringa-uvlhub/uvlhub/issues/44,,Other,"The issue seems to be related to a migration error in the development branch, which is more likely due to code defects or database schema issues rather than configuration settings."
pringa-uvlhub,uvlhub,WI-Rate datasets / models-Test,"**Is your feature request related to a problem? Please describe.** No, it is related to testing the working item rate datasets. **Describe the solution you'd like** I would like to perform a comprehensive testing of the functionality.",closed,"test, medium WI, priority: medium",Other,https://github.com/pringa-uvlhub/uvlhub/issues/42,,Other,The bug report is about performing a comprehensive testing of the functionality and does not mention any configuration issues or system setup problems.
pringa-uvlhub,uvlhub,BUG - The button to upload dataset to zenodo in staging area is not displayed.,"**Describe the bug** The button to upload dataset to zenodo in staging area is not shown. This button is only shown when you add a new file to the UVL models section, but if there was a file added previously, the zenodo upload button is not shown. **To Reproduce** Steps to reproduce the behavior: 1. Go to 'Upload datasets' 2. Fill in form by adding a uvl file and create the dataset in staging area 3. Click on 'my datasets' 4. Click on the new dataset that you created 5. See error **Expected behavior** The zenodo upload button should be displayed. **Screenshots** ![image](https://github.com/user-attachments/assets/b3ac118c-fd55-4981-80b3-5743c9f6938b)",closed,"bug, priority: minor",Other,https://github.com/pringa-uvlhub/uvlhub/issues/38,,Other,"The issue described in the bug report appears to be related to a missing button or unexpected behavior due to previous actions, but it does not explicitly mention configuration artifacts or settings. It seems more likely that this is a code defect or a UI issue rather than a configuration problem."
pringa-uvlhub,uvlhub,BUG - Error in Uploading a Dataset to Zenodo from the Staging Area,"**Describe the bug** There is an error when uploading a dataset to Zenodo from the staging area. This happens because the temporary folder cannot find the staging area file that was already assigned when the dataset was created and saved in the staging area. This error only occurs with datasets previously stored in the staging area. If you create a dataset, place it in the staging area, and upload it to Zenodo within the same session, the error will not occur because the file will still be in the temporary folder. Therefore, the way this temporary folder is managed needs to be adjusted. **To Reproduce** Steps to reproduce the behavior: 1. Go to 'My Datasets' 2. Click on a dataset in the staging area section that was created previously. 3. Add a new file to upload models dropdown section 4. Click on Upload dataset to zenodo 5. See error **Expected behavior** I want the request to upload the dataset to Zenodo to be successfully completed. **Screenshots** ![image](https://github.com/user-attachments/assets/31205d92-6141-47fc-a4e6-2c1629d2e140) ![image](https://github.com/user-attachments/assets/c21e60ab-5cab-4ad5-aedc-7d30ae3cde74)",closed,"bug, priority: medium",Configuration,https://github.com/pringa-uvlhub/uvlhub/issues/37,,Configuration,"The issue is related to the management of a temporary folder and its interaction with the staging area file, which suggests a configuration problem rather than a code defect."
pringa-uvlhub,uvlhub,"BUG - Failure on the ""Build dataset"" section of the sidebar","**Describe the bug** After clicking on the Build dataset section of the sidebar, I am redirected to the /dataset/build path, and an UnboundLocalError is displayed. **To Reproduce** Steps to reproduce the behavior: 1. Go to home page (or any other page) 2. Click on ""Build dataset"" section of the sidebar 4. See error **Expected behavior** To display a view related to the build dataset section. **Screenshots** ![imagen](https://github.com/user-attachments/assets/af9ccb3a-05bd-4230-af6b-3cd30958c444)",closed,"bug, priority: medium",Configuration,https://github.com/pringa-uvlhub/uvlhub/issues/36,,Other,"The issue described in the bug report appears to be related to a code defect (UnboundLocalError) rather than a configuration issue. The problem is likely due to a flaw in the source code itself, such as incorrect variable handling or scope issues."
pringa-uvlhub,uvlhub,WI - Staging Area - Test,"**Is your feature request related to a problem? Please describe.** No, it is related to testing the working item staging area. **Describe the solution you'd like** I would like to perform a comprehensive testing of the functionality.",closed,"test, high WI, priority: medium",Other,https://github.com/pringa-uvlhub/uvlhub/issues/35,,Other,The bug report is related to testing a feature and does not mention any configuration issues or system setup problems.
pringa-uvlhub,uvlhub,WI-Improve UI-Feature,"Como usuario, quiero que el listado de datasets sea similar al de GitHub",closed,"feature, medium WI, priority: medium",Other,https://github.com/pringa-uvlhub/uvlhub/issues/33,,Other,The bug report does not mention configuration artifacts or describe incorrect or missing configurations. It appears to be a feature request with a description of desired functionality.
pringa-uvlhub,uvlhub,BUG - Failure in the develop branch due to issues with migrations.,"**Describe the bug** When starting the application, I encountered an error related to the migrations not being up to date. **To Reproduce** Steps to reproduce the behavior: 1. Go to main page (or any other page) 4. See error **Expected behavior** View the homepage (or any other page you specify in the route). **Screenshots** Didn't take any screenshot. **Additional context** -",closed,"bug, priority: critical",Other,https://github.com/pringa-uvlhub/uvlhub/issues/31,,Other,"The issue seems to be related to migrations not being up-to-date, which is a code-related problem rather than a configuration one. It involves the application's behavior and expected functionality."
pringa-uvlhub,uvlhub,BUG - Changes in .gitignore file,I want to modify gitignore file so that it does not upload the app logs to the repository and add that it does not upload vscode configurations,closed,"bug, priority: minor",Configuration,https://github.com/pringa-uvlhub/uvlhub/issues/22,,Other,"The issue is related to modifying the .gitignore file for version control purposes and does not seem to be a configuration bug report, as it primarily involves code changes rather than system setup or configuration settings."
pringa-uvlhub,uvlhub,BUG - Problem with mariadb enviroment,"I can’t run flask commands to perform migrations and seeders, due to a problem with mariadb configuration. I have done the installation tutorial numerous times, erasing everything installed and starting again and again, but I could not get anything out.",closed,"bug, priority: medium",Configuration,https://github.com/pringa-uvlhub/uvlhub/issues/21,,Configuration,"The bug report mentions a problem with mariadb configuration, which is likely related to incorrect or missing configurations."
pringa-uvlhub,uvlhub,WI - Sign up validation - Test,"As a developer, I want to implement automated tests for the sign-up validation process to ensure that email confirmation works correctly and prevents users from accessing the system before verifying their email.",closed,"test, low WI, priority: minor",Other,https://github.com/pringa-uvlhub/uvlhub/issues/19,,Other,The bug report is about implementing automated tests for the sign-up validation process and does not mention configuration artifacts or incorrect configurations. It appears to be a request for feature development rather than a report of an existing issue.
pringa-uvlhub,uvlhub,"BUG - Link ""Do you forgot your password?""","Actualmente para acceder a ""Forgot my password"" hay que hacerlo mediante url. Añadir un botón para acceder desde el login. **Describe the bug** Users can access to /forgot-password by a link or a button. **To Reproduce** Steps to reproduce the behavior: 1. Explore the app 2. See that it doesn't exist any link to /forgot-password **Expected behavior** Users should have an easy and intuitive way to change their password, for example from the login form **Screenshots** N/A **Additional context** N/A",closed,"bug, low WI, priority: minor",Other,https://github.com/pringa-uvlhub/uvlhub/issues/17,,Other,"The bug report describes a user interface issue where users cannot easily access the password reset feature. It does not mention any configuration artifacts, incorrect or missing configurations, system setup, deployment, or runtime settings."
pringa-uvlhub,uvlhub,WI - Advanced filtering - Feature,"**Is your feature request related to a problem? Please describe.** I would like to implement new filters in order to facilitate sercihing dataaset to users **Describe the solution you'd like** Create filters to facilitate the user's search. For example: Number of products or features, by author, by type of publication, by tags...",closed,"feature, high WI, priority: medium",Other,https://github.com/pringa-uvlhub/uvlhub/issues/16,,Other,The bug report is actually a feature request and does not describe an issue caused by misconfigured settings or incorrect parameter values. It appears to be related to implementing new functionality in the system.
pringa-uvlhub,uvlhub,WI - Fakenodo - Feature,"As a user, I want the fakenodo feature to simulate sending datasets to Zenodo's API, so that we can test the integration without overloading Zenodo with test data. The feature should return simulated response codes (e.g., 200, 400) to mimic real API interactions.",closed,"feature, high WI, priority: critical",Other,https://github.com/pringa-uvlhub/uvlhub/issues/15,,Other,The bug report is about a feature implementation and its description does not mention configuration artifacts or settings. It seems to be related to the functionality of the fakenodo feature rather than how it's configured.
pringa-uvlhub,uvlhub,WI - Create communities - Feature,"Como usuario, quiero poder crear comunidades",closed,"feature, high WI, priority: medium",Other,https://github.com/pringa-uvlhub/uvlhub/issues/14,,Other,"The bug report is about a feature request and does not mention configuration artifacts or issues related to system setup, deployment, or runtime settings."
pringa-uvlhub,uvlhub,WI-Build my datasets-Feature,"As a user, I want to be able to select particular models to build my own dataset (similar to shopping cart)",closed,"feature, medium WI, priority: medium",Other,https://github.com/pringa-uvlhub/uvlhub/issues/13,,Other,"The bug report appears to be related to a feature request or implementation issue rather than a configuration problem. It mentions selecting models and building datasets, which suggests a code defect or functionality requirement rather than a misconfigured setting."
pringa-uvlhub,uvlhub,WI-Dashboard-Feature,Sin descripción,closed,"feature, medium WI",Other,https://github.com/pringa-uvlhub/uvlhub/issues/12,,Other,"The provided information does not mention configuration artifacts or settings, making it difficult to determine if the issue is related to a configuration bug report."
pringa-uvlhub,uvlhub,WI-View user profile-Feature,"En la pantalla de un dataset, en el apartado de ""Uploaded by"" se podrá acceder al perfil del usuario que ha subido el dataset correspondiente. Dentro podemos ver información del usuario, así como todos sus datasets subidos.",closed,"feature, low WI, priority: medium",Other,https://github.com/pringa-uvlhub/uvlhub/issues/11,,Other,"The bug report appears to be about a new feature implementation rather than an existing configuration issue. It describes the functionality of a specific screen and how it will allow users to access their profile information, which suggests that this is more related to code development or feature implementation rather than a configuration problem."
pringa-uvlhub,uvlhub,WI - Remember my password - Feature,"**Is your feature request related to a problem? Please describe.** It is very common for users to forget their password. It is very useful to implement a functionality to be able to change the password **Describe the solution you'd like** In the login form, a link to another form will be shown where you can enter the email address and an email will be sent with a link to change the password.",closed,"feature, low WI, priority: medium",Other,https://github.com/pringa-uvlhub/uvlhub/issues/10,,Other,This bug report is a feature request and does not describe an issue caused by misconfigured settings or incorrect parameter values. It primarily involves code defects related to implementing new functionality.
pringa-uvlhub,uvlhub,WI - Staging Area - Feature,Sin descripción,closed,"feature, high WI, priority: medium",Other,https://github.com/pringa-uvlhub/uvlhub/issues/9,,Other,"The provided information does not contain enough details to determine if the bug report is a configuration issue. It only includes basic metadata such as title, status, and tags."
pringa-uvlhub,uvlhub,WI-Rate datasets / models-Feature,As a user I want to be able to rate the datasets and/or feature models in the repo.,closed,"feature, medium WI, priority: medium",Other,https://github.com/pringa-uvlhub/uvlhub/issues/8,,Other,The bug report appears to be related to a feature request rather than an issue with configuration settings. It describes a desired functionality and does not mention any configuration artifacts or incorrect configurations.
pringa-uvlhub,uvlhub,Feature: Staging Area,Sin descripción,closed,feature,Other,https://github.com/pringa-uvlhub/uvlhub/issues/7,,Other,"The provided information does not mention configuration artifacts, incorrect or missing configurations, system setup, deployment, runtime settings, or unintended interactions between configuration settings. The issue is tagged as a feature and has no description."
pringa-uvlhub,uvlhub,WI- Sign up validation- Feature,"As a user, I want to receive an email confirmation after signing up to complete my account registration, ensuring that my email address is valid before accessing all features. Currently, users can sign up but are not required to confirm their email address before logging into their accounts. This can lead to users entering invalid or incorrect email addresses during the sign-up process, which may cause issues with communication and account recovery.",closed,"feature, low WI, priority: medium",Other,https://github.com/pringa-uvlhub/uvlhub/issues/6,,Other,"The bug report primarily involves a functional requirement or a missing feature in the sign-up process, rather than an issue caused by misconfigured settings."
flamenquin-hub-single,uvlhub,Release 2.0.1,Sin descripción,closed,"misc, Medium",Other,https://github.com/flamenquin-hub-single/uvlhub/issues/48,,Other,Insufficient information is provided in the bug report to determine whether it qualifies as a configuration issue.
flamenquin-hub-single,uvlhub,Change index title,Change the title of the index view,closed,"misc, high",Other,https://github.com/flamenquin-hub-single/uvlhub/issues/47,,Other,"The bug report does not mention configuration artifacts or describe incorrect or missing configurations. It appears to be a request for a code change, specifically modifying the title of an index view."
flamenquin-hub-single,uvlhub,Update for proyect wiki,"Proyect wiki The project wiki content has been updated to include the latest information. This includes corrections, and enhancements to existing content.",closed,documentation,Other,https://github.com/flamenquin-hub-single/uvlhub/issues/46,,Other,"The bug report appears to be related to updating project wiki content, which is a documentation issue rather than a configuration problem."
flamenquin-hub-single,uvlhub,Release,Sin descripción,closed,"misc, high",Other,https://github.com/flamenquin-hub-single/uvlhub/issues/45,,Other,Insufficient information is provided in the bug report to determine whether it qualifies as a configuration issue.
flamenquin-hub-single,uvlhub,Dataset locust tests,Dataset locust tests aren't working correctly,closed,"bug, Medium",Other,https://github.com/flamenquin-hub-single/uvlhub/issues/41,,Other,The description does not mention configuration artifacts or settings. It seems to be related to a test failure rather than a configuration issue.
flamenquin-hub-single,uvlhub,Tests for syntax checking UVL models,"Tests should be done for the new feature, 'upload analyse and repair UVL'",closed,"Testing, Medium",Other,https://github.com/flamenquin-hub-single/uvlhub/issues/38,,Other,"The bug report does not mention configuration artifacts or describe incorrect or missing configurations. It appears to be related to testing a new feature, which suggests it's a code defect rather than a configuration issue."
flamenquin-hub-single,uvlhub,Uploading a dataset creates a duplicate dataset,"When you upload a dataset, it makes 2 identical datasets Steps to reproduce the behavior: 1. Log in 2. Upload a dataset 3. Go to ""My datasets"" Expected behavior: There will be 2 identical datasets created with the given information Desktop: - OS: Ubuntu - Browser: chromium - Version: 1.0",closed,"bug, high",Other,https://github.com/flamenquin-hub-single/uvlhub/issues/31,,Other,"The issue seems to be related to the system's behavior after uploading a dataset, but it does not explicitly mention configuration artifacts or incorrect configurations. It appears to be more of a functional bug rather than a configuration issue."
flamenquin-hub-single,uvlhub,"Some workflows are setup in a way to be unnecessarily difficult or outright impossible to pass, while giving no benefits to the CI/CD workflow","When contributing to the repository, the python lint checker is overtly demanding and is thus being ignored by the developing team Likewise, the conventional commits check is overtly aggressive and checks all commits in the git log, causing an automatic fail due to commits made before instaurating the workflow. The python linter should be removed or changed to a less strict one, as it is of no use to the current CI/CD similarly, the conventional commit checker should be fixed as to only care about a reasonable amount of past commits (so it does not fail due to old commits from before it was first created)",closed,misc,Other,https://github.com/flamenquin-hub-single/uvlhub/issues/28,,Other,"The bug report primarily involves code defects and workflow issues, rather than configuration settings. It mentions specific tools (python lint checker and conventional commits check) that need to be adjusted or removed, but the issue is more related to their functionality and behavior rather than how they are configured."
flamenquin-hub-single,uvlhub,FakeNodo,"When using the uvlhub web service, the sync functionality with zenodo is not working properly, as zenodo is not setup for the repo I'd like for a mockup of Zenodo to be built and setup as to be able to use the functionalities related to Zenodo This new module should replace the calls to Zenodo's API with an internal API that undertakes Zenodo's functionalities",closed,enhancement,Configuration,https://github.com/flamenquin-hub-single/uvlhub/issues/26,,Other,"The bug report primarily involves creating a new module to replace API calls and setting up a mockup of Zenodo, which suggests a code defect or enhancement rather than a configuration issue."
flamenquin-hub-single,uvlhub,Test for advanced filtering,"Add Test for Advanced Filtering Testing for advanced filtering features is currently not implemented, making it challenging to validate complex filtering scenarios. A clear and concise testing framework dedicated to validating advanced filtering functionality, with multiple criteria.",closed,Testing,Other,https://github.com/flamenquin-hub-single/uvlhub/issues/24,,Other,The bug report primarily involves a missing testing framework for advanced filtering features and does not mention configuration artifacts or incorrect settings.
flamenquin-hub-single,uvlhub,Tests for sync with github,Sin descripción,closed,Testing,Other,https://github.com/flamenquin-hub-single/uvlhub/issues/23,,Other,"The provided information does not mention configuration artifacts, incorrect or missing configurations, system setup, deployment, runtime settings, or unintended interactions between configuration settings. The title and tags suggest it's related to testing with GitHub, which is more likely a code defect or integration issue rather than a configuration bug."
flamenquin-hub-single,uvlhub,Unit test for download in different formats,"Add Unit Tests for Download Feature in Different Formats I want to test that the system correctly handles dataset downloads in various formats through the /dataset/download/<int:file_id>/<string:format> endpoint. The feature supports the following formats: UVL, Glencoe, DIMACS, SPLOT, ZIP. Testing involves verifying that each format triggers the correct redirection and returns the appropriate HTTP status code (302 for valid formats, 400 for invalid ones). Manual testing is inefficient, error-prone, and not repeatable. Automated unit tests will ensure the functionality works as expected consistently and reliably.",closed,Testing,Other,https://github.com/flamenquin-hub-single/uvlhub/issues/22,,Other,"The bug report is about adding unit tests for a feature, which involves writing code to test the system's behavior. It does not mention configuration artifacts or incorrect configurations."
flamenquin-hub-single,uvlhub,Selenium tests for Download in different formats,"I want to test with Selenium that the system allows me to download in the different formats I have. I considered performing the tests manually, but this approach is less efficient, more prone to errors, and does not allow for consistent and repeatable testing. The application uses a dropdown menu to select download formats (e.g., UVL, Glencoe, DIMACS, SPLOT, ZIP). Testing involves verifying the correct format is downloaded upon selection.",closed,"Testing, Medium",Other,https://github.com/flamenquin-hub-single/uvlhub/issues/20,,Other,"The bug report appears to be about testing and automation using Selenium, rather than a configuration issue. It mentions the need for consistent and repeatable testing, but this is related to the testing approach rather than system configuration."
flamenquin-hub-single,uvlhub,Tests for bibtex export,Write tests for the bibtex export feature,closed,enhancement,Other,https://github.com/flamenquin-hub-single/uvlhub/issues/18,,Other,"The bug report is about writing tests for a feature, which does not indicate an issue with configuration settings. It's more related to development and testing."
flamenquin-hub-single,uvlhub,Render develop branch,Deploy the development branch of the project,closed,enhancement,Other,https://github.com/flamenquin-hub-single/uvlhub/issues/16,,Other,"The bug report appears to be related to deployment or version control, but it does not mention configuration artifacts or settings. It seems more like an enhancement request for deploying a specific branch rather than a configuration issue."
flamenquin-hub-single,uvlhub,"Upload, analyse and repair UVL","As a user, I want to be able to upload a UVL, have the system tell me if it is syntactically correct and tell me on which line I have the error.",closed,enhancement,Other,https://github.com/flamenquin-hub-single/uvlhub/issues/14,,Other,"The bug report does not mention configuration artifacts or describe incorrect or missing configurations, but rather seems to be related to a feature request for error handling in UVL uploads."
flamenquin-hub-single,uvlhub,Make Issue templates,Sin descripción,closed,documentation,Other,https://github.com/flamenquin-hub-single/uvlhub/issues/10,,Other,"The provided information does not contain any details about configuration artifacts, incorrect or missing configurations, system setup, deployment, runtime settings, or unintended interactions between configuration settings. The title mentions 'Issue templates', which suggests a problem related to documentation or issue tracking, but it lacks specific details to classify it as a configuration bug report."
flamenquin-hub-single,uvlhub,Update workflows,Update the following workflows: - commits - deployment - pull requests - automatic tests when pushing,closed,misc,Other,https://github.com/flamenquin-hub-single/uvlhub/issues/6,,Other,"The bug report does not mention configuration artifacts, incorrect or missing configurations, system setup, deployment, or runtime settings. It appears to be related to updating workflows and their functionality."
flamenquin-hub-single,uvlhub,Sync with github,Sin descripción,closed,enhancement,Other,https://github.com/flamenquin-hub-single/uvlhub/issues/5,,Other,"The provided information does not mention configuration artifacts, incorrect or missing configurations, system setup, deployment, runtime settings, or unintended interactions between configuration settings. The bug report is tagged as an 'enhancement', which suggests it's related to adding new functionality rather than fixing a configuration issue."
flamenquin-hub-single,uvlhub,Advanced filtering,"As a user I want to filter by number of features, number of products, etc. to obtain datasets according to my needs",closed,enhancement,Other,https://github.com/flamenquin-hub-single/uvlhub/issues/4,,Other,"The bug report does not mention configuration artifacts or describe incorrect or missing configurations. It appears to be related to a feature request or an enhancement, rather than a configuration issue."
flamenquin-hub-single,uvlhub,Export dataset bibtex,As a user I want to be able to export in bibtex format the datasets (with their DOI) to use them in my papers.,closed,enhancement,Other,https://github.com/flamenquin-hub-single/uvlhub/issues/3,,Other,"The bug report appears to be related to a feature request or an enhancement, rather than a configuration issue. It does not mention any configuration artifacts, incorrect or missing configurations, system setup, deployment, or runtime settings."
flamenquin-hub-single,uvlhub,Download in different formats,"As a user, I want to be able to download the models or datasets in different formats (e.g., dimacs), for use in my own projects.",closed,"enhancement, high",Other,https://github.com/flamenquin-hub-single/uvlhub/issues/2,,Other,The bug report is about a feature request (enhancement) and does not mention configuration artifacts or settings. It seems to be related to the functionality of the system rather than its configuration.
Mantecado-hub,mantecado-hub-2,Cambio del botón de Search users,Cambiar el botón de search users para poner search profile Criterios de aceptación - [ ]  Entrar a la página y ver que se ha realizado el cambio correctamente,closed,"priority: medium, difficulty: low, developer",Other,https://github.com/Mantecado-hub/mantecado-hub-2/issues/123,,Other,"The bug report appears to be related to a UI change (button text modification) rather than a configuration issue. It does not mention any configuration artifacts, incorrect or missing configurations, system setup, deployment, or runtime settings."
Mantecado-hub,mantecado-hub-2,Mejora de la descripción del Readme,"Actualizar el archivo `README.md` del proyecto para incluir: 1. Una breve descripción del proyecto. 2. Un apartado que informe a los usuarios que toda la documentación importante se encuentra en la **Wiki** del repositorio, con un enlace directo a esta. Criterios de aceptación: - [x] El `README.md` contiene una descripción clara y breve del propósito del proyecto. - [x] Se incluye un apartado que redirige a la Wiki como fuente principal de información. - [x] Se revisa que el enlace a la Wiki sea funcional. - [x] La redacción es clara y está libre de errores ortográficos. Enlace relacionado: [Wiki del proyecto](https://github.com/Mantecado-hub/mantecado-hub-2/wiki)",closed,"documentation, priority: medium, developer",Other,https://github.com/Mantecado-hub/mantecado-hub-2/issues/120,,Other,"This bug report appears to be related to a documentation improvement task rather than a configuration issue. It involves updating the README.md file with new content and checking its correctness, but it does not mention any configuration artifacts or settings."
Mantecado-hub,mantecado-hub-2,Fix: Arreglo en download all datasets,#¿NOMBRE?,closed,"bug, QA, priority: high, difficulty: medium",Other,https://github.com/Mantecado-hub/mantecado-hub-2/issues/117,,Other,"The provided information does not mention configuration artifacts or settings. The title and description suggest a code-related issue, specifically with downloading datasets."
Mantecado-hub,mantecado-hub-2,WI Fakenodo Test Unitario,Se añadirán nuevos test unitarios de Fakenodo -**Criterios de aceptación**: - [ ] Todos funcionan correctamente,closed,"priority: low, difficulty: hard, QA",Other,https://github.com/Mantecado-hub/mantecado-hub-2/issues/114,,Other,The bug report appears to be related to adding new unit tests for Fakenodo and does not mention any configuration issues. It is a task description rather than a bug report.
Mantecado-hub,mantecado-hub-2,Mejora del modelo Fakenodo,"Se añadió soporte para MutableDict en el modelo para asegurar que los campos JSON sean manejados como diccionarios. Este cambio utiliza MutableDict, que permite realizar cambios en un diccionario JSON directamente y garantiza que SQLAlchemy los rastree correctamente. Cambio de metadata a meta_data: En el modelo Deposition, el campo JSON está definido como meta_data. Para garantizar que SQLAlchemy lo maneje correctamente, el nombre del campo debe coincidir.",closed,"enhancement, priority: low, difficulty: low, developer",Other,https://github.com/Mantecado-hub/mantecado-hub-2/issues/112,,Other,"The bug report describes a change to the model Fakenodo and modifications to handle JSON fields correctly in SQLAlchemy, but it does not mention configuration artifacts or settings. It appears to be related to code changes rather than system setup or deployment configurations."
Mantecado-hub,mantecado-hub-2,WI 34 - Test integration,Sin descripción,closed,"enhancement, difficulty: medium, difficulty: low, developer",Other,https://github.com/Mantecado-hub/mantecado-hub-2/issues/110,,Other,"The bug report does not mention configuration artifacts or describe incorrect or missing configurations. It also lacks details about the issue, making it difficult to determine if it's a configuration-related problem."
Mantecado-hub,mantecado-hub-2,Añadir un nuevo workflow para crear releases automaticas.,"**Issue: Crear Workflow para Releases Automáticas** Se añadirá un nuevo workflow al proyecto para generar releases automáticas basadas en mensajes de commit. **Criterios de Aceptación** - [ ] Los mensajes de commit que comiencen con `Feat: vX.Y.Z` o `Fix: vX.Y.Z` (por ejemplo, `Feat: v1.0.0` o `Fix: v2.1.3`) deben activar la creación de una release automáticamente. - [ ] El workflow debe extraer el número de versión del mensaje de commit y usarlo como tag y nombre de la release. - [ ] Generar releases con información básica en el cuerpo, indicando que fue generado automáticamente. - [ ] El workflow debe ser compatible con los workflows existentes, sin generar conflictos. - [ ] Debe validar que el mensaje del commit cumpla estrictamente el formato antes de proceder, evitando ejecuciones innecesarias. **Tareas** 1. Crear un archivo `release-on-version.yml` en el directorio `.github/workflows/` con el siguiente comportamiento: - Verificar el mensaje del commit. - Extraer la versión. - Publicar una release si cumple con los criterios establecidos. 2. Validar el correcto funcionamiento del workflow en un entorno de prueba: - Confirmar que las releases se crean solo para los commits con formato válido. - Confirmar que las releases se publican con el tag extraído del mensaje. 3. Probar la integración del workflow con los existentes para asegurar que no hay conflictos. 4. Documentar el uso del workflow: - Especificar el formato aceptado para los mensajes de commit. - Explicar cómo configurar el archivo y los secretos necesarios (`GITHUB_TOKEN`). **Notas** Este nuevo workflow facilitará el versionado y la publicación de releases, asegurando consistencia y reduciendo la carga manual del equipo. Si es necesario incluir más formatos de mensajes en el futuro, el workflow se podrá ajustar.",closed,"enhancement, priority: low, difficulty: medium, developer",Other,https://github.com/Mantecado-hub/mantecado-hub-2/issues/100,,Other,"This bug report appears to be a feature request or an implementation task rather than a configuration issue. It describes the creation of a new workflow and its behavior, which is more related to code development than configuration settings."
Mantecado-hub,mantecado-hub-2,Fix - arreglar warnings en los test,Se arreglara los warning que saltan en los test en las nuevas integraciones. - **Criterios de aceptación**: - [x] Al correr los test no debe saltar ningun warning de dependencias del comunity_id con el auth.,closed,"bug, priority: medium, QA, difficulty: low",Other,https://github.com/Mantecado-hub/mantecado-hub-2/issues/98,,Other,"The bug report mentions fixing warnings in tests, which suggests a code defect rather than a configuration issue."
Mantecado-hub,mantecado-hub-2,FIX - Migraciones,Se añadirán los archivos migración que se han perdido. - **Criterios de aceptación**: - [x] Al hacer flask db upgrade deben de crearse todas las tablas correctamente,closed,"priority: high, difficulty: low, developer",Configuration,https://github.com/Mantecado-hub/mantecado-hub-2/issues/87,,Other,"The bug report appears to be related to a database migration issue in a Flask application. While it involves running a command (flask db upgrade), the primary focus is on ensuring that all tables are created correctly, which suggests a code defect rather than a configuration issue."
Mantecado-hub,mantecado-hub-2,Añadir un nuevo workflow para las dependencias,Se añadira un nuevo workflow al proyecto para las dependencias. Criterios de aceptación: - [x] Safety revise tu archivo requirements.txt para encontrar dependencias con vulnerabilidades conocidas. - [x] Generar un reporte detallado que puedes analizar para actualizar dependencias problemáticas. - [x] Que dicho workflow funcione correctamente con el resto de workflows integrados y no genere ningun conflicto.,closed,"enhancement, priority: low, difficulty: low, developer",Other,https://github.com/Mantecado-hub/mantecado-hub-2/issues/85,,Other,"The bug report appears to be related to adding a new workflow for dependencies and ensuring its correct functioning with other integrated workflows, but it does not mention any configuration issues or misconfigured settings. It seems more focused on implementing a new feature and testing its integration."
Mantecado-hub,mantecado-hub-2,FIX - Arreglar los espacios de Lint en el codigo,Se arreglarán la identación del código y los espacios. Criterios de aceptación: - [x] Que todos el proyecto cumpla con los estándares de espacio e identación.,closed,"bug, priority: low, QA, difficulty: low",Other,https://github.com/Mantecado-hub/mantecado-hub-2/issues/81,,Other,"The bug report primarily involves code formatting and indentation standards, which is a coding style issue rather than a configuration problem."
Mantecado-hub,mantecado-hub-2,FEAT - Nuevo workflow de plantilla de PR,"Implementar un nuevo workflow que compruebe que se escriben bien, siguiendo la plantilla las PR. **Criterios de aceptación:** - [x] Debe dar correcto al crear la PR que unifique a main.",closed,"enhancement, priority: low, difficulty: low, developer",Other,https://github.com/Mantecado-hub/mantecado-hub-2/issues/76,,Other,"The bug report appears to be about implementing a new workflow and its acceptance criteria, but it does not mention any configuration issues or settings. It seems to be related to code development rather than system configuration."
Mantecado-hub,mantecado-hub-2,FIX - Mejora del workflow commit-message,Se mejorará el workflow de commit-message para que se ejecute cuando se haga push a cualquier rama exceptuando main. - **Criterios de aceptacion**: - [x] El workflow debe dar bien al hacer el push del commit de la corrección.,closed,"bug, priority: low, QA, difficulty: low",Other,https://github.com/Mantecado-hub/mantecado-hub-2/issues/74,,Other,"The bug report is about improving a workflow and its acceptance criteria, but it does not mention configuration artifacts or incorrect configurations. It seems to be related to the development process rather than a configuration issue."
Mantecado-hub,mantecado-hub-2,Añadir un nuevo workflow al proyecto,Se añadira un nuevo workflow al proyecto. Criterios de aceptación: Que dicho workflow automatice un proceso no implementado en el proyecto. Que dicho workflow funcione correctamente con el resto de workflows integrados y no genere ningun conflicto.,closed,"enhancement, priority: medium, difficulty: medium",Other,https://github.com/Mantecado-hub/mantecado-hub-2/issues/72,,Other,"The bug report appears to be related to adding a new workflow to the project and ensuring it integrates correctly with existing workflows, which suggests a functional or design issue rather than a configuration problem."
Mantecado-hub,mantecado-hub-2,FIX - Arreglar los test del Fakenodo,Se arreglarán los test del Fakenodo. Criterios de aceptación: - [x] Que todos los test del Fakenodo funcionen correctamente tras los cambios realizados en este modulo.,closed,"bug, priority: medium, QA, difficulty: medium",Other,https://github.com/Mantecado-hub/mantecado-hub-2/issues/71,,Other,"The title and description suggest a task to fix tests in Fakenodo, but there is no mention of configuration artifacts or incorrect settings. The issue seems to be related to code defects rather than configuration issues."
Mantecado-hub,mantecado-hub-2,FIX -  Refactorizar el código para el lint.,Se refactorizará el código siguiendo la estructura del workflow de lint. Criterios de aceptación: Que el workflow de lint no detecte ningún error de código en el proyecto.,closed,"bug, priority: medium, QA, difficulty: low",Other,https://github.com/Mantecado-hub/mantecado-hub-2/issues/70,,Other,"The bug report primarily involves refactoring code to meet linting standards and does not mention configuration artifacts or settings, making it unlikely a configuration issue."
Mantecado-hub,mantecado-hub-2,Revisión de las plantillas de las issues,Se revisarán todas las issues de WI creadas para que cumplan con la plantilla - Criterios de aceptación: - [x] Todas las issues estan asignadas al menos a 1 persona - [x] Todas las issues tienen una descripción y nos criterios de aceptación - [x] Todas las issues tienen sus etiquetas correspondientes al tipo,closed,"organization, priority: low",Other,https://github.com/Mantecado-hub/mantecado-hub-2/issues/68,,Other,"The bug report appears to be related to project management and issue tracking rather than a configuration issue. It involves reviewing and updating issues to meet certain criteria, which is more related to process or workflow rather than system configuration."
Mantecado-hub,mantecado-hub-2,WI 14 - Mejora Search Querys,"**Objetivo del cambio** Añadir una breve descripción encima del buscador que explique los tipos de **queries avanzadas** disponibles para el usuario. Ejemplo: **Available Advanced Search Types:** - `author:` [author's name] - `title:` [dataset title] - `tags:` [tag or label] - `min_size:` [minimum dataset size] - `max_size:` [maximum dataset size] - `models_min:` [minimum number of models] - `models_max:` [maximum number of models] - `publication_type:` [type of publication, e.g., book, report, etc.] **Justificación del cambio** - **Mejor accesibilidad**: Proporcionar información clara y concisa sobre los tipos de búsquedas avanzadas ayuda a los usuarios a entender y aprovechar la funcionalidad completa del buscador. - **Experiencia del usuario**: Reducir la curva de aprendizaje y fomentar la interacción efectiva con el sistema. - **Optimización del tiempo**: Permite a los usuarios realizar búsquedas específicas sin necesidad de documentación externa. **Beneficio del cambio** Al añadir una descripción de las **queries avanzadas disponibles** directamente sobre el buscador, facilitamos que el usuario interactúe de manera efectiva con las búsquedas complejas, incrementando así la usabilidad del sistema. **- Justificación del cambio.** Mayor accesibilidad al saber los tipos de querys avanzadas que pueden realizarse.",closed,"enhancement, priority: low, difficulty: hard",Other,https://github.com/Mantecado-hub/mantecado-hub-2/issues/66,,Other,"The bug report describes a change to add a description above the search bar explaining advanced search types, which is an enhancement rather than a configuration issue. The description does not mention any configuration artifacts or settings."
Mantecado-hub,mantecado-hub-2,FIX - Arreglo de los workflows,Se eliminaran los workflows que no sirven y se corregirán los ya existentes. - Criterios de aceptación: Que los workflows que no sirven estén eliminados y que los demás funcionen.,closed,"bug, priority: medium, QA, difficulty: low",Other,https://github.com/Mantecado-hub/mantecado-hub-2/issues/63,,Other,"The description mentions the correction of workflows and their functionality, but it does not explicitly mention configuration artifacts or settings. It appears to be a task related to workflow management rather than a configuration issue."
Mantecado-hub,mantecado-hub-2,WI - Bug Fakenodo,"-  **Qué sucede.** Se muestra error al intentar subir datasets nuevos al proyecto en los test. - **Qué se esperaba que sucediera.** Que se permita subir datasets nuevos al proyecto en los test. - **Capturas de pantalla o logs, si es posible.** ![Image](https://github.com/user-attachments/assets/71488475-8998-4505-9e9a-b0f5defec512)",closed,"bug, QA, priority: high, difficulty: medium",Other,https://github.com/Mantecado-hub/mantecado-hub-2/issues/61,,Configuration,"The bug report mentions an error when trying to upload new datasets to a project in the test environment, which suggests that there might be a configuration issue related to the test setup or deployment."
Mantecado-hub,mantecado-hub-2,WI 31 - Bug Rate dataset,"-  **Qué sucede.** Se muestra error `POST /explore HTTP/1.1 400` al acceder a la pestaña Explore cuando se añaden los cambios del rate dataset en el commit con el hash `ba16aad`, y no se muestra ningún dataset en consecuencia en dicha pestaña. - **Qué se esperaba que sucediera.** Que no se muestre ningún error, y se muestren todos los datasets en el explorer. - **Capturas de pantalla o logs, si es posible.** ![Image](https://github.com/user-attachments/assets/53db40e1-f7bb-43fa-9a36-8d342a298103)",closed,"bug, QA, priority: high, difficulty: medium",Other,https://github.com/Mantecado-hub/mantecado-hub-2/issues/60,,Configuration,"The bug report mentions an error when accessing a specific feature (Explore) after changes were made to the rate dataset, which suggests that the issue might be related to configuration settings or environment variables rather than a code defect."
Mantecado-hub,mantecado-hub-2,WI 34 - Selenium test - Dashboard,Esta tarea consiste en añadir pruebas automatizadas con Selenium para verificar el funcionamiento correcto de la dashboard. Los tests añadidos son los siguientes: - **test_access_dashboard**: Test que prueba el acceso al dashboard. Criterios de aceptación: - [x]  Los tests deben haber sido implementados correctamente y deben funcionar sin errores. - [x]  Los tests deben ser documentados en la wiki. - [x]  Los tests deben ser revisados y aprobados por al menos otro miembro del equipo. - [x]  Los cambios realizados no deben generar errores en otras funcionalidades del sistema.,closed,"priority: medium, QA, difficulty: medium",Other,https://github.com/Mantecado-hub/mantecado-hub-2/issues/59,,Other,"The bug report appears to be about implementing automated tests with Selenium for a dashboard using the Mantecado-hub project, but it does not mention any configuration issues or settings. It seems to focus on testing and validation of the implemented tests."
Mantecado-hub,mantecado-hub-2,FIX - Arreglo de Lint,Corregir todos los archivos que causan errores en el workflow de Lint. **Criterios de aceptación:** - [ ] Todos los archivos deben estar sin errores cuando se pase el workflow de Lint,closed,"bug, QA, priority: high",Other,https://github.com/Mantecado-hub/mantecado-hub-2/issues/58,,Other,"The bug report is about fixing code errors in the Lint workflow, which suggests a code defect rather than a configuration issue."
Mantecado-hub,mantecado-hub-2,WI 34 - Dashboard,"Implementar una funcionalidad de para mostrar los estadísticas en una nueva pantalla de forma mas amigable para el usuario, con gráficos. Criterios de aceptación: Los usuarios deben poder visualizar los datos en gráficos. Los datos deben de actualizarse según se vaya interactuando con la aplicación.",closed,difficulty: medium,Other,https://github.com/Mantecado-hub/mantecado-hub-2/issues/56,,Other,"The bug report describes a feature implementation and its acceptance criteria, but does not mention any configuration issues or settings. It appears to be related to the development of new functionality rather than a problem caused by misconfigured settings."
Mantecado-hub,mantecado-hub-2,WI 34 - Locust Test - Dashboard,Esta tarea consiste en añadir pruebas automatizadas con Locust para verificar el funcionamiento correcto de la funcionalidad dashboard. Los tests añadidos son los siguientes: - **view_dashboard**: Test que prueba la visualización del dashboard. - **view_dashboard_metrics**: Test que prueba la visualización de las metricas del dashboard. -  **update_dashboard_data**: Tests que prueba que el dashboard se actualiza correctamente al haber nuevos datos. Criterios de aceptación: - [x]  Los tests deben haber sido implementados correctamente y deben funcionar sin errores. - [x]  Los tests deben ser documentados en la wiki. - [x]  Los tests deben ser revisados y aprobados por al menos otro miembro del equipo. - [x]  Los cambios realizados no deben generar errores en otras funcionalidades del sistema.,closed,"priority: medium, QA, difficulty: medium",Other,https://github.com/Mantecado-hub/mantecado-hub-2/issues/55,,Other,"The bug report appears to be about implementing automated tests using Locust for a dashboard functionality. It does not mention configuration artifacts, incorrect or missing configurations, system setup, deployment, or runtime settings. The issue seems to be related to the implementation and testing of new features rather than a configuration problem."
Mantecado-hub,mantecado-hub-2,WI 34 - Unit test - Dashboard,Esta tarea consiste en añadir pruebas unitarias para verificar el funcionamiento correcto de la funcionalidad dashboard. Los tests añadidos son los siguientes: Criterios de aceptación: - [x]  Los tests deben haber sido implementados correctamente y deben funcionar sin errores. - [x]  Los tests deben ser documentados en la wiki. - [x]  Los tests deben ser revisados y aprobados por al menos otro miembro del equipo. - [x]  Los cambios realizados no deben generar errores en otras funcionalidades del sistema.,closed,"priority: medium, QA, difficulty: medium",Other,https://github.com/Mantecado-hub/mantecado-hub-2/issues/54,,Other,"This bug report appears to be related to the implementation and verification of unit tests for a dashboard feature, rather than an issue with system configuration or settings."
Mantecado-hub,mantecado-hub-2,"Añadir apartado de ""Gestión de equipo"" a la Wiki","Crear un apartado en la Wiki del proyecto dedicado a describir el proceso de gestión de equipo utilizado. Este apartado debe incluir las estrategias, herramientas y buenas prácticas implementadas, así como ejemplos relevantes del proyecto. **Criterios de aceptación:** - [x] El apartado debe estar creado y visible en la estructura de la Wiki. - [x] Incluir una descripción general de la gestión de equipo en el proyecto. - [x] Detallar las herramientas utilizadas, su propósito y cómo se aplicaron. - [x] Describir las estrategias implementadas para la organización, comunicación y resolución de conflictos en el equipo. - [x] Incluir ejemplos concretos de cómo se aplicaron estas estrategias durante el proyecto. - [x] El contenido debe estar redactado de manera clara y profesional.",closed,"documentation, priority: medium",Other,https://github.com/Mantecado-hub/mantecado-hub-2/issues/52,,Other,The bug report is about creating a new section in the Wiki and does not mention configuration artifacts or settings. It appears to be related to documentation and content creation rather than system setup or configuration.
Mantecado-hub,mantecado-hub-2,WI 14 - Selenium Test - Search queries,"<hr> <h2><strong>Implementar tests de Selenium para verificar el funcionamiento de filtros y búsquedas</strong></h2> <h3><strong>Criterios de aceptación</strong></h3> Funcionalidad | Test relacionado | Criterios de aceptación -- | -- | -- Probar filtro por tipo de publicación | test_publication_type | - Validar que el filtro publication_type funcione correctamente.- Verificar valores válidos como book, report, any.- Confirmar que valores inválidos como asd devuelven todos los datasets. Probar búsqueda por cadena general | test_query_search | - Validar que la búsqueda general devuelva datasets que coincidan con una cadena específica.- Confirmar que búsquedas inexistentes devuelvan 0 resultados. Filtrar por tamaño del dataset | test_size_filter | - Validar que el filtro min_size y max_size funcionen correctamente.- Asegurar que combinaciones de tamaño mínimo y máximo sean aplicadas correctamente. Filtrar por título de dataset | test_title_filtrer | - Confirmar que el filtro por título devuelva los datasets esperados.- Validar búsquedas de títulos exactos y parciales. Filtrar por número de modelos | test_num_models_filters | - Verificar que el filtro models_min y models_max devuelva datasets en los rangos especificados.- Confirmar combinaciones de filtros simultáneos. Filtrar por tags | test_tags_filters | - Validar que el filtro por tags funcione correctamente.- Confirmar que tags inválidos devuelvan 0 resultados. Buscar por nombre de autor | test_author_search | - Validar que el filtro por author funcione correctamente.- Confirmar resultados parciales y exactos.- Verificar que autores inexistentes devuelvan 0 resultados. Probar filtro combinado de publicación | test_filtrer_publication_type | - Confirmar que se puedan combinar filtros de publicación en la cadena de consulta.- Validar casos como publication_type:book o none. <hr> <h3><strong>Notas adicionales</strong></h3> <ul> <li>Los tests verifican la interacción con filtros específicos en el frontend mediante <strong>Selenium</strong>.</li> <li>Cada prueba utiliza funciones auxiliares (<code inline="""">set_input</code>, <code inline="""">check_num_datasets</code>, etc.) para la manipulación y validación de datos en la interfaz.</li> <li>El comportamiento con valores válidos e inválidos en los filtros ha sido cubierto.</li> </ul> <p>Esta tabla resume las pruebas implementadas y garantiza que todos los filtros y búsquedas funcionen como se espera.</p></body></html>",closed,"priority: medium, difficulty: hard, QA",Other,https://github.com/Mantecado-hub/mantecado-hub-2/issues/50,,Other,"The bug report appears to be a test plan or a set of acceptance criteria for implementing Selenium tests. It does not mention configuration artifacts, incorrect or missing configurations, system setup, deployment, or runtime settings."
Mantecado-hub,mantecado-hub-2,WI 14 - Locust Test - Search queries,"Objetivo Garantizar que el sistema pueda manejar un número significativo de usuarios concurrentes mientras mantiene tiempos de respuesta aceptables y funcionalidad estable en el módulo de exploración. --- Escenarios de Test y Criterios de Aceptación | **Escenario**                                       | **Funcionalidad Probada**                                      | **Criterios de Aceptación**                                                                                                                                                                                                                 | |-----------------------------------------------------|----------------------------------------------------------------|---------------------------------------------------------------------------------------------------------------------------------------------------------------------------------------------------------------------------------------------| | **Inicio de sesión y navegación general**           | `on_start`                                                     | - Validar que los usuarios puedan iniciar sesión correctamente antes de realizar acciones en el módulo. <br> - Confirmar que no se produzcan errores durante la autenticación de usuarios simulados.                                         | | **Acceso al índice de exploración**                 | `index`                                                        | - Confirmar que los usuarios pueden acceder a la página principal de exploración sin errores. <br> - Asegurar que las respuestas del servidor sean consistentes (código de estado 200).                                                      | | **Consulta por tags**                               | `query_by_tag`                                                 | - Validar que los usuarios puedan filtrar datasets por tags (e.g., `tag1`). <br> - Confirmar que la respuesta sea rápida y devuelva datos correctos con un código de estado 200.                                                              | | **Consulta por autor**                              | `query_by_author`                                              | - Verificar que los usuarios puedan filtrar datasets por un autor específico (e.g., `Thor Odinson`). <br> - Asegurar que las consultas devuelvan datos consistentes con un código de estado 200.                                             | | **Manejo de consultas inválidas**                   | `invalid_query`                                                | - Asegurar que el sistema maneje adecuadamente las consultas inválidas, devolviendo un código de estado 200 con una respuesta adecuada (e.g., lista vacía). <br> - Confirmar que no se produzcan errores en el servidor ante consultas inválidas. | --- Configuración de los Tests Clase `ExploreBehavior` - **Objetivo:** Simula el comportamiento del usuario en el módulo de exploración. - **Métodos principales:** - `on_start`: Ejecuta el inicio de sesión antes de comenzar los tests. - `index`: Prueba el acceso a la página principal de exploración. - `query_by_tag`: Simula consultas para filtrar datasets por tags. - `query_by_author`: Simula consultas para filtrar datasets por autor. - `invalid_query`: Prueba consultas inválidas para asegurar la robustez del sistema. Clase `ExploreUser` - **Objetivo:** Configura el usuario de Locust para ejecutar las tareas definidas en `ExploreBehavior`. - **Parámetros:** - `min_wait`: Tiempo mínimo entre tareas (5000ms). - `max_wait`: Tiempo máximo entre tareas (9000ms). - `host`: Host del sistema bajo prueba, definido dinámicamente con `get_host_for_locust_testing()`. --- Métricas a Evaluar - **Tiempos de Respuesta:** Verificar que los tiempos de respuesta se mantengan por debajo de un umbral aceptable (e.g., <500ms) bajo carga concurrente. - **Tasa de Éxito:** Confirmar que más del 99% de las solicitudes devuelvan un código de estado 200. - **Errores:** Evaluar la presencia de errores (e.g., tiempo de espera excedido, fallas de servidor) durante los escenarios simulados.",closed,"priority: medium, difficulty: hard, QA",Other,https://github.com/Mantecado-hub/mantecado-hub-2/issues/49,,Other,"The bug report describes a test scenario for ensuring the system can handle a significant number of concurrent users while maintaining acceptable response times and stable functionality in the exploration module. It outlines various test cases, including user login, navigation, search queries by tag and author, and handling invalid queries. The report also mentions metrics to be evaluated, such as response times, success rate, and errors. However, it does not mention configuration artifacts or settings that could indicate a configuration bug."
Mantecado-hub,mantecado-hub-2,WI 14 - Integration Test - Search queries,"Implementar Test de Integración para la funcionalidad de exploración en el repositorio de modelos **Objetivo** Garantizar la correcta integración entre los módulos de autenticación y exploración, validando que los flujos completos del usuario funcionen correctamente al realizar consultas y operaciones en la página de exploración. --- **Criterios de aceptación** Probar login y consulta básica **Test relacionado:** `test_user_login_and_query` - Validar que un usuario autenticado pueda acceder a la página de exploración y realizar consultas básicas. - Confirmar que las consultas devuelvan únicamente los datasets que cumplen con los criterios de búsqueda. - Verificar que los resultados sean consistentes y no contengan datos inesperados. --- Filtrar datasets por autor autenticado **Test relacionado:** `test_user_login_and_filter_by_author` - Confirmar que un usuario autenticado pueda filtrar datasets por autor. - Validar que el sistema devuelva únicamente los datasets del autor especificado. - Asegurar que no se devuelvan resultados si el autor indicado no tiene datasets asociados. --- Probar consultas combinadas con usuario autenticado **Test relacionado:** `test_user_combined_query_filters` - Validar que las consultas combinadas (tamaño mínimo, máximo de modelos, tags, autor) funcionen correctamente con un usuario autenticado. - Confirmar que únicamente se devuelvan datasets que cumplan todos los criterios especificados. - Verificar que una consulta inconsistente o con múltiples criterios no válidos devuelva una lista vacía. --- Manejar consultas inválidas **Test relacionado:** `test_user_invalid_query` - Confirmar que un usuario autenticado pueda manejar consultas con criterios inválidos. - Validar que no se devuelvan resultados cuando los filtros especificados no coinciden con ningún dataset. - Asegurar que el sistema no genere errores al procesar consultas inválidas. --- Estos tests de integración aseguran que las operaciones principales de autenticación y búsqueda en el módulo de exploración funcionan correctamente y manejan escenarios comunes y de borde de manera adecuada.",closed,"priority: medium, difficulty: hard, QA",Other,https://github.com/Mantecado-hub/mantecado-hub-2/issues/48,,Other,"The bug report appears to be about implementing integration tests for a search functionality in a repository of models. It describes the objectives, criteria for acceptance, and related test cases. The issue is closed, indicating that it has been resolved. There is no mention of configuration artifacts or incorrect configurations."
Mantecado-hub,mantecado-hub-2,WI 24 - Selenium Test - Download all datasets,Esta tarea consiste en añadir pruebas automatizadas con Selenium para verificar el funcionamiento correcto de la funcionalidad download all datasets. Los tests añadidos son los siguientes: - **test_download_all_datasets**: Este test simula la descarga de todos los datasets. Criterios de aceptación: - [x]  Los tests deben haber sido implementados correctamente y deben funcionar sin errores. - [x]  Los tests deben ser documentados en la wiki. - [x]  Los tests deben ser revisados y aprobados por al menos otro miembro del equipo. - [x]  Los cambios realizados no deben generar errores en otras funcionalidades del sistema.,closed,"priority: medium, QA, difficulty: medium",Other,https://github.com/Mantecado-hub/mantecado-hub-2/issues/47,,Other,"The bug report appears to be about implementing automated tests using Selenium and verifying the functionality of downloading all datasets, rather than a configuration issue. It involves testing and validation criteria, but does not mention any configuration artifacts or settings."
Mantecado-hub,mantecado-hub-2,WI 24 - Locust Test - Download all datasets,Esta tarea consiste en añadir pruebas automatizadas con Locust para verificar el funcionamiento correcto de la funcionalidad download all datasets. Los tests añadidos son los siguientes: - **test_download_all_datasets_route**: Este test simula la ruta de descarga de todos los datasets. - **test_no_datasets_to_download_route**: Este test simula que no hay datasets. -  **test_create_zip_of_datasets_error**: Este test simula un error al crear el zip. - **test_create_zip_of_datasets**: Este test simula la creacion de un archivo zip con datasets. - **test_send_zip_file**: Este test simula la descarga del archio zip. Criterios de aceptación: - [x]  Los tests deben haber sido implementados correctamente y deben funcionar sin errores. - [x]  Los tests deben ser documentados en la wiki. - [x]  Los tests deben ser revisados y aprobados por al menos otro miembro del equipo. - [x]  Los cambios realizados no deben generar errores en otras funcionalidades del sistema.,closed,"priority: medium, QA, difficulty: medium",Other,https://github.com/Mantecado-hub/mantecado-hub-2/issues/46,,Other,"The bug report appears to be about implementing automated tests using Locust for a specific functionality (download all datasets), rather than an issue caused by misconfigured settings or incorrect parameter values. The description focuses on the implementation and testing of new features, which suggests it's related to code defects rather than configuration issues."
Mantecado-hub,mantecado-hub-2,WI 24 - Integration Test - Download all datasets,Esta tarea consiste en añadir pruebas de integracion para verificar el funcionamiento correcto de la funcionalidad download all datasets. Los tests añadidos son los siguientes: - **test_download_all_datasets_route_with_login**: Test para verificar que la descarga de dataset se ejecuta correctamente. - **test_no_datasets_to_download_route_with_login**: Test para verificar que si no hay datasets se devuelve un error 404. -  **test_create_zip_of_datasets_error_with_login**: Test para verificar la gestión de excepciones al crear el zip. - **test_send_zip_file_with_login**: Test para simular el envío del archivo ZIP. Criterios de aceptación: - [x]  Los tests deben haber sido implementados correctamente y deben funcionar sin errores. - [x]  Los tests deben ser documentados en la wiki. - [x]  Los tests deben ser revisados y aprobados por al menos otro miembro del equipo. - [x]  Los cambios realizados no deben generar errores en otras funcionalidades del sistema.,closed,"priority: medium, QA, difficulty: medium",Other,https://github.com/Mantecado-hub/mantecado-hub-2/issues/45,,Other,"The bug report appears to be about implementing and testing new functionality (integration tests) rather than a configuration issue. It mentions specific test cases, implementation details, and acceptance criteria, but does not mention any configuration artifacts or settings."
Mantecado-hub,mantecado-hub-2,WI 24 - Unit Test -  Download All Datasets,Esta tarea consiste en añadir pruebas unitarias para verificar el funcionamiento correcto de la funcionalidad download all datasets. Los tests añadidos son los siguientes: - **test_download_all_datasets_route**: Test para verificar que la descarga de dataset se ejecuta correctamente. - **test_no_datasets_to_download_route**:Test para verificar que si no hay datasets se devuelve un error 404. -  **test_create_zip_of_datasets_error**: Test para verificar la gestión de excepciones al crear el zip. - **test_create_zip_of_datasets**: Test para verificar que la creación del archivo ZIP funciona. - **test_send_zip_file**: Test para simular el envío del archivo ZIP. Criterios de aceptación: - [x]  Los tests deben haber sido implementados correctamente y deben funcionar sin errores. - [x]  Los tests deben ser documentados en la wiki. - [x]  Los tests deben ser revisados y aprobados por al menos otro miembro del equipo. - [x]  Los cambios realizados no deben generar errores en otras funcionalidades del sistema.,closed,"priority: medium, QA, difficulty: medium",Other,https://github.com/Mantecado-hub/mantecado-hub-2/issues/44,,Other,"The bug report describes the implementation and verification of unit tests for a specific functionality. It does not mention configuration artifacts, incorrect or missing configurations, system setup, deployment, or runtime settings. The issue is related to code defects rather than how the system is configured."
Mantecado-hub,mantecado-hub-2,WI 24 - Download All Datasets,"Se añadirá una nueva funcionalidad para que los usuarios puedan descargar todos los datasets en todos los formatos pulsando un boton. **Criterios de aceptación**: - [x] Que el boton ""Download all datasets"" sea facilmente ubicable en la interfaz. - [x] Que al pulsar el boton ""Download all datasets"" se descarguen todos los datasets en un zip. - [x] Que el boton ""Download all datasets"" sea funcional aunque no estes logeado.",closed,"enhancement, priority: medium, difficulty: medium, developer",Other,https://github.com/Mantecado-hub/mantecado-hub-2/issues/43,,Other,"The bug report describes a new feature implementation and its acceptance criteria, but does not mention any configuration issues or settings. It appears to be related to code development rather than system configuration."
Mantecado-hub,mantecado-hub-2,WI 31 - Selenium Test - Rate dataset / models,Esta tarea consiste en añadir pruebas automatizadas con Selenium para verificar el funcionamiento correcto de las funcionalidades de rate dataset y rate models. Los tests añadidos son los siguientes: - **test_rate_dataset()**: Este test asegura que el usuario pueda valorar un dataset correctamente. - **test_rate_model()**: Este test asegura que el usuario pueda valorar un modelo correctamente. Criterios de aceptación: - [x]  Los tests deben haber sido implementados correctamente y deben funcionar sin errores. - [x]  Los tests deben ser documentados en la wiki. - [x]  Los tests deben ser revisados y aprobados por al menos otro miembro del equipo. - [x]  Los cambios realizados no deben generar errores en otras funcionalidades del sistema.,closed,"priority: medium, QA, difficulty: medium",Other,https://github.com/Mantecado-hub/mantecado-hub-2/issues/40,,Other,"The bug report appears to be about implementing automated tests using Selenium for rate dataset and model functionalities. It does not mention configuration artifacts, incorrect or missing configurations, system setup, deployment, or runtime settings. The issue seems to be related to the implementation of test cases rather than a configuration problem."
Mantecado-hub,mantecado-hub-2,WI 31 - Locust Test - Rate dataset / models,Esta tarea consiste en añadir pruebas automatizadas con Locust para verificar el funcionamiento correcto de las funcionalidades de rate dataset y rate models. Criterios de aceptación: - [ ]  Los tests deben haber sido implementados correctamente y deben funcionar sin errores. - [ ]  Los tests deben ser documentados en la wiki. - [ ]  Los tests deben ser revisados y aprobados por al menos otro miembro del equipo. - [ ]  Los cambios realizados no deben generar errores en otras funcionalidades del sistema.,closed,"priority: medium, QA, difficulty: medium",Other,https://github.com/Mantecado-hub/mantecado-hub-2/issues/39,,Other,"The bug report appears to be about implementing automated tests with Locust and verifying the functionality of rate dataset and rate models, rather than a configuration issue. It mentions implementation, documentation, and review criteria, but does not mention any specific configuration artifacts or settings."
Mantecado-hub,mantecado-hub-2,WI 31 - Integration Test - Rate dataset / models,Esta tarea consiste en añadir pruebas de integración para verificar el funcionamiento correcto de las funcionalidades de rate dataset y rate models. Criterios de aceptación: - [ ]  Los tests deben haber sido implementados correctamente y deben funcionar sin errores. - [ ]  Los tests deben ser documentados en la wiki. - [ ]  Los tests deben ser revisados y aprobados por al menos otro miembro del equipo. - [ ]  Los cambios realizados no deben generar errores en otras funcionalidades del sistema.,closed,"priority: medium, QA, difficulty: medium",Other,https://github.com/Mantecado-hub/mantecado-hub-2/issues/38,,Other,"The bug report appears to be related to implementing integration tests for a specific feature (rate dataset and models) rather than an issue caused by misconfigured settings or incorrect parameter values. It involves testing the functionality of existing code, not configuration."
Mantecado-hub,mantecado-hub-2,WI 31 - Unit Test - Rate dataset / models,Esta tarea consiste en añadir pruebas aunitarias para verificar el funcionamiento correcto de la de buscar y visualizar el perfil de los usuarios. Criterios de aceptación: - [ ]  Los tests deben haber sido implementados correctamente y deben funcionar sin errores. - [ ]  Los tests deben ser documentados en la wiki. - [ ]  Los tests deben ser revisados y aprobados por al menos otro miembro del equipo. - [ ]  Los cambios realizados no deben generar errores en otras funcionalidades del sistema.,closed,"priority: medium, QA, difficulty: medium",Other,https://github.com/Mantecado-hub/mantecado-hub-2/issues/37,,Other,"The bug report describes a task to add unit tests for verifying the functionality of user profile search and visualization, but it does not mention any configuration issues or settings. It focuses on implementing and reviewing unit tests rather than configuring system settings."
Mantecado-hub,mantecado-hub-2,WI 41 - Selenium Test - View User Profile,Esta tarea consiste en añadir pruebas automatizadas con Selenium para verificar el funcionamiento correcto de las funcionalidades de visualización y edición del perfil de usuario. Los tests añadidos son los siguientes: - **test_search_and_view_profile()**: Este test asegura que el usuario pueda buscar y visualizar su perfil correctamente. - **test_edit_profile()**: Este test verifica que el usuario pueda editar su perfil con éxito y que los cambios se reflejen adecuadamente. Criterios de aceptación: - [x]  Los tests deben haber sido implementados correctamente y deben funcionar sin errores. - [x]  Los tests deben ser documentados en la wiki. - [x]  Los tests deben ser revisados y aprobados por al menos otro miembro del equipo. - [x]  Los cambios realizados no deben generar errores en otras funcionalidades del sistema.,closed,"priority: medium, QA, difficulty: low",Other,https://github.com/Mantecado-hub/mantecado-hub-2/issues/36,,Other,"This bug report appears to be related to the implementation and testing of automated tests using Selenium, rather than a configuration issue. It involves writing and verifying test cases for user profile functionality, which is more related to code development and testing than system configuration."
Mantecado-hub,mantecado-hub-2,WI 41 - Locust Test - View User Profile,Esta tarea consiste en añadir pruebas automatizadas con Locust para verificar el funcionamiento correcto de la funcionalidad de buscar y visualizar los perfiles de los usuarios. - **test_edit_profile_page_get**: Test que prueba la edición del perfil. - **test_search_user_profiles**: Test que prueba la busqueda de perfiles por nombre o apellido. - **test_search_case_insensitivity**: Test que prueba la insensibilidad a mayusculas y minusculas en la busqueda. - **test_search_empty_query**: Test que prueba la busqueda con una consulta vacía. Criterios de aceptación: - [x]  Los tests deben haber sido implementados correctamente y deben funcionar sin errores. - [x]  Los tests deben ser documentados en la wiki. - [x]  Los tests deben ser revisados y aprobados por al menos otro miembro del equipo. - [x]  Los cambios realizados no deben generar errores en otras funcionalidades del sistema.,closed,"priority: medium, QA, difficulty: low",Other,https://github.com/Mantecado-hub/mantecado-hub-2/issues/35,,Other,"The bug report describes the implementation and testing of automated tests using Locust for user profile functionality. It does not mention configuration artifacts, incorrect or missing configurations, system setup, deployment, or runtime settings."
Mantecado-hub,mantecado-hub-2,WI 41 - Integration Test - View User Profile,Esta tarea consiste en añadir pruebas de integración para verificar el funcionamiento correcto de la funcionalidad de buscar y visualizar el perfil de un usuario. Criterios de aceptación: - [ ]  Los tests deben haber sido implementados correctamente y deben funcionar sin errores. - [ ]  Los tests deben ser documentados en la wiki. - [ ]  Los tests deben ser revisados y aprobados por al menos otro miembro del equipo. - [ ]  Los cambios realizados no deben generar errores en otras funcionalidades del sistema.,closed,"priority: medium, QA, difficulty: low",Other,https://github.com/Mantecado-hub/mantecado-hub-2/issues/34,,Other,"The bug report appears to be related to the implementation and testing of a feature, rather than a configuration issue. It mentions criteria for acceptance, which implies that the problem is with the code or its execution, not with how the system is configured."
Mantecado-hub,mantecado-hub-2,FEAT - Añadir mas workflows,Añadir workflows extras como revisión de política de commits,closed,"enhancement, priority: medium, developer",Other,https://github.com/Mantecado-hub/mantecado-hub-2/issues/30,,Other,"The bug report does not mention configuration artifacts or describe incorrect or missing configurations. It appears to be related to adding new workflows as an enhancement, which is a feature request rather than a configuration issue."
Mantecado-hub,mantecado-hub-2,FIX - Arreglar IC,Arreglar Codacy,closed,"bug, priority: high, developer",Other,https://github.com/Mantecado-hub/mantecado-hub-2/issues/29,,Other,The provided information does not mention configuration artifacts or settings. The title and description suggest a code-related issue (Codacy) rather than a configuration problem.
Mantecado-hub,mantecado-hub-2,WI 41 - Selenium Test - View User Profile,Sin descripción,closed,"enhancement, priority: medium, difficulty: low, developer",Other,https://github.com/Mantecado-hub/mantecado-hub-2/issues/28,,Other,"The provided information does not mention configuration artifacts or settings. The issue seems to be related to a Selenium test, which is likely a code defect rather than a configuration issue."
Mantecado-hub,mantecado-hub-2,WI 14 - Unit Test - Search queries,"Implementar test unitarios para garantizar la robustez, precisión y manejo adecuado de diferentes escenarios de búsqueda en el repositorio de modelos. **Criterios de aceptación:** | **Funcionalidad**                                 | **Test relacionado**                    | **Criterios de aceptación**                                                                                                                                                                                                                                                                                  | |---------------------------------------------------|-----------------------------------------|--------------------------------------------------------------------------------------------------------------------------------------------------------------------------------------------------------------------------------------------------------------------------------------------------------------| | **Probar la funcionalidad de consulta general**   | `test_filter_by_query_string`           | - Validar que la búsqueda funcione correctamente con una cadena de consulta específica. <br> - Confirmar que devuelva únicamente los datasets que coincidan con la consulta. <br> - Verificar que la búsqueda no devuelva resultados para consultas inexistentes.                                               | | **Filtrar por tipo de publicación**               | `test_filter_by_publication_type`       | - Validar que el filtrado por tipo de publicación funcione correctamente. <br> - Comprobar que devuelva únicamente datasets del tipo de publicación especificado (por ejemplo, ""book"", ""report""). <br> - Confirmar que una entrada inválida en el filtro no afecte la ejecución y devuelva todos los resultados. | | **Ordenar resultados por antigüedad**             | `test_sorting_mechanism`                | - Verificar que el mecanismo de ordenación devuelva los resultados ordenados cronológicamente por la fecha más antigua.                                                                                                                                                                                      | | **Filtrar por tamaño mínimo del dataset**         | `test_filter_by_min_size`               | - Validar que el filtrado por tamaño mínimo funcione correctamente. <br> - Confirmar que se devuelvan solo datasets cuyo tamaño sea igual o superior al especificado. <br> - Asegurar que funcione correctamente con valores específicos y rangos.                                                             | | **Probar filtros inválidos para tamaño mínimo**   | `test_invalid_min_size_filter`          | - Verificar que se manejen correctamente valores inválidos o vacíos en el filtro de tamaño mínimo. <br> - Confirmar que el sistema devuelva todos los datasets sin errores.                                                                                                                                 | | **Filtrar por tamaño máximo del dataset**         | `test_filter_by_max_size`               | - Validar que el filtrado por tamaño máximo funcione correctamente. <br> - Confirmar que se devuelvan solo datasets cuyo tamaño sea igual o inferior al especificado. <br> - Comprobar múltiples escenarios con diferentes valores de tamaño máximo.                                                           | | **Probar filtros inválidos para tamaño máximo**   | `test_invalid_max_size_filter`          | - Verificar que valores inválidos o vacíos en el filtro de tamaño máximo no afecten la ejecución del sistema. <br> - Asegurar que el sistema devuelva todos los datasets en estos casos.                                                                                                                      | | **Filtrar por número mínimo de modelos**          | `test_filter_by_min_models`             | - Confirmar que el filtrado por número mínimo de modelos funcione correctamente. <br> - Asegurar que solo se devuelvan datasets con un número de modelos igual o superior al especificado. <br> - Probar con valores límite y rangos intermedios.                                                             | | **Filtrar por número máximo de modelos**          | `test_filter_by_max_models`             | - Validar que el filtro por número máximo de modelos devuelva únicamente datasets que cumplan la condición especificada. <br> - Probar con diferentes valores de límite superior.                                                                                                                            | | **Filtrar por tags**                              | `test_filter_by_tags`                   | - Comprobar que el filtrado por un tag individual funcione correctamente. <br> - Verificar que se devuelvan únicamente los datasets que incluyan el tag. <br> - Validar que la búsqueda con múltiples tags funcione correctamente, devolviendo resultados que coincidan al menos con uno de los tags.         | | **Filtrar por autor**                             | `test_filter_by_author`                 | - Verificar que el filtrado por autor funcione correctamente. <br> - Asegurar que solo se devuelvan los datasets del autor especificado. <br> - Validar que no se devuelvan resultados si el autor no existe.                                                                                                | | **Filtrar por consultas combinadas**              | `test_combined_query_filters`           | - Probar la funcionalidad de búsqueda combinada con múltiples criterios (tamaño, número de modelos, tags, y autor). <br> - Asegurar que se devuelvan únicamente los datasets que cumplan todas las condiciones combinadas. <br> - Confirmar que valores inconsistentes en la consulta devuelvan una lista vacía. | | **Probar acceso general a la página de exploración** | `test_explore_get`                      | - Validar que la página de exploración sea accesible correctamente a través de una solicitud GET.                                                                                                                                                                                                           | | **Probar acceso con una consulta POST vacía**     | `test_explore_post`                     | - Confirmar que una solicitud POST sin criterios de búsqueda específicos devuelva todos los datasets disponibles en el repositorio.                                                                                                                                                                          |",closed,"priority: medium, difficulty: hard, QA",Other,https://github.com/Mantecado-hub/mantecado-hub-2/issues/27,,Other,"The bug report appears to be about implementing unit tests for search queries functionality in a repository of models. It describes the criteria for acceptance and lists various test cases, but it does not mention configuration artifacts or settings that could indicate a configuration issue."
Mantecado-hub,mantecado-hub-2,WI 41 - Unit Test - View User Profile,Esta tarea consiste en añadir pruebas unitarias para verificar el funcionamiento correcto de la funcionalidad view user profile. Los tests añadidos son los siguientes: - **test_search_user_profiles**: Test que prueba la busqueda de un usuario por nombre o apellido. - **test_search_case_insensitivity**: Test que prueba la busqueda de un usuario por nombre o apellido con matusculas o minusculas indistintamente. -  **test_search_empty_query**: Tests que prueba la busqueda introduciendo un campo vacio. - **test_search_single_character**: Test que prueba la busqueda de un usuario introduciendo un caracter.. - **test_search_with_extra_spaces**: Test que prueba la busqueda de un usuario añadiendo espacios extra. - **test_search_no_results**: Test que prueba una busqueda que no debe devolver resultados. Criterios de aceptación: - [x]  Los tests deben haber sido implementados correctamente y deben funcionar sin errores. - [x]  Los tests deben ser documentados en la wiki. - [x]  Los tests deben ser revisados y aprobados por al menos otro miembro del equipo. - [x]  Los cambios realizados no deben generar errores en otras funcionalidades del sistema.,closed,"priority: medium, QA, difficulty: low",Other,https://github.com/Mantecado-hub/mantecado-hub-2/issues/9,,Other,"This bug report appears to be related to the implementation and testing of unit tests for a specific functionality, rather than an issue caused by misconfigured settings or incorrect parameter values. The description focuses on adding unit tests and verifying their correct functioning, which suggests that this is a code-related issue rather than a configuration one."
Mantecado-hub,mantecado-hub-2,WI 41 - View user profile,"Implementar una funcionalidad que permita a los usuarios buscar otros usuarios en una lista. Al hacer clic en un usuario de la lista, se deben mostrar los datasets que ese usuario ha subido. **Criterios de aceptación:** - [x] El sistema debe proporcionar un buscador para encontrar usuarios. - [x] Al seleccionar un usuario de la lista, deben mostrarse los datasets subidos por ese usuario. - [x] La interfaz de usuario debe ser intuitiva y fácil de usar.",closed,"enhancement, priority: medium, difficulty: low, developer",Other,https://github.com/Mantecado-hub/mantecado-hub-2/issues/7,,Other,"The bug report describes a feature implementation request rather than an existing issue or problem. It outlines the requirements and acceptance criteria for a new functionality, but does not mention any configuration artifacts, incorrect configurations, system setup issues, or unintended interactions between settings."
Mantecado-hub,mantecado-hub-2,WI 37 - Sign up validation,Sin descripción,closed,"priority: high, difficulty: low, developer",Other,https://github.com/Mantecado-hub/mantecado-hub-2/issues/6,,Other,The provided information does not mention configuration artifacts or settings. The title and description do not provide enough context to determine if it's a configuration issue.
Mantecado-hub,mantecado-hub-2,WI 34 - Dashboard,Implementar una funcionalidad que permita a los usuario visualizar el dashboard. **Criterios de aceptación:** - [x] Los usuarios deben poder ver el dashboard. - [x] El dashboard debe actualizarse de manera correcta si hay cambios en las estadisticas.,closed,"enhancement, priority: high, difficulty: medium, developer",Other,https://github.com/Mantecado-hub/mantecado-hub-2/issues/5,,Other,"The bug report appears to be about implementing a new feature (dashboard functionality) rather than addressing an existing configuration issue. The description focuses on the development and implementation of the dashboard, not its configuration."
Mantecado-hub,mantecado-hub-2,WI 31 - Rate dataset / models,"Implementar una funcionalidad que permita a los usuarios calificar los datasets y/o modelos de características dentro del repositorio. La calificación deberá ser visible y permitir a otros usuarios ver la valoración. **Criterios de aceptación:** - [x] Los usuarios deben poder calificar datasets y modelos de características con una puntuación. - [x] La calificación debe ser visible para otros usuarios en la interfaz. - [x] El sistema debe permitir una calificación clara (por ejemplo, de 1 a 5 estrellas). - [x] La calificación debe actualizarse correctamente cada vez que un usuario realice un cambio.",closed,"enhancement, priority: medium, difficulty: medium, developer",Other,https://github.com/Mantecado-hub/mantecado-hub-2/issues/4,,Other,"The bug report describes a feature implementation request rather than an existing issue or problem. It outlines the requirements and acceptance criteria for a new functionality, but does not mention any configuration artifacts, incorrect configurations, system setup issues, or unintended interactions between settings."
Mantecado-hub,mantecado-hub-2,WI 14 - Search queries,"Implementar una funcionalidad de búsqueda que permita a los usuarios consultar el repositorio y obtener un conjunto de modelos. Además, los usuarios podrán tener la opción de descargar todos los modelos encontrados en la búsqueda. **Criterios de aceptación:** - [x] Los usuarios deben poder realizar consultas en el repositorio de modelos. - [x] El sistema debe permitir filtrar los modelos según diferentes criterios (por ejemplo, tipo, fecha, etc.). - [x] Los usuarios deben poder visualizar un conjunto de modelos basados en la consulta. - [x] El sistema debe permitir la opción de descargar todos los modelos encontrados en la consulta en un solo archivo comprimido (por ejemplo, un archivo ZIP). - [x] La consulta debe ser rápida y eficiente, incluso con grandes cantidades de modelos.",closed,"enhancement, priority: medium, difficulty: hard, developer",Other,https://github.com/Mantecado-hub/mantecado-hub-2/issues/3,,Other,"The bug report describes a feature implementation request rather than an existing issue or problem. It outlines the requirements and acceptance criteria for implementing a search functionality, but does not mention any configuration artifacts, incorrect configurations, or system setup issues."
Mantecado-hub,mantecado-hub-2,WI 9 - Create communities,Implementar una funcionalidad que permita a los usuarios crear y unirse a comunidades. **Criterios de aceptación:** - [x] El sistema debe proporcionar a los usuarios la posibilidad de crear y unirse a comunidades.,closed,"enhancement, difficulty: hard, priority: high, developer",Other,https://github.com/Mantecado-hub/mantecado-hub-2/issues/2,,Other,"The bug report appears to be related to implementing a new feature (creating and joining communities) rather than addressing an existing configuration issue. It does not mention any configuration artifacts, incorrect or missing configurations, system setup, deployment, or runtime settings."
Mantecado-hub,mantecado-hub-2,WI - Fakenodo,Se debe implementar un fakenodo que simule la respuesta de un sistema para realizar pruebas sin necesidad de acceder a los servicios reales. **Criterios de aceptación:** - [x] Crear un módulo que simule las respuestas de la API. - [x]  El fakenodo debe devolver respuestas en formato JSON. - [x] Debe permitir configurar respuestas predeterminadas para diferentes endpoints.,closed,"enhancement, difficulty: hard, priority: high, developer",Other,https://github.com/Mantecado-hub/mantecado-hub-2/issues/1,,Other,"The bug report is about implementing a fakenodo for testing purposes, which involves writing code to simulate API responses. It does not mention any configuration issues or misconfigured settings."
TostaHub,tostahub-uvlhub,Change name of the field Minimun UVL for Explore module,Description Change name of the field Minimun UVL for Explore module Steps to reproduce See the field in the next URL: http://192.168.134.163:5000/explore Expected behavior Name of the field: Filter by number of uvl models: Screenshots _No response_ Server platform Linux,open,bug,Configuration,https://github.com/TostaHub/tostahub-uvlhub/issues/144,,Other,"The bug report appears to be related to a UI change request, specifically renaming a field in the Explore module. It does not mention configuration artifacts or settings, but rather a code-related issue."
TostaHub,tostahub-uvlhub,seleniumTesting Edit Metadata,Description Add testing for EditMetadata functionality. Modules _No response_,closed,test,Other,https://github.com/TostaHub/tostahub-uvlhub/issues/128,,Other,"The bug report does not mention configuration artifacts, incorrect or missing configurations, system setup, deployment, or runtime settings. It appears to be related to a test case for the EditMetadata functionality."
TostaHub,tostahub-uvlhub,Add Locust Testing for Edit Metadata,Description Adding Locust file. Modules _No response_,closed,test,Other,https://github.com/TostaHub/tostahub-uvlhub/issues/126,,Other,The bug report appears to be related to adding a new feature (Locust testing for Edit Metadata) and does not mention configuration artifacts or settings. It seems more like a development task rather than a configuration issue.
TostaHub,tostahub-uvlhub,unitTesting for EdtiMetadata,Description Add unit testing for Edit Metadata Modules _No response_,closed,test,Other,https://github.com/TostaHub/tostahub-uvlhub/issues/125,,Other,"The bug report is about adding unit testing for a module, which does not seem to be related to configuration settings. It appears to be a request for implementing additional testing functionality."
TostaHub,tostahub-uvlhub,Locust test for advanced search querys,Description A couple of locust test for the functionality advanced search querys Modules _No response_,closed,test,Other,https://github.com/TostaHub/tostahub-uvlhub/issues/121,,Other,"The bug report does not mention configuration artifacts, incorrect or missing configurations, system setup, deployment, or runtime settings. It appears to be related to a test for advanced search queries and has no indication of being a configuration issue."
TostaHub,tostahub-uvlhub,Selenium test for advanced search querys,Description A couple of selenium test for the functionality: advanced search querys Modules Explore,closed,test,Other,https://github.com/TostaHub/tostahub-uvlhub/issues/108,,Other,"The bug report does not mention configuration artifacts, incorrect or missing configurations, system setup, deployment, or runtime settings. It appears to be related to a Selenium test for advanced search queries, which is more likely a code defect or a testing issue rather than a configuration problem."
TostaHub,tostahub-uvlhub,fixFakeNodo,Sin descripción,closed,bug,Other,https://github.com/TostaHub/tostahub-uvlhub/issues/106,,Other,"Insufficient information is provided to determine if the issue is a configuration bug report. The description field is empty, and no specific details about the issue are given."
TostaHub,tostahub-uvlhub,Pytest for advanced search querys,Description A couple of unit test for cover all the functionality: advanced search querys Modules Explore,closed,test,Other,https://github.com/TostaHub/tostahub-uvlhub/issues/105,,Other,"The bug report appears to be related to a unit testing issue, specifically for advanced search queries. It does not mention configuration artifacts or settings, so it is unlikely to be a configuration bug report."
TostaHub,tostahub-uvlhub,Add title editable,Description Added the ability to edit the title of the dataset. Modules _No response_,closed,enhancement,Other,https://github.com/TostaHub/tostahub-uvlhub/issues/103,,Other,"The bug report is about adding a feature to edit the title of a dataset, which suggests it's related to code functionality rather than configuration settings."
TostaHub,tostahub-uvlhub,Add Locust and Selenium tests,Description Add Selenium and Locust tests for the feature of view Datasets uploaded by users Modules Dataset,closed,enhancement,Other,https://github.com/TostaHub/tostahub-uvlhub/issues/102,,Other,"The bug report does not mention configuration artifacts, incorrect or missing configurations, system setup, deployment, or runtime settings. It appears to be related to adding new tests for a feature."
TostaHub,tostahub-uvlhub,In the deployed web apps you can't create a dataset,Description In the deployed web apps you can't create a dataset. It may fail because the migration is not working Steps to reproduce - Try to create a dataset in the dev or production server Expected behavior A dataset should be created Screenshots _No response_ Server platform Linux,closed,bug,Other,https://github.com/TostaHub/tostahub-uvlhub/issues/91,,Configuration,"The issue mentions a migration failure, which could be related to configuration settings or database setup. Although it's not explicitly stated as a config issue, the mention of 'migration' suggests that there might be a problem with how the system is configured."
TostaHub,tostahub-uvlhub,seleniumTestRateDataSet,Sin descripción,closed,test,Other,https://github.com/TostaHub/tostahub-uvlhub/issues/88,,Other,"The provided information does not contain enough details to determine if the bug report is a configuration issue. It only includes basic metadata such as title, description, status, and tags."
TostaHub,tostahub-uvlhub,LocustTestRateDataSet,Sin descripción,closed,test,Other,https://github.com/TostaHub/tostahub-uvlhub/issues/87,,Other,"The provided information does not contain enough details to determine if the bug report is a configuration issue. It only includes basic metadata such as title, description, status, and tags."
TostaHub,tostahub-uvlhub,Fix FakeNodo,Sin descripción,closed,bug,Other,https://github.com/TostaHub/tostahub-uvlhub/issues/82,,Other,"The provided information does not contain enough details to determine whether the issue is a configuration bug report. The description field is empty, and there are no specific mentions of configuration artifacts or settings."
TostaHub,tostahub-uvlhub,GUI test for explore,Description Explore module lacks a GUI test. Add a selenium test. Modules Explore,closed,test,Other,https://github.com/TostaHub/tostahub-uvlhub/issues/75,,Other,"The bug report is about adding a missing GUI test for the Explore module, which does not relate to configuration settings or system setup. It primarily involves code defects and testing."
TostaHub,tostahub-uvlhub,Locust test for explore module,Description Explore module currently lacks a load test. Modules Explore,closed,test,Other,https://github.com/TostaHub/tostahub-uvlhub/issues/73,,Other,"The bug report is about the lack of a load test for an explore module, which suggests it's related to testing or functionality rather than configuration."
TostaHub,tostahub-uvlhub,Add auth restrictions to edit datasets.,Description You should be only allow to edit the datasets you create. Modules _No response_,closed,enhancement,Other,https://github.com/TostaHub/tostahub-uvlhub/issues/69,,Other,"The bug report appears to be related to a feature enhancement or implementation issue, rather than a configuration problem. It mentions modules and does not reference any configuration artifacts."
TostaHub,tostahub-uvlhub,Advance filter doesn't work as expected,Description Advance filter doesn't work as expected Steps to reproduce Try to filter by 'Filter number of configurations:' putting both values and it won't filter. Expected behavior It should filter out the values that don't fulfill the filter. Screenshots _No response_ Server platform Linux,closed,bug,Other,https://github.com/TostaHub/tostahub-uvlhub/issues/67,,Other,"The bug report does not mention configuration artifacts or incorrect configurations. It seems to be related to a code defect in the advance filter functionality, rather than an issue with system setup or configuration."
TostaHub,tostahub-uvlhub,Add test for the download button of different formats,Description Add units test for the download button of different formats Modules Flamapy and Hubfile,closed,test,Other,https://github.com/TostaHub/tostahub-uvlhub/issues/66,,Other,"The bug report primarily involves adding a unit test for the download button of different formats, which is related to code development rather than configuration settings."
TostaHub,tostahub-uvlhub,Add test of flamapy,Description Add unit test of flamapy Modules Flamapy,closed,test,Other,https://github.com/TostaHub/tostahub-uvlhub/issues/65,,Other,"The bug report is about adding a unit test for the flamapy module, which does not seem to be related to configuration settings. It appears to be a code-related issue rather than a configuration problem."
TostaHub,tostahub-uvlhub,Add test of Hubfile,Description Add unit tests of Hubfile Modules Hubfile,closed,test,Other,https://github.com/TostaHub/tostahub-uvlhub/issues/64,,Other,"The bug report is about adding a test for the Hubfile, which does not seem to be related to configuration settings. It appears to be a request for new functionality or code improvement."
TostaHub,tostahub-uvlhub,Button to download all format types at once,"Description I add a button to download all format types at once from a file in a zip file Modules Dataset, Flamapy, Hubfile",closed,enhancement,Other,https://github.com/TostaHub/tostahub-uvlhub/issues/63,,Other,The bug report does not mention configuration artifacts or describe incorrect or missing configurations. It appears to be related to a feature enhancement in the codebase.
TostaHub,tostahub-uvlhub,Not deploy the project,Description does not display the project but has an uploaded migrations file Steps to reproduce if you try to deploy the protecto in render on a branch without having a migrations file it does not deploy. Expected behavior If you upload the migrations file it is deployed correctly. Screenshots _No response_ Server platform Linux,closed,bug,Other,https://github.com/TostaHub/tostahub-uvlhub/issues/62,,Configuration,"The issue seems to be related to the deployment process, specifically with the requirement of having a migrations file. This suggests that there might be a configuration issue with how the project is set up for deployment on Render."
TostaHub,tostahub-uvlhub,Add Politica de Issues,Description Adding Politica de Issues Modules _No response_,closed,documentation,Other,https://github.com/TostaHub/tostahub-uvlhub/issues/61,,Other,"The bug report does not mention configuration artifacts, incorrect or missing configurations, system setup, deployment, or runtime settings. It seems to be related to documentation and module addition."
TostaHub,tostahub-uvlhub,Add politica de ramas,Sin descripción,closed,documentation,Other,https://github.com/TostaHub/tostahub-uvlhub/issues/59,,Other,"The bug report does not mention configuration artifacts, incorrect or missing configurations, system setup, deployment, or runtime settings. It is tagged as 'documentation', which suggests it might be related to documentation issues rather than a configuration problem."
TostaHub,tostahub-uvlhub,Add Diario de Equipo,Sin descripción,closed,documentation,Other,https://github.com/TostaHub/tostahub-uvlhub/issues/58,,Other,"The bug report does not mention configuration artifacts, incorrect or missing configurations, system setup, deployment, runtime settings, or unintended interactions between configuration settings. It is tagged as 'documentation', which suggests it might be related to documentation issues rather than a configuration problem."
TostaHub,tostahub-uvlhub,Add docs,Sin descripción,closed,documentation,Other,https://github.com/TostaHub/tostahub-uvlhub/issues/56,,Other,"The provided information does not mention configuration artifacts, incorrect or missing configurations, system setup, deployment, runtime settings, or unintended interactions between configuration settings. The issue seems to be related to documentation."
TostaHub,tostahub-uvlhub,UnitTestRateDataSet,Sin descripción,closed,test,Other,https://github.com/TostaHub/tostahub-uvlhub/issues/55,,Other,"The provided information does not mention configuration artifacts, incorrect or missing configurations, system setup, deployment, runtime settings, or unintended interactions between configuration settings. The title 'UnitTestRateDataSet' suggests a unit test issue rather than a configuration problem."
TostaHub,tostahub-uvlhub,Add filter for rating,Sin descripción,closed,enhancement,Other,https://github.com/TostaHub/tostahub-uvlhub/issues/51,,Other,"The provided information does not mention configuration artifacts, incorrect or missing configurations, system setup, deployment, runtime settings, or unintended interactions between configuration settings. The bug report is tagged as an 'enhancement', which suggests it's related to adding a new feature rather than fixing a configuration issue."
TostaHub,tostahub-uvlhub,Add tests for advance filters,Description Add units test for the the advance filters as well as for the function created in flamapy for the filters. Modules Flamapy and Explore,closed,test,Other,https://github.com/TostaHub/tostahub-uvlhub/issues/50,,Other,"The bug report primarily involves adding unit tests for advance filters, which is a code-related task rather than a configuration issue."
TostaHub,tostahub-uvlhub,Improve github workflows,Description As a developer I'd like to add back the lint workflow to keep the quality of the code and I'd like a deployment monitor to avoid merging pull requests whose deployment failed. Modules _No response_,closed,enhancement,Other,https://github.com/TostaHub/tostahub-uvlhub/issues/44,,Other,"The bug report is about adding a new workflow and deployment monitor, which involves modifying the code or configuration to improve quality and avoid failed deployments. However, it does not explicitly mention any existing configuration issues or incorrect settings."
TostaHub,tostahub-uvlhub,Develop server doesn't deploy,"Description Develop server doesn't deploy. It throws an error: ""Table ds_rating already exists"" Steps to reproduce Deploy server on develop Expected behavior Should deploy without fails Screenshots _No response_ Server platform Linux",closed,bug,Other,https://github.com/TostaHub/tostahub-uvlhub/issues/43,,Configuration,"The issue mentions a database table 'ds_rating already exists', which suggests that the problem is related to how the system is configured, possibly due to an existing database setup or incorrect deployment settings."
TostaHub,tostahub-uvlhub,The deploy workflow doesn't work as expected,Description The deploy to develop is not working. Steps to reproduce - Accept and merge PR of develop. - Deploy starts. Expected behavior Deploy must start. Screenshots _No response_ Server platform Linux,closed,bug,Other,https://github.com/TostaHub/tostahub-uvlhub/issues/32,,Other,"The description does not mention configuration artifacts, incorrect or missing configurations, system setup, deployment, runtime settings, or unintended interactions between configuration settings. It seems to be a general issue with the deploy workflow rather than a specific configuration problem."
TostaHub,tostahub-uvlhub,Application crashes on develop,Description Starting the application on develop crashes the application. Steps to reproduce - Checkout develop branch. - Reset the database. - Try to migrate the database and it fails. - Seeding the database fails. - Running the application fails. Expected behavior You should be able to execute those steps and run the application correctly Screenshots _No response_ Server platform Linux,closed,bug,Other,https://github.com/TostaHub/tostahub-uvlhub/issues/30,,Configuration,"The bug report mentions a specific environment (develop branch) and database settings, which suggests that the issue is related to configuration rather than code defects."
TostaHub,tostahub-uvlhub,Deploy to develop site on develop changes,Description Modify render github workflow to deploy on develop changes as well to a develop site. Modules _No response_,closed,enhancement,Other,https://github.com/TostaHub/tostahub-uvlhub/issues/23,,Other,"The bug report appears to be related to modifying a GitHub workflow, which is more about code changes rather than configuration settings."
TostaHub,tostahub-uvlhub,New docs,Description Adding new docs to M2,closed,documentation,Other,https://github.com/TostaHub/tostahub-uvlhub/issues/21,,Other,"The bug report does not mention configuration artifacts, incorrect or missing configurations, system setup, deployment, or runtime settings. It is related to documentation."
TostaHub,tostahub-uvlhub,test2,"Description asdd Modules Auth, Public, Teams, Webhook, Profile",closed,enhancement,Other,https://github.com/TostaHub/tostahub-uvlhub/issues/20,,Other,"The bug report does not mention configuration artifacts or describe incorrect or missing configurations. It is tagged as an 'enhancement', which suggests it's related to adding new functionality rather than fixing a configuration issue."
TostaHub,tostahub-uvlhub,test feature request,Description test Modules Hubfile,closed,enhancement,Other,https://github.com/TostaHub/tostahub-uvlhub/issues/19,,Other,"The provided information does not mention configuration artifacts, incorrect or missing configurations, system setup, deployment, runtime settings, or unintended interactions between configuration settings. The bug report is tagged as an 'enhancement', which suggests it's related to adding new functionality rather than fixing a configuration issue."
TostaHub,tostahub-uvlhub,test,Description test Steps to reproduce test Expected behavior test Screenshots _No response_ Server platform Linux,closed,bug,Other,https://github.com/TostaHub/tostahub-uvlhub/issues/18,,Other,"The provided information does not mention configuration artifacts, incorrect or missing configurations, system setup, deployment, runtime settings, or unintended interactions between configuration settings. It appears to be a generic bug report with minimal details."
TostaHub,tostahub-uvlhub,Fix issue templates error,Description The yml files are formatted wrongly. Steps to reproduce - Try to create a new issue. - No issue templates found. Expected behavior 2 issue templates expected to appear Screenshots _No response_ Server platform Linux,closed,bug,Other,https://github.com/TostaHub/tostahub-uvlhub/issues/16,,Configuration,"The bug report mentions 'yml files' which are configuration artifacts, and the issue is related to their formatting, indicating a potential configuration problem."
TostaHub,tostahub-uvlhub,Add issue templates,Description Add issue templates. Modules _No response_,closed,enhancement,Other,https://github.com/TostaHub/tostahub-uvlhub/issues/14,,Other,"The bug report is about adding issue templates, which seems to be a feature request rather than an issue caused by misconfigured settings."
TostaHub,tostahub-uvlhub,Add workflows for automatic tests and continuous integration,Description Add workflows for automatic tests and continuous integration. Modules _No response_,closed,enhancement,Other,https://github.com/TostaHub/tostahub-uvlhub/issues/12,,Other,The bug report is about adding new features (workflows for automatic tests and continuous integration) rather than addressing a configuration issue.
TostaHub,tostahub-uvlhub,View user profile,"Description As a user, I want to be able to click on a user's profile to view their uploaded datasets. Models Public, Profile",closed,enhancement,Other,https://github.com/TostaHub/tostahub-uvlhub/issues/11,,Other,"The bug report does not mention configuration artifacts or describe incorrect or missing configurations. It appears to be related to a feature request or enhancement in the application's functionality, rather than a configuration issue."
TostaHub,tostahub-uvlhub,Edit metadata,Sin descripción,closed,enhancement,Other,https://github.com/TostaHub/tostahub-uvlhub/issues/10,,Other,"The provided information does not contain any details about configuration artifacts, incorrect or missing configurations, system setup, deployment, runtime settings, or unintended interactions between configuration settings. The tags 'enhancement' also suggest that this issue is related to adding new functionality rather than fixing a bug."
TostaHub,tostahub-uvlhub,Download in different formats,"Description As a user, I want to be able to download the models or datasets in different formats (e.g., dimacs), for use in my own projects. Modules Dataset, Hubfile, Feature Models",closed,Sin etiquetas,Other,https://github.com/TostaHub/tostahub-uvlhub/issues/9,,Other,"The bug report does not mention configuration artifacts or describe incorrect or missing configurations. It appears to be a feature request related to the functionality of the system, rather than an issue with its configuration."
TostaHub,tostahub-uvlhub,Rate datasets,Sin descripción,closed,enhancement,Other,https://github.com/TostaHub/tostahub-uvlhub/issues/8,,Other,"The provided information does not contain enough details to determine if the bug report is a configuration issue. The title mentions 'Rate datasets' which could be related to data processing or performance, but without further description, it's unclear what the actual problem is."
TostaHub,tostahub-uvlhub,Fakenodo,Description A a member of the team I want to create a fakenodo to not use zenodo Modules new module,closed,enhancement,Other,https://github.com/TostaHub/tostahub-uvlhub/issues/7,,Other,"The bug report is classified as 'Other' because it does not mention configuration artifacts, incorrect or missing configurations, system setup, deployment, runtime settings, or unintended interactions between configuration settings. The issue seems to be related to a feature request (enhancement) rather than a configuration problem."
TostaHub,tostahub-uvlhub,Advanced search querys,Sin descripción,closed,enhancement,Other,https://github.com/TostaHub/tostahub-uvlhub/issues/6,,Other,"The provided information does not mention configuration artifacts, incorrect or missing configurations, system setup, deployment, runtime settings, or unintended interactions between configuration settings. The bug report is tagged as an 'enhancement', which suggests it's related to adding new features rather than fixing a configuration issue."
TostaHub,tostahub-uvlhub,Advance filtering,"Description As a user I want to filter by number of features, date, etc. to obtain datasets according to my needs. Modules Dataset, Explore",closed,enhancement,Other,https://github.com/TostaHub/tostahub-uvlhub/issues/5,,Other,"The bug report does not mention configuration artifacts or describe incorrect or missing configurations. It appears to be related to a feature request or enhancement in the system, rather than a configuration issue."
TostaHub,tostahub-uvlhub,Add documents M01 and founding act,Description Add documents related to M01. Modules _No response_,closed,documentation,Other,https://github.com/TostaHub/tostahub-uvlhub/issues/3,,Other,"The bug report does not mention configuration artifacts, incorrect or missing configurations, system setup, deployment, or runtime settings. It appears to be related to documentation and module functionality."
TostaHub,tostahub-uvlhub,Fix selenium error,Description Selenium test doesn't work because it throws an error. Steps to reproduce - Execute rosemary selenium command. - Found OSError. Expected behavior Expected to execute the test without any problems. Screenshots _No response_ Server platform Linux,closed,bug,Configuration,https://github.com/TostaHub/tostahub-uvlhub/issues/1,Interesante,Other,"The bug report does not mention configuration artifacts or settings, but rather a runtime error (OSError) during the execution of a selenium command. This suggests that the issue is related to code defects or incorrect usage of the rosemary selenium command, rather than a misconfiguration."
EGC-G2-tortilla,tortilla-hub,Incidencia: Arreglar interfaz del sign-up,El error puede deberse a que no esté bien implementado el componente,open,Sin etiquetas,Other,https://github.com/EGC-G2-tortilla/tortilla-hub/issues/266,,Other,The bug report does not mention configuration artifacts or describe incorrect or missing configurations. It primarily involves a potential code defect in the implementation of the sign-up component.
EGC-G2-tortilla,tortilla-hub,Modificar la estructura visual para la pantalla de registro,"Descripción Actualmente, la página de registro no sigue la misma estructura visual que la de la pantalla de inicio de sesión. Se requiere que ambas pantallas tengan un diseño similar para mantener la coherencia visual del sitio web. Criterios de Aceptación (si aplica) 1. Cambiar el estilo de la página de inicio de sesión para que esté acorde con la de registro",open,bug,Other,https://github.com/EGC-G2-tortilla/tortilla-hub/issues/264,,Other,"The bug report describes a design or layout issue, not a configuration problem. It mentions changing the style of pages to maintain visual coherence, which is related to user interface and user experience rather than system configuration."
EGC-G2-tortilla,tortilla-hub,Nueva tarjeta de Bienvenida,"Descripción Se deberá modificar la tarjeta de bienvenida que aparece en la página de inicio del proyecto (Home) para que, además de la información que ya tiene, se incluya al principio este mensaje: "" ¡Felices fiestas! 🎉 Desde el equipo de tortilla-hub queremos desearles unas fiestas llenas de alegría, comida rica y momentos inolvidables con sus familias y amigos. Que el espíritu navideño les traiga no solo turrones y polvorones, sino también mucha suerte y energía para el próximo año. Y, por supuesto, esperamos que los Reyes Magos (o Papá Noel, no discriminamos a nadie 😉) vengan cargados de buenas notas, porque al carbón ya le tenemos suficiente respeto en la barbacoa. ¡A disfrutar y a recargar pilas para lo que viene! 🎄✨ Criterios de Aceptación (si aplica) El texto deberá mostrarse en la tarjeta de bienvenida de la página de inicio se haya iniciado sesión o no. El texto debe ser tal y como el que se describe en la tarea. La tarjeta deberá tener un nuevo color de estética más ""navideña"".",open,WI,Other,https://github.com/EGC-G2-tortilla/tortilla-hub/issues/261,,Other,"The bug report describes a request to modify the UI of the welcome card on the home page, adding a festive message and changing its color scheme. This is not related to configuration settings or system behavior, but rather a design/UI change."
EGC-G2-tortilla,tortilla-hub,Incidencia: Arreglos de los tests de Selenium de Staging Area,"Descripción Se han de modificar los tests de selenium para facilitar que funcionen en todos los miembros del grupo. En este caso, los tests de interfaz únicamente funcionan en la máquina de @danvelcam. Se trabajará junto a @DelfinSR para poder tener una referencia de los arreglos realizados Criterios de Aceptación (si aplica) Que los tests funcionen en las máquinas de los compañeros",closed,WI,Other,https://github.com/EGC-G2-tortilla/tortilla-hub/issues/260,,Other,"The bug report appears to be related to modifying Selenium tests for a specific environment (Staging Area) and making them work across different machines, but it does not mention configuration artifacts or incorrect configurations. It seems more focused on code modifications rather than configuration settings."
EGC-G2-tortilla,tortilla-hub,yeeye,Sin descripción,closed,Sin etiquetas,Other,https://github.com/EGC-G2-tortilla/tortilla-hub/issues/259,,Other,Insufficient information is provided in the bug report to determine whether it qualifies as a configuration issue.
EGC-G2-tortilla,tortilla-hub,Incidencia: Arreglo de docker en local,"Descripción Debido al intento de implementación de docker en la raspberry, se modificaron los archivos de creación del contenedor, impidiendo a los demás usuarios poder desplegar docker en sus equipos. Criterios de Aceptación (si aplica) _No response_",closed,bug,Other,https://github.com/EGC-G2-tortilla/tortilla-hub/issues/258,,Configuration,"The bug report mentions modifying Docker configuration files, which suggests a configuration issue affecting the deployment and setup of Docker on local machines."
EGC-G2-tortilla,tortilla-hub,Incidencia: Error con el servidor codacy y 20 nuevos Issues,"En la PR diaria de mergeo a main se ha encontrado un error en el worflow del codacy, en principio es un fallo del servidor ![image](https://github.com/user-attachments/assets/3d058bb4-0bb9-4212-9289-46c48263c153) Además también han aparecido de repente 20 nuevas issues de codacy tras el commit de @antoniommff, es prioritario que se resuelvan estos conflictos antes del mergeo a main. ![image](https://github.com/user-attachments/assets/1b821514-f220-4227-9519-27140d62de59) _Originally posted by @rgavira123 in https://github.com/EGC-G2-tortilla/tortilla-hub/issues/251issuecomment-2544957892_ Se espera que el error con el servidor no tenga que ver con nosotros y la siguiente vez que se ejecute funcione correctamente",closed,bug,Configuration,https://github.com/EGC-G2-tortilla/tortilla-hub/issues/254,,Configuration,"The bug report mentions an error with the Codacy server, which suggests a configuration issue rather than a code defect. The description also implies that the problem may be related to how the system is set up or configured."
EGC-G2-tortilla,tortilla-hub,Incidencia: Mostrar enlace de invitacion del bot,Descripción No hay ninguna manera para que desde la aplicacion web podamos invitar al bot de discord. Se pide que exista una sección que lleve al propio enlace de invitación del bot Criterios de Aceptación (si aplica) - Se muestra en la homepage o navbar un boton que invita al bot de discord - El enlace es un enlace válido y el bot se invita correctamente,closed,bug,Other,https://github.com/EGC-G2-tortilla/tortilla-hub/issues/252,,Other,"The issue described in the bug report is related to a missing feature or functionality, rather than a configuration problem. The description mentions the need for a section that leads to the bot's invitation link, which suggests a code defect or a design flaw rather than a misconfigured setting."
EGC-G2-tortilla,tortilla-hub,Incidencia: Hipervínculos en la respuesta del bot de Discord,Descripción Arreglar la generación de hipervínculos en algunas respuestas de funciones del bot de Discord Criterios de Aceptación (si aplica) _No response_,closed,Sin etiquetas,Other,https://github.com/EGC-G2-tortilla/tortilla-hub/issues/248,,Other,"The bug report does not mention configuration artifacts or incorrect configurations, but rather a specific functionality issue with the bot's responses. It seems to be related to code defects rather than system setup or deployment settings."
EGC-G2-tortilla,tortilla-hub,Discord-bot: Testing de Selenium,Descripción Hacer tests de selenium para probar todos los comandos disponibles del bot UVLHub Assistant. Para ello se creará un canal en el servidor de prueba con el usuario de prueba y se ejecutarán todas las funciones. Una vez realizadas se eliminará el canal. Criterios de Aceptación (si aplica) - Acceder a la versión desplegada de desarrollo de tortilla para inicializar el bot - Acceder al login de Discord e iniciar sesión con los datos del `.env` - Ir al servidor y crear un canal llamado `testing` - Ejecutar todas las funciones del bot - Eliminar el canal de texto,closed,WI,Other,https://github.com/EGC-G2-tortilla/tortilla-hub/issues/246,,Other,"The bug report appears to be about testing a Selenium bot and its functionality, rather than an issue related to configuration settings. It mentions specific steps for testing the bot's commands, but does not mention any configuration artifacts or issues with system setup."
EGC-G2-tortilla,tortilla-hub,Incidencia: Tests de carga para la staging area,"Descripción Los tests de carga no logran determinar de manera correcta si la operación se realizó de manera correcta, por ello se plantea mejorar dichos aspectos, así como la extracción de dichos tests del fichero locustfile, para fomentar la separación de responsabilidades y la unicidad de los tests Criterios de Aceptación (si aplica) Que los tests de cargan logren realizar las operaciones de manera correcta",closed,"bug, WI",Other,https://github.com/EGC-G2-tortilla/tortilla-hub/issues/244,,Other,"The bug report mentions improving tests and separating responsibilities, but it does not explicitly mention configuration artifacts or incorrect configurations. It seems to be related to code organization and testing rather than a configuration issue."
EGC-G2-tortilla,tortilla-hub,Incidencia: hay dos tests de carga de community que dan error,"**Descripción:** Hay dos tests de carga de carga que dan error. Uno da error porque no se debería de probar esa url, y el otro da error porque la  url está mal escrita. **Pasos para reproducir:** - Ejecutar los tests de selenium **Comportamiento actual:** - Da error al ejecutar los tests de selenium de community **Comportamiento actual:** no aplica **Criterios de aceptación:** - Borrar uno de los tests porque no se quiere probar - Cambiar la url del que da error **Fecha Límite:** M3 - Finalización de Work Items y entrega final 18/12/2024",closed,bug,Other,https://github.com/EGC-G2-tortilla/tortilla-hub/issues/241,,Configuration,"The bug report mentions incorrect URL settings, which is a type of configuration issue. Although it involves Selenium tests and execution, the root cause seems to be related to the configuration (URL) rather than a code defect."
EGC-G2-tortilla,tortilla-hub,Multiple Login: Test de carga para la funcionalidad con GitHub,"Descripción Se debe probar la funcionalidad relacionada con el signup y el login con GitHub, se deberá comprobar que se hace la redirección correcta a las pantallas de GitHub y a las pantallas correctas una vez autenticado. Criterios de Aceptación (si aplica) - Los tests de carga se ejecutan sin errores - Los usuario se crean y se loguean correctamente",closed,WI,Other,https://github.com/EGC-G2-tortilla/tortilla-hub/issues/239,,Other,"The bug report appears to be related to a functional or user interface issue, rather than a configuration problem. It mentions testing the signup and login functionality with GitHub, but does not mention any specific configuration settings or issues."
EGC-G2-tortilla,tortilla-hub,Multiple Login: Test de carga para la funcionalidad con ORCID,"Descripción Descripción Se debe probar la funcionalidad relacionada con el signup y el login con ORCID, se deberá comprobar que se hace la redirección correcta a las pantallas de ORCID, las pantallas de proporcionar e-mail y a las pantallas correctas una vez autenticado Criterios de Aceptación (si aplica) - Los tests de carga se ejecutan sin errores. - Los usuario se crean y se loguean correctamente",closed,WI,Other,https://github.com/EGC-G2-tortilla/tortilla-hub/issues/238,,Other,"The bug report appears to be related to a functional or user interface issue, rather than a configuration problem. It describes testing and acceptance criteria for the ORCID login functionality, but does not mention any configuration artifacts or settings."
EGC-G2-tortilla,tortilla-hub,Multiple Login: Test de carga de la funcionalidad de Google,"Descripción Se debe probar la funcionalidad relacionada con el signup y el login con Google, se deberá comprobar que se hace la redirección correcta a las pantallas de Google. Al no poder probar el resto de la funcionalidad se llegará hasta donde se nos permita. El flujo de la creación del usuario estará presente en las pruebas unitarias. Criterios de Aceptación (si aplica) - Los tests de carga se ejecutan sin errores.",closed,WI,Other,https://github.com/EGC-G2-tortilla/tortilla-hub/issues/237,,Other,"The bug report appears to be related to testing the functionality of Google login and signup, but it does not mention any configuration issues or misconfigured settings. The description focuses on testing the flow of user creation and redirection to Google screens."
EGC-G2-tortilla,tortilla-hub,No se han cubierto todos los casos necesarios en el testing de rendimiento para la subida de archivos UVL,Descripción La mejora a realizar es únicamente probar los escenarios de subida de archivos inválidos para comprobar su comportamiento en cuanto al rendimiento con locust. Criterios de Aceptación (si aplica) Los tests implementados deben ejecutarse correctamente.,closed,WI,Other,https://github.com/EGC-G2-tortilla/tortilla-hub/issues/236,,Other,"The bug report describes a testing issue, specifically the lack of coverage for performance testing scenarios. It does not mention configuration artifacts or settings, but rather a problem with the testing process itself."
EGC-G2-tortilla,tortilla-hub,Incidencia: los tests de selenium de comunidad pueden dar error si se ejecutan en una máquina con una resolución diferente,"**Descripción:**  Los tests de selenium de comunidad pueden dar error si se ejecutan en una máquina con una resolución diferente. Esto sucede porque en el ordenador en el que se hicieron las pruebas de selenium de community, el menú desplegable nunca sale desplegado, entonces en el test de community se despliega. Se ha probado el test de selenium en una máquina con otra resolución y en esa máquina el menú si sale desplegado, por lo que el test lo que hace es cerrar el menú y no puede hacer click en los elementos del menú. **Pasos para reproducir:** - Ejecutar los tests de selenium de community en una pantalla con una resolución distinta con la que se hicieron **Comportamiento esperado:** - Que se puedan ejecutar los tests de selenium de community independientemente de la resolución de la pantalla **Comportamiento actual:** - Que se ejecuten bien o mal lo tests de selenium de community dependen de la resolución de la pantalla **Criterios de aceptación:** - Que en los test de selenium de community venga conteplado el caso descrito en la descripción **Fecha Límite:** M3 - Finalización de Work Items y entrega final 18/12/2024",closed,bug,Other,https://github.com/EGC-G2-tortilla/tortilla-hub/issues/234,,Other,"The issue described in the bug report is related to a test failure due to different screen resolutions, which suggests a problem with the test code or its assumptions about the environment rather than a configuration issue."
EGC-G2-tortilla,tortilla-hub,Incidencia: No se muestra la alerta al calificar un dataset,"Descripción Cuando un usuario califica un dataset, debe mostrarse una alerta que le informe de ello. Actualmente esta alerta no aparece debido a que el @keyframes del CSS asociado al comportamiento de la alerta está mal referenciado. Tampoco se muestra la alerta que indica al usuario que para calificar un dataset ha de iniciar sesión. No aparece ya que hay código JavaScript que impide que se ejecute el script pertinente (debería ejecutarse únicamente cuando el usuario inicie sesión). Criterios de Aceptación (si aplica) _No response_",closed,bug,Other,https://github.com/EGC-G2-tortilla/tortilla-hub/issues/232,,Other,"The issue described in the bug report involves a CSS reference error and JavaScript code execution, which are primarily related to coding defects rather than configuration issues."
EGC-G2-tortilla,tortilla-hub,Incidencia: en el formulario de subir un dataset hay un valor que no se entiende el valor que se debe de introducir,"Descripción En el formulario de subir un dataset hay un valor que no se entiende el valor que se debe de introducir. Este es el de publication doi de las opciones del archivo uvl, que debe de ser una url y no se entiende esto Criterios de Aceptación (si aplica) 1. Añadir (url) al html para que se entienda",closed,bug,Other,https://github.com/EGC-G2-tortilla/tortilla-hub/issues/230,,Other,"The issue seems to be related to a misunderstanding of the 'publication doi' field in the dataset upload form, but it's not explicitly mentioned as a configuration problem. The solution involves modifying the HTML code to make it clearer for users."
EGC-G2-tortilla,tortilla-hub,Subir desde Github: Test con Pytest,Sin descripción,closed,Sin etiquetas,Other,https://github.com/EGC-G2-tortilla/tortilla-hub/issues/229,,Other,"The provided information does not mention configuration artifacts, incorrect or missing configurations, system setup, deployment, or runtime settings. The title and description do not provide enough context to determine if it's a configuration bug report."
EGC-G2-tortilla,tortilla-hub,Workflow: Uso de la herramiento DependaBot de GitHub,Este workflow siver para obtener un grafo de todas las dependencias tanto directas como indirectas del repo además de un .md en el cuál se especifica cuales son las posibles dependencias que generan problemas en la seguridad del repositorio.,closed,Sin etiquetas,Configuration,https://github.com/EGC-G2-tortilla/tortilla-hub/issues/227,Interesante,Other,"The bug report appears to be related to a GitHub workflow and its functionality, rather than a configuration issue. It mentions the use of a tool (DependaBot) but does not explicitly mention any configuration artifacts or settings."
EGC-G2-tortilla,tortilla-hub,Incidencia: Autor de commit no contemplado en .mailmap: Daniel Fernández o 92794081+DaniFdezCab@users.noreply.github.com,"Un commit fue creado por un autor (o por un correo) que no está en el archivo .mailmap: - **Nombre**: Daniel Fernández - **Email**: 92794081+DaniFdezCab@users.noreply.github.com El archivo .mailmap sirve para trazar todos los nombres de usuario y de correo que utilizamos a solo un nombre de usuario y correo. Por este motivo, por favor actualiza el archivo .mailmap para introducir este autor.",closed,bug,Other,https://github.com/EGC-G2-tortilla/tortilla-hub/issues/225,,Other,"The issue seems to be related to a commit author not being recognized in the .mailmap file, but it's more about updating the .mailmap file rather than a configuration bug. It involves code and user management rather than system or environment settings."
EGC-G2-tortilla,tortilla-hub,FM-Fact-Label: Test Locust,Sin descripción,closed,WI,Other,https://github.com/EGC-G2-tortilla/tortilla-hub/issues/224,,Other,"The provided information does not contain enough details to determine if the bug report is a configuration issue. The description field is empty, and there are no specific mentions of configuration artifacts or settings."
EGC-G2-tortilla,tortilla-hub,FM-Fact-Label: Test Selenium,Sin descripción,closed,WI,Other,https://github.com/EGC-G2-tortilla/tortilla-hub/issues/223,,Other,"The provided information does not mention configuration artifacts, incorrect or missing configurations, system setup, deployment, runtime settings, or unintended interactions between configuration settings. The title and description do not provide enough context to determine if it's a configuration bug report."
EGC-G2-tortilla,tortilla-hub,FM-Fact-Label: Test Unitarios,Sin descripción,closed,WI,Other,https://github.com/EGC-G2-tortilla/tortilla-hub/issues/222,,Other,"The provided information does not contain enough details to determine if the bug report is a configuration issue. The description field is empty, and there are no mentions of configuration artifacts or settings."
EGC-G2-tortilla,tortilla-hub,Discord bot: Test Unitarios,"Descripción Se deben probar los 5 primeros 'slash commands' del bot de de discord. Estas pruebas deben cubrir el código del archivo `bot.py`, presente en el modulo `discord_bot`. Criterios de Aceptación (si aplica) - Las pruebas pasan todas de manera satisfactoria - Se cubren todos los métodos indicados en la descripción",closed,WI,Other,https://github.com/EGC-G2-tortilla/tortilla-hub/issues/218,,Other,"The bug report appears to be about testing and verifying the functionality of a Discord bot, specifically unit tests for its slash commands. It does not mention configuration artifacts or settings, but rather code defects and test coverage."
EGC-G2-tortilla,tortilla-hub,Discord bot: Test Unitarios,"Descripción Se deben probar los 5 últimos 'slash commands' del bot de de discord. Estas pruebas deben cubrir el código del archivo `bot.py`, presente en el modulo `discord_bot`. Criterios de Aceptación (si aplica) 1. Las pruebas pasan todas de manera satisfactoria 2. Se cubren todos los métodos indicados en la descripción",closed,WI,Other,https://github.com/EGC-G2-tortilla/tortilla-hub/issues/217,,Other,"The bug report is about testing unitarios (unit tests) for a Discord bot, which does not seem to be related to configuration issues. It appears to be a request for testing and validation of the bot's code."
EGC-G2-tortilla,tortilla-hub,WI: Mejora de la integración con Fakenodo,"Descripción Se plantea la modificación del estado actual de Fakenodo para mejorar la gestión de los datasets publicados, conllevando la actualización correspondiente a la Staging Area Criterios de Aceptación (si aplica) - Se debe habilitar la trazabilidad de aquellos datasets subidos a Fakenodo - Se debe utilizar dicha implementación para la mejora del WI en cuestión, solventando cualquier inconveniente que surja con el test de Selenium por cambios en la interfaz.",closed,"WI, fakenodo",Other,https://github.com/EGC-G2-tortilla/tortilla-hub/issues/214,,Other,"The bug report appears to be related to a work item (WI) and its integration with Fakenodo, but it does not mention configuration artifacts or settings. It seems to focus on the implementation and testing of the WI rather than a specific configuration issue."
EGC-G2-tortilla,tortilla-hub,Subir desde github : Test con Locust,Sin descripción,closed,Sin etiquetas,Other,https://github.com/EGC-G2-tortilla/tortilla-hub/issues/211,,Other,"The provided information does not mention configuration artifacts, incorrect or missing configurations, system setup, deployment, or runtime settings. The title mentions 'Locust', which is a load testing tool, but there's no indication of a configuration-related issue."
EGC-G2-tortilla,tortilla-hub,Subir desde zip: Test con Locust,Sin descripción,closed,Sin etiquetas,Other,https://github.com/EGC-G2-tortilla/tortilla-hub/issues/208,,Other,"The provided information does not mention configuration artifacts, incorrect or missing configurations, system setup, deployment, or runtime settings. The title mentions 'Locust', which is a load testing tool, but there's no indication of a configuration-related issue."
EGC-G2-tortilla,tortilla-hub,Descartar todos los datasets: Tests con Locust,Sin descripción,closed,Sin etiquetas,Other,https://github.com/EGC-G2-tortilla/tortilla-hub/issues/207,,Other,"The bug report does not mention configuration artifacts, incorrect or missing configurations, system setup, deployment, or runtime settings. It only mentions a test with Locust, which is likely related to the code itself rather than its configuration."
EGC-G2-tortilla,tortilla-hub,Incidencia: los datasets que se suben a una comunidad se suben unsynchronized y hay poca integración entre staging area y community,"Descripción Los datasets que se suben a una comunidad se suben unsynchronized. Sin embargo, se listan en la página de una comunidad, por lo que si intentas entrar al dataset desde un usuario que no fue quien lo subió, da error. Este error ha surgido porque se podría mejorar la integración entre staging area y community, ya que los datasets que se suben a community son tratados por staging area. Criterios de Aceptación (si aplica) 1. Que no aparezcan los datasets que no están subidos 2. Que no salga un error 3. Que en staging area aparezca información sobre la comunidad a la que pertenece el dataset 4. Que si un dataset esta en local en community que se indique",closed,bug,Other,https://github.com/EGC-G2-tortilla/tortilla-hub/issues/206,,Configuration,"The bug report mentions issues with dataset synchronization and integration between staging area and community, which suggests a problem with configuration settings rather than code defects."
EGC-G2-tortilla,tortilla-hub,Incidencia: el test de selenium de comunidad de subir un dataset da error,Descripción El test de selenium de subir un dataset a una comunidad da error. Se debe de investigar por qué sucede este error y solucionarlo. Criterios de Aceptación (si aplica) 1. Que el test de selenium dicho anteriormente se ejecute correctamente Pasos para reproducirlo 1. Ejecutar el test de selenium de community de subir un dataset a una comunidad,closed,bug,Other,https://github.com/EGC-G2-tortilla/tortilla-hub/issues/205,,Other,"The bug report mentions an error in a Selenium test, which suggests a code defect rather than a configuration issue. The description does not mention any specific configuration settings or parameters that could be causing the problem."
EGC-G2-tortilla,tortilla-hub,Workflows: Añadir playbook a Vagrant,Descripción Se intentará implementar un playbook en Vagrant que ejecute los tests unitarios y los tests de carga en la maquina virtual Criterios de Aceptación (si aplica) _No response_,closed,workflow,Other,https://github.com/EGC-G2-tortilla/tortilla-hub/issues/200,,Other,"The bug report appears to be related to implementing a workflow in Vagrant, which involves scripting and automation. However, it does not mention configuration artifacts or settings that would indicate a configuration issue."
EGC-G2-tortilla,tortilla-hub,Incidencia: Autor de commit no contemplado en .mailmap: Antonio Macías o antmacfer1@alum.us.es,"Un commit fue creado por un autor (o por un correo) que no está en el archivo .mailmap: - **Nombre**: Antonio Macías - **Email**: antmacfer1@alum.us.es El archivo .mailmap sirve para trazar todos los nombres de usuario y de correo que utilizamos a solo un nombre de usuario y correo. Por este motivo, por favor actualiza el archivo .mailmap para introducir este autor.",closed,bug,Other,https://github.com/EGC-G2-tortilla/tortilla-hub/issues/199,,Other,"The issue described is related to a commit author not being recognized in the .mailmap file, which suggests a problem with Git configuration or user management. However, it does not directly relate to system setup, deployment, or runtime settings, but rather to source code and version control."
EGC-G2-tortilla,tortilla-hub,Incidencia: Autor de commit no contemplado en .mailmap: Antonio Macías o antmacfer1@alum.us.es,"Un commit fue creado por un autor (o por un correo) que no está en el archivo .mailmap: - **Nombre**: Antonio Macías - **Email**: antmacfer1@alum.us.es El archivo .mailmap sirve para trazar todos los nombres de usuario y de correo que utilizamos a solo un nombre de usuario y correo. Por este motivo, por favor actualiza el archivo .mailmap para introducir este autor.",closed,bug,Other,https://github.com/EGC-G2-tortilla/tortilla-hub/issues/198,,Other,"The issue described is related to a commit author not being recognized in the .mailmap file, which suggests a problem with Git configuration or user management. However, it does not directly relate to system setup, deployment, or runtime settings, but rather to source code and version control."
EGC-G2-tortilla,tortilla-hub,Incidencia: Autor de commit no contemplado en .mailmap: Antonio Macías o antmacfer1@alum.us.es,"Un commit fue creado por un autor (o por un correo) que no está en el archivo .mailmap: - **Nombre**: Antonio Macías - **Email**: antmacfer1@alum.us.es El archivo .mailmap sirve para trazar todos los nombres de usuario y de correo que utilizamos a solo un nombre de usuario y correo. Por este motivo, por favor actualiza el archivo .mailmap para introducir este autor.",closed,bug,Other,https://github.com/EGC-G2-tortilla/tortilla-hub/issues/197,,Other,"The issue is related to a commit author not being recognized in the .mailmap file, which suggests a problem with Git configuration or user management. However, it does not directly involve system setup, deployment, or runtime settings, but rather a specific use case for Git."
EGC-G2-tortilla,tortilla-hub,Incidencia: Autor de commit no contemplado en .mailmap: manbarjim2 o 80253313+manbarjim2@users.noreply.github.com,"Un commit fue creado por un autor (o por un correo) que no está en el archivo .mailmap: - **Nombre**: manbarjim2 - **Email**: 80253313+manbarjim2@users.noreply.github.com El archivo .mailmap sirve para trazar todos los nombres de usuario y de correo que utilizamos a solo un nombre de usuario y correo. Por este motivo, por favor actualiza el archivo .mailmap para introducir este autor.",closed,bug,Other,https://github.com/EGC-G2-tortilla/tortilla-hub/issues/193,,Other,"The issue described is related to a commit author not being recognized in the .mailmap file, which suggests a problem with Git configuration or user management. However, it does not directly relate to system setup, deployment, or runtime settings, and appears to be more of a code defect or user management issue."
EGC-G2-tortilla,tortilla-hub,Incidencia: Eliminar el boton negro de upload from github,"Descripción: No se borró en su momento el botón de upload from github que se encontraba a la derecha de los datasets junto al botón de upload from zip Criterios de Aceptación: Eliminar el botón para que solo se encuentre el válido, es decir, el input de la url de github Fecha Límite: M3 - Finalización de Work items y entrega final 18/12/2024",closed,Sin etiquetas,Other,https://github.com/EGC-G2-tortilla/tortilla-hub/issues/191,,Other,"The bug report appears to be related to a UI issue (removing an unnecessary button) rather than a configuration problem. It does not mention any configuration artifacts, settings, or interactions that would indicate it's a configuration-related issue."
EGC-G2-tortilla,tortilla-hub,Incidencia: Autor de commit no contemplado en .mailmap: Daniel Fernandez Caballero o danfercab@alum.us.es,"Un commit fue creado por un autor (o por un correo) que no está en el archivo .mailmap: - **Nombre**: Daniel Fernandez Caballero - **Email**: danfercab@alum.us.es El archivo .mailmap sirve para trazar todos los nombres de usuario y de correo que utilizamos a solo un nombre de usuario y correo. Por este motivo, por favor actualiza el archivo .mailmap para introducir este autor.",closed,bug,Other,https://github.com/EGC-G2-tortilla/tortilla-hub/issues/188,,Other,"The issue described is related to a commit author not being recognized in the .mailmap file, which suggests a problem with Git configuration or user management. However, it does not directly relate to system setup, deployment, or runtime settings, but rather to source code and version control."
EGC-G2-tortilla,tortilla-hub,Incidencia: Fallo de enrutamiento del despliegue del bot,Descripción Se ha detectado que el script de arraque del bot está en un entrypoint equivocado. Criterios de Aceptación (si aplica) - Cambiar el script de inicialización del bot al entry_point adecuado (development_render_entrypoint.sh).,closed,bug,Other,https://github.com/EGC-G2-tortilla/tortilla-hub/issues/187,,Other,"The issue seems to be related to a script or entry point, but it's not explicitly mentioned as a configuration problem. It appears to be more of a code defect or deployment issue."
EGC-G2-tortilla,tortilla-hub,Discord bot: Añadir un bot de discord capaz de realizar comandos sobre uvlhub,"Descripción Crear un bot de discord con la librería nexcord e integrarlo dentro de uvlhub para ejecutar comandos sobre los distintos datasets, autores, features, etc. También deberá incluir textos de bienvenida y textos explicativos para los comandos. Criterios de Aceptación (si aplica) - Crear el bot desde ""discord for developers"" y generar el enlace de invitación - Crear archivo bot.py y añadir el token de discord al archivo .env - Añadir evento de bienvenida - Crear los distintos comandos para ejecutar las funciones de la homepage - Añadir descripciones a los comandos - Añadir instrucción de inicialización del bot en el archivo developer_entrypoint.sh",closed,WI,Other,https://github.com/EGC-G2-tortilla/tortilla-hub/issues/186,,Other,"The bug report appears to be related to implementing a Discord bot using the nexcord library and integrating it with uvlhub, which involves coding and development tasks rather than configuration settings."
EGC-G2-tortilla,tortilla-hub,Community: añadir tests unitarios para aumentar coverage,**Descripción:** Se quiere aumentar el número tests unitaros del wi comunidad para así aumentar el coverage. **Criterios de Aceptación:** - Aumentar el coverage **Fecha límite:** M2.3 - Seguimiento de integración. 11/12/2024,closed,WI,Other,https://github.com/EGC-G2-tortilla/tortilla-hub/issues/181,,Other,"The bug report is about adding unit tests to increase code coverage, which is a development task rather than a configuration issue."
EGC-G2-tortilla,tortilla-hub,Workflows: Informes de accesibilidad,Descripción: Hacer un análisis de la accesibilidad de la página cada vez que se haga una PR o push a main. Usando Lighthouse Criterios de Aceptación: - Todas las páginas son accesibles en función de estar logueado o no - Los informes se pueden descargar satisfactoriamente - Solamente salta tras un push a main o una PR Fecha límite: M2.3 - Seguimiento de integración. 11/12/2024,closed,workflow,Other,https://github.com/EGC-G2-tortilla/tortilla-hub/issues/180,,Other,"The bug report appears to be related to a workflow or integration issue, but it does not mention configuration artifacts or settings. It seems to be more about implementing a specific feature (accessibility analysis) rather than a misconfiguration."
EGC-G2-tortilla,tortilla-hub,Implementación de Prometheus y Grafana en Vagrant,"Descripción Se plantea la implementación de nuevas herramientas de monitorización, para poder profundizar más en el uso de Vagrant Criterios de Aceptación (si aplica) _No response_",closed,Sin etiquetas,Other,https://github.com/EGC-G2-tortilla/tortilla-hub/issues/178,,Configuration,"The bug report mentions the implementation of new monitoring tools (Prometheus and Grafana) in Vagrant, which suggests a configuration issue related to system setup or deployment settings."
EGC-G2-tortilla,tortilla-hub,Incidencia: workflow que detecta commits con nombres de autor no registrados da falsos positivos,"**Descripcion** Tras subirse el workflow descrito en la Issue 172 se ha podido comprobar que da falsos positivos. Además, parece que sería más beneficioso si saltase con los pushes que se hacen a develop. **Criterios de Aceptación:** - Cuando se haga un push a develop se debe de ejecutar el workflow y debe de crear una issuse si autor  que hace push o su correo no está registrado en el archivo .mailmap **Fecha Límite:** M2.3 - Seguimiento despliegue e integración 11/12/2024",closed,"bug, workflow",Configuration,https://github.com/EGC-G2-tortilla/tortilla-hub/issues/176,,Other,"The issue seems to be related to the functionality of a workflow and its behavior with unregistered authors, rather than a configuration issue. It involves code defects or logic errors in the workflow's implementation."
EGC-G2-tortilla,tortilla-hub,Autor de commit no contemplado en .mailmap: Guadalupe Ridruejo Pineda o 114622587+guaridpin@users.noreply.github.com,"Un commit fue creado por un autor (o por un correo) que no está en el archivo .mailmap: - **Nombre**: Guadalupe Ridruejo Pineda - **Email**: 114622587+guaridpin@users.noreply.github.com El archivo .mailmap sirve para trazar todos los nombres de usuario y de correo que utilizamos a solo un nombre de usuario y correo. Por este motivo, por favor actualiza el archivo .mailmap para introducir este autor.",closed,bug,Other,https://github.com/EGC-G2-tortilla/tortilla-hub/issues/175,,Other,"The issue seems to be related to a GitHub-specific feature (.mailmap) and involves updating the file with an author's information, rather than a configuration bug report."
EGC-G2-tortilla,tortilla-hub,Workflow: Crear una issue si se detecta un autor o email de commit que no está en el .mailmap,"**Descripción:** En el archivo .mailmap deben de estar todos los nombres y emails de autor que utilizamos durante el proyecto para que así se pueda trazar cada miembro del proyecto con los commits que se hacen. Entonces, se ha creado el archivo .mailmap en el proyecto y se han registrado todos los nombres de autor y correos que se han ido utilizando a lo largo del proyecto. Sin embargo, **para automatizar este proceso de recogida de autores de commits, se debe crear un workflow que cree una issue si se detecta un autor o email en un commit pusheado a main que no está en el .mailmap.** **Criterios de Aceptación:** - Se debe de crear una issue descriptiva cuando se detecte la condición descrita en la descripción. **Fecha Límite:** M2.3 - Seguimiento despliegue e integración 11/12/2024",closed,workflow,Other,https://github.com/EGC-G2-tortilla/tortilla-hub/issues/172,,Configuration,"The bug report mentions the need to automate a process related to configuration files (.mailmap) and creating a workflow that checks for missing authors or emails in commits, which suggests a configuration issue."
EGC-G2-tortilla,tortilla-hub,Incidencia: Incluir paso a paso la configuración local de los tests de selenium,"**Descripción**: Tras realizar la sesión de seguimiento de pruebas del proyecto, se ha determinado que, para evitar posibles inconvenientes relacionados con las configuraciones locales del sistema, es necesario incluir en el README una guía detallada paso a paso sobre el estado y las condiciones en las que deben ejecutarse los tests de Selenium. Esto garantizará que cualquier desarrollador pueda ejecutarlos correctamente en su entorno de trabajo. **Criterios de Aceptación**: 1. Verificar que las directrices incluidas en el README permiten ejecutar los tests de Selenium correctamente en otro dispositivo distinto al del entorno original de desarrollo. 2. Confirmar que no se generan errores derivados de configuraciones locales específicas. **Fecha Límite**: M3 - Finalización de Work Items y entrega final 18/12/2024",closed,documentation,Other,https://github.com/EGC-G2-tortilla/tortilla-hub/issues/171,,Configuration,"The bug report mentions the need to include a detailed guide in the README about the local configuration of Selenium tests, which implies that incorrect or missing configurations are causing issues."
EGC-G2-tortilla,tortilla-hub,Incidencia: Añadir datos de pruebas en develop desplegado,"Descripción Crear un entrypoint que *siempre* migre, elimine los datos de la DB y popule con los datos prueba. Crear una imagen que apunte a este script y lo ejecute con permisos. Por último añadir esta nueva imagen a la instancia de render de develop. Esta incidencia tiene como objetivo poder comprobar que los incrementos a uvlhub funcionan correctamente en una versión desplegada sin necesidad de tener que crear los datos manualmente, y da seguridad por si se ""corrompe"" algún dato, sabes que en el siguiente despliegue estará todo como nuevo. Criterios de Aceptación (si aplica) - Los datos de prueba aparecen al desplegar en develop - Si la base de datos ya tiene los datos de prueba, comprobar que no se duplican - La base de datos se resetea cada vez que se vuelve a desplegar",closed,bug,Configuration,https://github.com/EGC-G2-tortilla/tortilla-hub/issues/167,MUY interesante,Configuration,"The bug report mentions creating an entrypoint to migrate, eliminate and populate database data with test data, which involves configuration settings for deployment and database management."
EGC-G2-tortilla,tortilla-hub,Sync with Github/Gitlab: Pruebas unitarias gitlab,"Título del Issue Sync with Github/Gitlab: Pruebas unitarias gitlab Descripción Implementar pruebas unitarias para la funcionalidad ""Sync with Github/Gitlab"", dedicado especialmente a los métodos referentes a Gitlab. Se realizarán las pruebas posibles teniendo en cuenta que la funcionalidad se conecta a una API externa. Criterios de Aceptación (si aplica) _No response_ Pasos para Reproducir (solo para bugs) _No response_ Etiquetas WI, test Fecha Límite (si aplica) 4/12/2024",closed,WI,Other,https://github.com/EGC-G2-tortilla/tortilla-hub/issues/164,,Other,"This bug report appears to be about implementing unit tests for a specific functionality, rather than describing an issue caused by misconfigured settings or incorrect parameter values."
EGC-G2-tortilla,tortilla-hub,Sync with Github/Gitlab: Pruebas unitarias github,"Título del Issue Sync with Github/Gitlab: Pruebas unitarias github Descripción Implementar pruebas unitarias para la funcionalidad ""Sync with Github/Gitlab"", dedicado especialmente a los métodos referentes a Github. Se realizarán las pruebas posibles teniendo en cuenta que la funcionalidad se conecta a una API externa. Criterios de Aceptación (si aplica) _No response_ Pasos para Reproducir (solo para bugs) _No response_ Etiquetas WI, test Fecha Límite (si aplica) 4/12/2024",closed,WI,Other,https://github.com/EGC-G2-tortilla/tortilla-hub/issues/163,,Other,"The bug report is about implementing unit tests for a specific functionality, 'Sync with Github/Gitlab', and does not mention any configuration issues or settings. It appears to be related to code development rather than system configuration."
EGC-G2-tortilla,tortilla-hub,Incidencia: Eliminar workflow docker,**Descripción**: El workflow destinado a la creación de una imagen en docker y su arranque inmediato debe eliminarse por no funcionar como se esperaba. **Criterios de Aceptación**: Eliminar el workflow y levantar la imagen de la forma original. **Fecha Límite**: M2.3 - Seguimiento de integración 18/12/2024,closed,bug,Configuration,https://github.com/EGC-G2-tortilla/tortilla-hub/issues/161,,Other,"The bug report appears to be related to a workflow or process in Docker, but the description does not mention configuration artifacts or settings. It seems more like an issue with the workflow's functionality rather than its configuration."
EGC-G2-tortilla,tortilla-hub,Community: revisar y completar en caso de que sea necesario las pruebas de comunidad,"**Descripción:** Se quiere revisar y, en caso de necesitarse, completar los tests del wi comunidad. **Criterios de Aceptación:** - Tener suficientes tests de todos los tipos. - Que se prueben todas las funcionalidades del wi de comunidades correctamente. - Que todos los tests se puedan ejecutar correctamente. **Fecha límite:** M2.2 - Seguimiento de pruebas. 04/12/2024",closed,WI,Other,https://github.com/EGC-G2-tortilla/tortilla-hub/issues/160,,Other,"The bug report appears to be related to testing and quality assurance, rather than a configuration issue. It mentions the need to review and complete tests for community functionality, but does not mention any specific configuration artifacts or settings."
EGC-G2-tortilla,tortilla-hub,Incidencia: Error con las plantillas de las issues,**Descripción**: Se han detectado ciertas incoherencias en la carpeta de plantillas. **Criterios de Aceptación**: Llevar las plantillas a su estado anterior. **Fecha Límite**: M3 - Finalización de Work Items y entrega final 18/12/2024,closed,bug,Other,https://github.com/EGC-G2-tortilla/tortilla-hub/issues/158,,Configuration,"The bug report mentions 'incoherencias en la carpeta de plantillas' which implies an issue with template configurations, suggesting a configuration problem."
EGC-G2-tortilla,tortilla-hub,Incidencia: El informe de contribuciones de los participantes no captura toda la información,**Descripción**: Se ha comprobado a través de comandos en git que no todas los commits ni las LoC han quedado reflejadas en el informe generado a través del workflow dedicado a ello. **Criterios de Aceptación**: Conseguir que el workflow capture todas las aportaciones realizadas. **Fecha Límite**: M3 - Finalización de Work Items y entrega final 18/12/2024,closed,bug,Other,https://github.com/EGC-G2-tortilla/tortilla-hub/issues/157,,Other,"The bug report describes an issue with the workflow not capturing all contributions, which suggests a problem with the code or its implementation rather than a configuration issue."
EGC-G2-tortilla,tortilla-hub,Incidencia de codacy con los test unitarios de descargar todos los datasets,Sin descripción,closed,Sin etiquetas,Other,https://github.com/EGC-G2-tortilla/tortilla-hub/issues/156,,Other,"The provided information does not mention configuration artifacts, incorrect or missing configurations, system setup, deployment, runtime settings, or unintended interactions between configuration settings. It only mentions a title and a description that is empty."
EGC-G2-tortilla,tortilla-hub,Rate Datasets: Pruebas unitarias,"Título del Issue Rate Datasets: Pruebas unitarias Descripción Implementar pruebas unitarias para la funcionalidad de ""Rate Datasets"". Estas pruebas deben garantizar que todos los componentes relacionados con la calificación de conjuntos de datos funcionen correctamente, cubriendo escenarios clave y asegurando que las entradas y salidas sean las esperadas. Criterios de Aceptación (si aplica) Cobertura del 85% como mínimo Pasos para Reproducir (solo para bugs) _No response_ Etiquetas WI Fecha Límite (si aplica) _No response_",closed,WI,Other,https://github.com/EGC-G2-tortilla/tortilla-hub/issues/152,,Other,"The bug report is about implementing unit tests for a specific functionality, which does not seem to be related to configuration issues. It appears to be a request for adding automated testing to ensure the correct behavior of the 'Rate Datasets' feature."
EGC-G2-tortilla,tortilla-hub,Improve UI: Pruebas de rendimiento con Locust,"**Descripción**: Se deberán reazliar pruebas de rendimiento con locust para medir el comportamiento de la plataforma con distintas acciones de usuarios en la vista de detalle de un dataset. **Criterios de aceptación**: Las pruebas deberán ser completas, bien definidas y ejecutarse correctamente. **Fecha límite**: M2.2 Seguimiento pruebas 04/12/2024",closed,WI,Other,https://github.com/EGC-G2-tortilla/tortilla-hub/issues/147,,Other,"The bug report is about improving UI and running performance tests with Locust, which does not seem to be related to configuration issues. It's more focused on testing and quality assurance."
EGC-G2-tortilla,tortilla-hub,Actualizar README,"**Descripción:** Se actualizar el readme y la wiki del proyecto tortilla-hub. **Criterios de Aceptación:** Tanto la wiki como el readme deben contener AL MENOS la siguiente información. - Índice - Breve descripción del proyecto. - Guía sobre cómo acceder a al documentación del proyecto. - Explicación sobre como poner en marcha la apliacición en local - Explicación de cómo realizar los distintos tipos de pruebas (pytest, selenium, locust) - Explicación sobre cómo acceder al proyecto desplegado (Render y Docker) **Fecha límite:** M3 - Finalización de Work Items y Entrega Final. 18/12/2024",closed,documentation,Other,https://github.com/EGC-G2-tortilla/tortilla-hub/issues/144,,Other,"The bug report is about updating the README and wiki of a project, which does not seem to be related to configuration settings or system behavior. It appears to be a documentation task."
EGC-G2-tortilla,tortilla-hub,Dashboard: Pruebas de carga con locust,"**Descripción:** Se deben realizar pruebas de carga usando Locust para la página ""Home"" del tortilla-hub en la que se encuentra el Dashboard. **Criterios de Aceptación:** todos los tests de carga del archivo /app/modules/dataset/locustfile.py/deben funcionar correctamente. **Fecha límite:** M2.2 - Seguimiento de pruebas. 04/12/2024",closed,WI,Other,https://github.com/EGC-G2-tortilla/tortilla-hub/issues/143,,Other,"The bug report appears to be related to a test or functionality issue rather than a configuration problem. It mentions running tests with Locust and ensuring that all load tests in a specific file work correctly, which suggests a code or testing defect rather than a configuration issue."
EGC-G2-tortilla,tortilla-hub,REVISIÓN FINAL,"**Descripción**: Se deberá realizar una revisión conjunta de todo el trabajo realizado en el proyecto para la entrega final. **Criterios de Aceptación**: **Generales**: - Debe presentar un proyecto funcional que realice un ciclo funcional completo y que pueda usarse (a pesar de que tenga algunos elementos de mejora). Todos los WIs deben estar completosy con sus pruebas correspondientes. - No pueden presentarse como proyectos subsistemas aislados en los que se evoluciona una parte y se deja atrás el resto. Por ejemplo, no se aceptarán proyectos que añadan distintos formatos de exportaciones de modelos pero luego no tenga ningún tipo de integración con otros elementos - No debe aparecer código comentado. **Gestión de cambio e incidencias sobre work items**: - Debe tener un proceso de gestión de Work Items (WIs) en el que los WIs pasen por una serie de estados, sean de una serie de tipos, tengan asignados unos roles en su gestión y una prioridad. - Debe tener una plantilla para los WIs y esa plantilla debe ser usada de manera homogenea al menos en los WIs más cercanas a la entrega. **Gestión del código**: - Debe haber borrado el historial de commits anterior del proyecto antes de que el equipo haya empezado a evolucionarlo. - Los commits deben hacerse con el mismo nombre de usuario para cada componente del equipo. Si hay N componentes, debe haber N nombres de usuarios. Por cada nombre de usuario adicional se penalizará. - Debe tener un repositorio de código en el que se haya guardado toda la historia del proyecto. - Debe tener al menos los commits que se indican en el enunciado y una participación homogénea de commits por parte de todos los componentes del equipo. - Debe tener un patrón a la hora de hacer commits y este debe haber sido usado de manera homogénea al menos en las etapas finales del proyecto. - No debe tener en control de versiones los ficheros de configuración de los IDEs ni otro tipo de información que no corresponde como credenciales de acceso a APIs, bases de datos, etcétera. **Gestión de la construcción e integración continua**: - Debe tener un servidor de integración continua funcionando y conectado con el repositorio de código. - Debe tener al menos un script de construcción y que dicho script sea personalizado con respecto a su proyecto (se verá mal que el script sea el mismo que el del proyecto original). - Debe tener integradas pruebas. **Pruebas automáticas**: - Debe tener tantas pruebas por miembro del equipo como se señala en el enunciado. - Debe tener al menos pruebas funcionales unitarias. **Despliegue**: - Debe tener desplegado el sistema de manera local (con run server o similar). - Debe tener desplegado el sistema o al menos con una de las siguientes opciones: contenedores (docker) o máquinas virtuales (Vagrant) o de manera remota (con heroku, render o similar). **Fecha Límite**: M3 - Finalización de Work Items y Entrega Final 18/12/2024",closed,Sin etiquetas,Other,https://github.com/EGC-G2-tortilla/tortilla-hub/issues/142,,Other,"The bug report appears to be a project review checklist or acceptance criteria for a software development project, rather than a description of an issue caused by misconfigured settings. It outlines the requirements and expectations for the final delivery of the project, including functional completeness, code quality, testing, and deployment."
EGC-G2-tortilla,tortilla-hub,Incidencia: tests selenium comentado en datasets,"**Descripción**: En dataset/test/test_selenium.py hay una prueba que aparece comentada y no se utiliza, esta es _test_upload_dataset()_. **Criterios de Aceptación**: No debemos entregar funciones de código comentadas que no se utilicen. La prueba deberá borrarse o actualizarse para que funcione. **Fecha Límite**: M3 - Finalización de Work Items y entrega final 18/12/2024",closed,bug,Other,https://github.com/EGC-G2-tortilla/tortilla-hub/issues/141,,Other,"The issue described is related to a commented-out test function in code, which does not fit the criteria for a configuration bug report. It appears to be a coding standard or best practice issue rather than a configuration problem."
EGC-G2-tortilla,tortilla-hub,Incidencia con la carpeta uploads,Sin descripción,closed,Sin etiquetas,Other,https://github.com/EGC-G2-tortilla/tortilla-hub/issues/137,,Configuration,"Although the description is empty, the title 'Incidencia con la carpeta uploads' suggests a configuration issue related to file uploads, which could be due to incorrect or missing configurations in the system."
EGC-G2-tortilla,tortilla-hub,Community: Añadir funcionalidad para que el administrador de una comunidad pueda aceptar o rechazar una solicitud de unirse a una comunidad.,"**Descripción:** Debido a que no se contempla que se pueda eliminar a un miembro de una comunidad, debe de haber alguna medida para regular quien pertenece o no a una comunidad. La que se propone es que cuando un usuario quiere unirse a una comunidad, que tenga que mandar una solicitud para unirse. **Criterios de Aceptación:** - Un usuario que no pertenezca a una comunidad, debe de poder enviar una solicitud para unirse. - Unicamente el administrador debe de poder ver, aceptar y denegar esa solicitud. - Si el administrador acepta la solicitud, el usuario pasará a ser parte de la comunidad. - Si el administrador denega la solicitud, el usuario no seŕa parte de la comunidad. **Fecha límite:** M2.2 - Seguimiento de pruebas. 04/12/2024",closed,WI,Other,https://github.com/EGC-G2-tortilla/tortilla-hub/issues/134,,Other,"This bug report appears to be a feature request or a requirement for implementing a new functionality, rather than a configuration issue. It describes the desired behavior and criteria for acceptance of a user joining a community, but does not mention any specific configuration settings or parameters that are causing an issue."
EGC-G2-tortilla,tortilla-hub,Community: Tener una ruta específica para poder ver las comunidades a las que pertenezco,**Descripción:** Crear una nueva vista para que cada usuario pueda ver las comunidades a las que pertenece. **Criterios de Aceptación:** - Debe de haber una vista que te permita ver las comunidades a las que pertenece. - Si no has iniciado sesión no debes de poder ver esta ventana. **Fecha límite:** M2.2 - Seguimiento de pruebas. 04/12/2024,closed,WI,Other,https://github.com/EGC-G2-tortilla/tortilla-hub/issues/133,,Other,"The bug report describes a feature request for a new view to display communities the user belongs to, which does not seem to be related to configuration settings or system setup. It appears to be a functional requirement rather than a configuration issue."
EGC-G2-tortilla,tortilla-hub,Workflows: Estadísticas del repositorio,"**Descripción**: Se debe crear un workflow que genere un informe con las estadísticas del repositorio solicitadas para evaluar el proyecto. **Criterios de Aceptación**: Se deberán registrar los siguientes campos **por cada autor**. 1. Número de Líneas de Código (solo se tendrán en cuenta las contribuciones de cada commit por cada fichero, no las líneas resultantes de una revisión y aceptación de una _Pull Request_. 2. Número de commits 3. Número de incidencias (issues) creadas **Fecha Límite**: M2.3 - Seguimiento despliegue e integración 11/12/2024",closed,workflow,Other,https://github.com/EGC-G2-tortilla/tortilla-hub/issues/132,,Other,"The bug report is about creating a workflow to generate statistics, which seems to be a feature request rather than an issue caused by misconfigured settings."
EGC-G2-tortilla,tortilla-hub,Workflows: Despliegue con Vagrant,Se debe estudiar el proyecto e implementar los requisitos para el despliegue local en vagrant si no está realizado.,closed,workflow,Configuration,https://github.com/EGC-G2-tortilla/tortilla-hub/issues/131,,Other,"The bug report appears to be related to implementing a project in Vagrant, which is more about setting up and deploying the system rather than a configuration issue. It does not mention specific configuration artifacts or incorrect settings."
EGC-G2-tortilla,tortilla-hub,Incidencia: Estilos CSS no se aplican correctamente en view_dataset.html,"Título del Issue Incidencia: Estilos CSS no se aplican correctamente en view_dataset.html Descripción Los estilos CSS de la plantilla view_dataset.html no se aplican correctamente. Actualmente, los estilos se están definiendo directamente en el archivo HTML mediante la etiqueta <style>. Para mantener una estructura adecuada y asegurar que los estilos se apliquen correctamente, deben trasladarse a un archivo CSS separado ubicado en el directorio /static/css. Criterios de Aceptación (si aplica) - Los estilos de la plantilla view_dataset.html deben estar correctamente trasladados a un archivo CSS externo. - La plantilla debe cargar los estilos desde el archivo ubicado en /static/css. - Los estilos deben aplicarse correctamente en la interfaz de usuario al renderizar la plantilla. Pasos para Reproducir (solo para bugs) 1. Abrir la plantilla view_dataset.html en el navegador. 2. Observar que los estilos definidos en la etiqueta <style> no afectan correctamente a los elementos. Etiquetas bug Fecha Límite (si aplica) _No response_",closed,bug,Other,https://github.com/EGC-G2-tortilla/tortilla-hub/issues/128,,Other,"The issue described in the bug report is related to a code defect (incorrectly defined styles in HTML) rather than a configuration issue. The solution involves moving CSS styles from an inline <style> tag to a separate CSS file, which is a coding task rather than a configuration adjustment."
EGC-G2-tortilla,tortilla-hub,Docs: README del Repositorio,"**Descripción**: Elaborar un archivo README para el repositorio tortilla-hub que sirva como documentación inicial del proyecto. El README debe incluir una descripción general del proyecto, su propósito, instrucciones para la instalación y configuración, dependencias necesarias, ejemplos de uso, estructura del proyecto y cualquier otro detalle relevante para facilitar la comprensión y uso del repositorio por parte de desarrolladores o usuarios interesados. **Criterios de Aceptación**: 1. El README debe incluir los siguientes apartados: - Introducción: Breve descripción del proyecto y su propósito. - Instalación: Instrucciones claras sobre cómo clonar el repositorio y configurar el entorno necesario. - Uso: Ejemplo o guía para ejecutar el proyecto. - Estructura del proyecto: Desglose de las carpetas y archivos principales. - Contribuciones: Pautas para colaboradores. - Licencia: Información sobre la licencia del proyecto. 2. El formato del README debe ser claro, bien estructurado y en Markdown. 3. Debe ser revisado y aprobado por al menos un miembro del equipo antes de considerarse completo. 4. Debe incluir enlaces relevantes, como documentación externa, dependencias o referencias necesarias. **Fecha límite**: M3 - Defensa del proyecto 18/12/2024",closed,documentation,Other,https://github.com/EGC-G2-tortilla/tortilla-hub/issues/125,,Other,"The bug report is about creating a README file for the tortilla-hub repository, which involves writing documentation and following specific criteria. It does not mention configuration artifacts or incorrect configurations."
EGC-G2-tortilla,tortilla-hub,Incidencia de workflow encargado de arreglar errores de linting,"Título del Issue Linting Workflow Descripción En una previa incidencia 50, se detectó una inconsistencia del workflow de _linting_. Ya que cuando se lanzaba en una PR con _target_ _main/develop_  no se lograba realizar el push de manera correcta en la rama _base_. En su momento se optó que sólo se lanzase únicamente mediante _pushes_ a dichas ramas. Sin embargo, el equipo de desarrollo reevalúo dicha resolución de la incidencia, determinando que sería una mejor aproximación que se lanzase también en las PR's. Criterios de Aceptación (si aplica) - Que el workflow se lance de manera correcta tanto para _pushes_ y PRs en _develop/main_ Pasos para Reproducir (solo para bugs) No aplica Etiquetas bug, workflow Fecha Límite (si aplica) _No response_",closed,"bug, workflow",Other,https://github.com/EGC-G2-tortilla/tortilla-hub/issues/120,,Other,"The issue description mentions a workflow and its behavior in relation to linting errors, but it does not explicitly mention configuration artifacts or settings. The problem seems to be related to the workflow's functionality rather than its configuration."
EGC-G2-tortilla,tortilla-hub,Docs: Revisión Diario del Equipo (tortilla-hub-2),Sin descripción,closed,Sin etiquetas,Other,https://github.com/EGC-G2-tortilla/tortilla-hub/issues/116,,Other,"The provided information does not contain enough details to determine if the bug report is a configuration issue. The title mentions 'Docs' and 'Revisión Diario del Equipo', which could be related to documentation or team review, but it's unclear without more context."
EGC-G2-tortilla,tortilla-hub,WI: Visualización de etiquetas FM Fact,Sin descripción,closed,Sin etiquetas,Other,https://github.com/EGC-G2-tortilla/tortilla-hub/issues/115,,Other,"The provided information does not contain enough details to determine whether the bug report is a configuration issue. The title mentions 'WI' which could imply a work item or task, but there's no description of the problem or its cause."
EGC-G2-tortilla,tortilla-hub,Sync with Github/Gitlab: Errores de funcionalidad,"Título del Issue Sync with Github/Gitlab: Errores de funcionalidad Descripción Tras la revisión de la Pull Request por parte de @rgavira123, se han detectado los siguientes errores: - Fallos en el estilo - Fallos en la subida a Github de modelos, se suben a la raíz del proyecto y si son más de un modelo, se selecciona sólo el primero. - Fallos en la subida a Github de modelos, si existe un modelo y se vuelve a subir otro con el mismo nombre, no se sobreescriben, da un error que no se maneja en la app. Criterios de Aceptación (si aplica) - Solucionar errores de estilos y concordancia con el estilo de la app - Subida de los modelos a un directorio en la raiz de los repositorios llamado /uvlmodels - Reescritura de los modelos que se suban con el mismo nombre Pasos para Reproducir (solo para bugs) 1. Loguearse con credenciales de uvlhub 2. Acceder a upload dataset 3. Loguearse con Github 4. Seleccionar un repositorio (que ya tenga modelos uvl subidos) 5. Rellenar el form y seleccionar un modelo uvl que ya se haya subido 6. Enviar el form 7. Revisar en el repositorio que, efectivamente, no ha habido ningún commit Etiquetas WI Fecha Límite (si aplica) _No response_",closed,"bug, WI",Configuration,https://github.com/EGC-G2-tortilla/tortilla-hub/issues/113,,Other,"The bug report describes issues with the functionality of syncing with Github/Gitlab, which seems to be related to code defects or logic errors rather than configuration settings. The description mentions specific problems such as style failures and incorrect model uploads, which are likely due to coding mistakes rather than misconfigured settings."
EGC-G2-tortilla,tortilla-hub,Incidencia: Vinculación de cuentas con mismo correo,"Título del Issue Incidencia: Vinculación de cuentas con mismo correo Descripción El problema surge cuando un usuario tiene una cuenta creada sin utilizar OAuth, es decir, mediante el formulario tradicional, y ahora intentaba vincular (o registrarse) con su cuenta de Github. Si comparten el mismo correo, la aplicación impide crear otra cuenta con el mismo correo (para evitar multicuentas), lo que impide poder realizar las operaciones que usan GitHub (sync with GitHub) si esta fuera la única cuenta **ESTO APLICA PARA CUALQUIER PROVEEDOR** Criterios de Aceptación (si aplica) - Permitir vincular un ""proovedor de OAuth"" a una cuenta que inicialmente no lo era - Poder hacer Sign up con tu cuenta de GitHub si el correo es el mismo Pasos para Reproducir (solo para bugs) 1. Registrarnos vía formulario con la *misma* cuenta de correo que la cuenta de GitHub 2. Intentar ahora registrarnos con GitHub con esa cuenta Etiquetas bug Fecha Límite (si aplica) _No response_",closed,Sin etiquetas,Configuration,https://github.com/EGC-G2-tortilla/tortilla-hub/issues/110,,Other,"The bug report describes a problem with account linking and GitHub integration, but it does not mention configuration artifacts or settings. The issue seems to be related to the application's logic for handling duplicate email addresses and OAuth connections."
EGC-G2-tortilla,tortilla-hub,WI: Pruebas unitarias de la Staging Area,Título del Issue Pruebas Unitarias para la Staging Area Descripción Se ha de realizar una suite de tests donde el SUT sea el WI de la zona de preparación de datasets y se verifique mediante testing positivo y negativo las diferentes funcionalidades. Criterios de Aceptación (si aplica) Cobertura del 85% como mínimo Pasos para Reproducir (solo para bugs) No aplica Etiquetas WI Fecha Límite (si aplica) _No response_,closed,WI,Other,https://github.com/EGC-G2-tortilla/tortilla-hub/issues/104,,Other,"This bug report appears to be related to a test case for the Staging Area, rather than an issue with configuration settings. It describes a requirement for unit testing and does not mention any configuration artifacts or issues."
EGC-G2-tortilla,tortilla-hub,WI: Mejora de la staging area,Título del Issue Staging area enhancement Descripción Se ha de mejorar la integración de la Staging Area de manera debida con el servicio mock Fakenodo Mejorar la interfaz de usuario añadiedo modales que aporten feedback de las acciones realizadas Criterios de Aceptación (si aplica) No aplica Pasos para Reproducir (solo para bugs) No aplica Etiquetas WI Fecha Límite (si aplica) _No response_,closed,Sin etiquetas,Other,https://github.com/EGC-G2-tortilla/tortilla-hub/issues/103,,Other,"The bug report is about a feature enhancement and does not mention configuration artifacts, incorrect or missing configurations, system setup, deployment, or runtime settings. It appears to be related to user interface improvements and integration with an external service."
EGC-G2-tortilla,tortilla-hub,Incidencia: Se están utilizando varios nombres de autor por persona en los commits,"Título del Issue Incidencia: Se están utilizando varios nombres de autor por persona en los commits Descripción Al parecer, cuando haces  cosas en el repositorio con github, como crear o aceptar una pull request, se puede crear un commit con el nombre de tu usuario de github como autor. De este modo, si tu nombre de autor en tu máquina local no es el mismo que el de tu usuario de github, estarás utilizando dos nombres de autor durante el desarrollo. Criterios de Aceptación (si aplica) 1. Al utilizar git log solo se utiliza un nombre de autor y correo por persona. Pasos para Reproducir (solo para bugs) 1. Ejecutar el comando git log Etiquetas bug Fecha Límite (si aplica) Entrega final",closed,bug,Other,https://github.com/EGC-G2-tortilla/tortilla-hub/issues/102,,Other,"The issue described in the bug report is related to a code defect (inconsistent author names in commits) rather than a configuration issue. It involves a problem with how Git handles commit authors, which is a code-related issue."
EGC-G2-tortilla,tortilla-hub,Subir desde Github: Test con Selenium,Sin descripción,closed,Sin etiquetas,Other,https://github.com/EGC-G2-tortilla/tortilla-hub/issues/101,,Other,"The bug report does not mention configuration artifacts, incorrect or missing configurations, system setup, deployment, or runtime settings. It only mentions Selenium, which is a testing framework."
EGC-G2-tortilla,tortilla-hub,Subir desde Github: Test con Pytest,Sin descripción,closed,Sin etiquetas,Other,https://github.com/EGC-G2-tortilla/tortilla-hub/issues/100,,Other,"The provided information does not mention configuration artifacts, incorrect or missing configurations, system setup, deployment, runtime settings, or unintended interactions between configuration settings. The title and description do not provide enough context to determine if it's a configuration bug report."
EGC-G2-tortilla,tortilla-hub,Subir desde Zip: Test con Selenium,Sin descripción,closed,Sin etiquetas,Other,https://github.com/EGC-G2-tortilla/tortilla-hub/issues/99,,Other,"The provided information does not mention configuration artifacts, incorrect or missing configurations, system setup, deployment, or runtime settings. The title and description do not provide enough context to determine if it's a configuration bug report."
EGC-G2-tortilla,tortilla-hub,Subir desde Zip: Test con Pytest,Sin descripción,closed,Sin etiquetas,Other,https://github.com/EGC-G2-tortilla/tortilla-hub/issues/98,,Other,"The provided information does not mention configuration artifacts, incorrect or missing configurations, system setup, deployment, or runtime settings. The title and description do not provide enough context to determine if it's a configuration bug report."
EGC-G2-tortilla,tortilla-hub,Descargar todos los datasets: Tests con Selenium,Sin descripción,closed,Sin etiquetas,Other,https://github.com/EGC-G2-tortilla/tortilla-hub/issues/97,,Other,"The bug report does not mention configuration artifacts, incorrect or missing configurations, system setup, deployment, or runtime settings. It only mentions Selenium tests which is a code-related issue."
EGC-G2-tortilla,tortilla-hub,Descargar todos los datasets: Tests con Pytest,Sin descripción,closed,Sin etiquetas,Other,https://github.com/EGC-G2-tortilla/tortilla-hub/issues/96,,Other,"The bug report does not mention configuration artifacts, incorrect or missing configurations, system setup, deployment, or runtime settings. It seems to be related to a test issue with Pytest."
EGC-G2-tortilla,tortilla-hub,Incidencia detectada en la comprobación de sintaxis de archivos UVL,"Al realizar pruebas unitarias del método encargado de la validación de los UVL, se ha detectado que un archivo vacío se da por válido. El comportamiento esperado sería lanzar un mensaje de error que diga que no se puede procesar un UVL vacío.",closed,bug,Other,https://github.com/EGC-G2-tortilla/tortilla-hub/issues/94,,Other,"The bug report describes a code defect in the method responsible for validating UVL files, rather than an issue related to system configuration or setup."
EGC-G2-tortilla,tortilla-hub,Subir desde GitHub: Funcionalidad para subir modelos a dataset desde GitHub,Sin descripción,closed,Sin etiquetas,Other,https://github.com/EGC-G2-tortilla/tortilla-hub/issues/93,,Other,"The provided information does not contain any details about configuration settings, environment variables, or system setup. It appears to be a GitHub issue related to uploading models from GitHub, which might involve code defects rather than configuration issues."
EGC-G2-tortilla,tortilla-hub,Docs: Revisión del Documento del Proyecto ( tortilla-hub-2),Sin descripción,closed,Sin etiquetas,Other,https://github.com/EGC-G2-tortilla/tortilla-hub/issues/91,,Other,"The provided information does not contain any details about the bug report, making it impossible to determine if it's a configuration issue or not. The title mentions 'Docs' and 'Revisión del Documento', which could imply a documentation-related issue rather than a configuration problem."
EGC-G2-tortilla,tortilla-hub,Comprobar Sintaxis UVL: Pruebas de Rendimiento y Unitarias,"Se observa que no hay suficiente cobertura de pruebas asociadas al WI. Por ello, se deberán ampliar las pruebas unitarias y añadir pruebas de rendimiento haciendo uso de Locust.",closed,WI,Other,https://github.com/EGC-G2-tortilla/tortilla-hub/issues/90,,Other,"The bug report is about adding more unit tests and performance tests, but it does not mention any configuration issues. It seems to be related to testing strategy rather than a specific system setup or configuration problem."
EGC-G2-tortilla,tortilla-hub,Workflow: Versionado automático del proyecto,"Se plantea la oportunidad de automatizar ciertos aspectos del proyecto. Por ello, se desarrolla un workflow encargado de automatizar el versionado del proyecto en función del contenido de los commits que llegan a main, siguiendo la propuesta de SemVer (Versionado Semántico).",closed,workflow,Other,https://github.com/EGC-G2-tortilla/tortilla-hub/issues/89,,Other,"The bug report appears to be related to a feature development or implementation issue, rather than a configuration problem. It mentions the development of a workflow and its functionality, but does not mention any specific configuration settings or issues."
EGC-G2-tortilla,tortilla-hub,Comprobar Sintaxis UVL: Desarrollo inicial del WI,"Descripción Como usuario se quiere poder subir un UVL y que el sistema te diga si este es sintácticamente correcto. En caso de presentar errores, debe indicar en qué línea o líneas se encuentran dichos errores.",closed,WI,Other,https://github.com/EGC-G2-tortilla/tortilla-hub/issues/88,,Other,The bug report appears to be related to a feature development and does not mention configuration artifacts or settings. It seems to be about implementing a new functionality (checking UVL syntax) rather than an issue caused by misconfigured settings.
EGC-G2-tortilla,tortilla-hub,Incidencia: El boton para acceder a las comunidades no aparece en el menú desplegable de la izquierda si no estás logueado,Título del Issue Incidencia: El boton para acceder a las comunidades no aparece en el menú desplegable de la izquierda si no estás logueado Descripción El boton para acceder a las comunidades no aparece en el menú desplegable de la izquierda si no estás logueado. Esto es un error porque debería de aparecer. Criterios de Aceptación (si aplica) El boton para acceder a las comunidades debe de aparecer en el menú desplegable de la izquierda independientemente de si estás logueado o no. Pasos para Reproducir (solo para bugs) 1. Abrir la aplicación sin estar logueado 2. Mirar el menú despleglable de la izquierda buscando las comunidades. Etiquetas bug Fecha Límite (si aplica) Fecha límite: M2.1 - Seguimiento de código. 27/11/2024,closed,bug,Other,https://github.com/EGC-G2-tortilla/tortilla-hub/issues/86,,Other,"The issue described is related to the absence of a button in the application's menu, which suggests a code defect or a UI design issue rather than a configuration problem."
EGC-G2-tortilla,tortilla-hub,Multiple Login: Mejora de accesibilidad para la vinculación de cuentas con OAuth 2.0,"Título del Issue Multiple Login: Mejora de accesibilidad para la vinculación de cuentas con OAuth 2.0 Descripción Este issue debe cubrir la mejora de la vinculación de las distintas cuentas dentro de uvlhub añadiendo pantallas de confirmación y comprobando el flujo de datos de la creación o adición de cuentas para un mismo correo. También habrá que tener en cuenta la privacidad del correo proporcionado por ORCID, ya que es el usuario de dicha plataforma quien decide si hacer público su correo o no. En caso negativo habrá que solicitar una cuenta de correo electrónico a la que vincular sus datos dentro de nuestra aplicación. Criterios de Aceptación (si aplica) 1. Se muestran pantallas de confirmación al vincular cuentas, con mensajes claros para el usuario. 2. Si el correo de ORCID es privado, se solicita un correo alternativo al usuario, con su posterior pantalla de confirmación. 3. El flujo de vinculación verifica que el correo no esté vinculado a múltiples cuentas. 4. El diseño y mensajes son consistentes con el estilo de uvlhub. Pasos para Reproducir (solo para bugs) _No response_ Etiquetas WI Fecha Límite (si aplica) M2.1 - Seguimiento de código. 27/11/2024",closed,WI,Other,https://github.com/EGC-G2-tortilla/tortilla-hub/issues/85,,Other,"The bug report appears to be about a feature enhancement or implementation issue, specifically related to the multiple login functionality and OAuth 2.0 integration. It does not mention configuration artifacts, incorrect or missing configurations, system setup, deployment, or runtime settings."
EGC-G2-tortilla,tortilla-hub,Docs: Documento del Proyecto ( tortilla-hub-2),Sin descripción,closed,documentation,Other,https://github.com/EGC-G2-tortilla/tortilla-hub/issues/84,,Other,"The bug report does not mention configuration artifacts, incorrect or missing configurations, system setup, deployment, or runtime settings. It is tagged as 'documentation', which suggests it's related to documentation issues rather than a configuration problem."
EGC-G2-tortilla,tortilla-hub,Multiple Login: Pruebas Selenium de integración con ORCID,"Título del Issue Multiple Login: Pruebas Selenium de integración con ORCID Descripción Este issue cubrirá pruebas con Selenium para verificar que los elementos principales de la UI relacionados con el registro y login con ORCID están presentes y funcionando correctamente. Se deberán comprobar botones y enlaces de autenticación, así como el flujo de autenticación con ORCID y que los datos se añaden correctamente al perfil del usuario (incluyendo el ORCID ID). Criterios de Aceptación (si aplica) 1. Verificar que los botones y enlaces de autenticación con ORCID están presentes. 2. Verificar que los flujos de autenticación funcionan correctamente. 3. Comprobar que la UI responde correctamente a cada interacción del usuario. 4. Verificar que la UI muestra correctamente los datos añadidos al perfil del usuario (incluyendo el ORCID ID). Pasos para Reproducir (solo para bugs) _No response_ Etiquetas WI Fecha Límite (si aplica) M2.2 - Seguimiento de pruebas. 04/12/2024",closed,WI,Other,https://github.com/EGC-G2-tortilla/tortilla-hub/issues/83,,Other,"This bug report appears to be related to a Selenium test case for integration with ORCID, focusing on UI verification and functionality. It does not mention configuration artifacts or settings, but rather describes expected behavior and acceptance criteria for the system."
EGC-G2-tortilla,tortilla-hub,Multiple Login: Pruebas Selenium de integración con GitHub,"Título del Issue Multiple Login: Pruebas Selenium de integración con GitHub Descripción Este issue cubrirá pruebas con Selenium para verificar que los elementos principales de la UI relacionados con el registro y login con GitHub están presentes y funcionando correctamente. Se comprobarán elementos como botones, enlaces de autenticación y el flujo de registro e inicio de sesión con GitHub. Criterios de Aceptación (si aplica) 1. Verificar que los botones y enlaces de autenticación con GitHub están presentes. 2. Verificar que los flujos de autenticación funcionan correctamente. 3. Comprobar que la UI responde correctamente a cada interacción del usuario. Pasos para Reproducir (solo para bugs) _No response_ Etiquetas WI Fecha Límite (si aplica) M2.2 - Seguimiento de pruebas. 04/12/2024",closed,WI,Other,https://github.com/EGC-G2-tortilla/tortilla-hub/issues/82,,Other,"This bug report appears to be related to a test case for Selenium integration with GitHub, rather than an issue caused by misconfigured settings or incorrect parameter values. It describes the expected behavior and acceptance criteria for the UI elements related to registration and login."
EGC-G2-tortilla,tortilla-hub,Multiple Login: Pruebas Selenium de integración con Google y funcionalidades comunes,"Título del Issue Multiple Login: Pruebas Selenium de integración con Google y funcionalidades comunes Descripción Este issue cubrirá pruebas con Selenium para verificar que los elementos principales de la UI relacionados con el registro y login con Google están presentes y funcionando correctamente. Además, se deberán comprobar funcionalidades como el funcionamiento de los botones de inicio de sesión y los flujos de autenticación. Criterios de Aceptación (si aplica) 1. Verificar que los botones y enlaces de autenticación con Google están presentes. 2. Verificar que los flujos de autenticación funcionan correctamente. 3. Comprobar que la UI responde correctamente a cada interacción del usuario. Pasos para Reproducir (solo para bugs) _No response_ Etiquetas WI Fecha Límite (si aplica) M2.2 - Seguimiento de pruebas. 04/12/2024",closed,WI,Other,https://github.com/EGC-G2-tortilla/tortilla-hub/issues/81,,Other,"This bug report appears to be related to a test case for Selenium integration with Google and common functionalities, rather than an issue caused by misconfigured settings or incorrect parameter values."
EGC-G2-tortilla,tortilla-hub,Multiple Login: Test unitarios de integración con ORCID,"Título del Issue Multiple Login: Test unitarios de integración con ORCID Descripción Este issue debe cubrir todas las funcionalidades específicas del registro y login con ORCID, por lo tanto, se deberán cubrir todas las rutas del `routes.py` asociadas a ORCID. También comprobar que el ORCID id del usuario se vincula a su perfil. Criterios de Aceptación (si aplica) 1. La cobertura es la mayor posible. 2. Los tests no generan ningún error. 3. Cubrir tanto tests positivos como negativos. Pasos para Reproducir (solo para bugs) _No response_ Etiquetas WI Fecha Límite (si aplica) M2.2 - Seguimiento de pruebas. 04/12/2024",closed,Sin etiquetas,Other,https://github.com/EGC-G2-tortilla/tortilla-hub/issues/80,,Other,"The bug report appears to be related to a test case for integration with ORCID, covering all routes and functionality. It does not mention configuration artifacts or settings, but rather focuses on testing and code coverage."
EGC-G2-tortilla,tortilla-hub,Multiple Login: Test unitarios de integración con GitHub,"Título del Issue Multiple Login: Test unitarios de integración con GitHub Descripción Este issue debe cubrir todas las funcionalidades específicas del registro y login con GitHub, por lo tanto, se deberán cubrir todas las rutas del `routes.py` asociadas a GitHub. Criterios de Aceptación (si aplica) 1. La cobertura es la mayor posible. 2. Los tests no generan ningún error. 3. Cubrir tanto tests positivos como negativos. Pasos para Reproducir (solo para bugs) _No response_ Etiquetas WI Fecha Límite (si aplica) M2.2 - Seguimiento de pruebas. 04/12/2024",closed,Sin etiquetas,Other,https://github.com/EGC-G2-tortilla/tortilla-hub/issues/79,,Other,"The bug report appears to be related to a missing or incomplete test case for GitHub integration, rather than an issue with the system's configuration. The description mentions specific routes and tests, but does not mention any configuration artifacts or settings."
EGC-G2-tortilla,tortilla-hub,Docs: Diario del Equipo (tortilla-hub-2),Sin descripción,closed,documentation,Other,https://github.com/EGC-G2-tortilla/tortilla-hub/issues/78,,Other,"The bug report does not mention configuration artifacts, incorrect or missing configurations, system setup, deployment, or runtime settings. It is tagged as 'documentation', which suggests it's related to documentation issues rather than a configuration problem."
EGC-G2-tortilla,tortilla-hub,Docs: Portada del Proyecto (tortilla-hub-2),Sin descripción,closed,documentation,Other,https://github.com/EGC-G2-tortilla/tortilla-hub/issues/77,,Other,"The bug report does not mention configuration artifacts, incorrect or missing configurations, system setup, deployment, or runtime settings. It is tagged as 'documentation', which suggests it might be related to a documentation issue rather than a configuration problem."
EGC-G2-tortilla,tortilla-hub,Multiple Login: Test unitarios de integracion con Google y características comunes,"Título del Issue Multiple Login: Test unitarios de integracion con Google y características comunes Descripción Este issue debe cubrir todas las funcionalidades específicas del registro y login de google, por tanto se deberán cubrir todas las rutas del `routes.py` asociadas a Google. También se probarán las entidades que se crearon en `models.py` y los métodos del `service.py` añadidos al módulo _auth_. Criterios de Aceptación (si aplica) 1. La cobertura es la mayor posible 2. Los tests no generan ningún error 3. Cubrir test tanto positivos como negativos Pasos para Reproducir (solo para bugs) _No response_ Etiquetas WI Fecha Límite (si aplica) M2.2 - Seguimiento de pruebas. 04/12/2024",closed,WI,Other,https://github.com/EGC-G2-tortilla/tortilla-hub/issues/76,,Other,"The bug report appears to be about writing unit tests for integration with Google and common features, rather than a configuration issue. It mentions specific files (routes.py, models.py, service.py) and methods, but does not mention any configuration artifacts or settings."
EGC-G2-tortilla,tortilla-hub,Multiple Login: Integración con Github usando Authlib,"Título del Issue Multiple Login: Integración con Github usando Authlib Descripción Este issue cubre la configuracion de Authlib para permitir la autenticación usando Github en uvlhub. Se debe registrar la aplicación en las _Developers Settings_ de Github y configurar el cliente OAuth 2.0 para obtener el `CLIENT_ID` y el `CLIENT_SECRET`. La aplicación OAuth de Github solo admite peticiones desde una ruta única, por tanto se deberán crear dos aplicaciones, una para la versión en local y la otra para la versión desplegada. Para ello se creará una cuenta de Github de tortilla-hub Criterios de Aceptación (si aplica) - La cuenta de tortilla-hub en GitHub está creada y configurada correctamente - La aplicación permite a los usuarios autenticarse usando su cuenta de GitHub. - Las credenciales (client_id y client_secret) están protegidas mediante variables de entorno. - Los usuarios pueden acceder a la aplicación tras registrarse con GitHub (login). - La autenticación con GitHub funciona también en la versión desplegada de la aplicación. Pasos para Reproducir (solo para bugs) _No response_ Etiquetas WI Fecha Límite (si aplica) M2.1 - Seguimiento de código. 27/11/2024",closed,WI,Other,https://github.com/EGC-G2-tortilla/tortilla-hub/issues/74,,Configuration,"The bug report describes a configuration issue related to setting up Authlib for GitHub authentication, including registering the application on Github and configuring OAuth settings. It also mentions specific criteria for acceptance that involve correct configuration of client IDs and secrets."
EGC-G2-tortilla,tortilla-hub,Incidencia: falta de carpeta necesaria para la subida de zip,Descripción de la incidencia Hay una carpeta _uploads_ necesaria para la ejecución correcta de la funcionalidad de descarga que se ha quedado oculta en el .gitignore Pasos para reproducir Intencionalmente en blanco Comportamiento esperado Debe subirse el archivo zip correctamente y que los modelos contenidos en el zip aparezcan automáticamente en el dataset. Comportamiento actual Actualmente salta un error al resto de los compañeros por la falta de la carpeta mencionada. Información adicional Intencionalmente en blanco,closed,Sin etiquetas,Configuration,https://github.com/EGC-G2-tortilla/tortilla-hub/issues/73,,Configuration,"The bug report mentions a missing configuration artifact (_uploads_ folder) that is necessary for the correct execution of a functionality, which was intentionally ignored in the .gitignore file."
EGC-G2-tortilla,tortilla-hub,Multiple Login: Integración con ORCID usando Authlib,"Título del Issue Multiple Login: Integración con ORCID usando Authlib Descripción Esta issue cubre el proceso de integración de ORCID para la autenticación de usuarios en la aplicación de uvlhub utilizando Authlib. ORCID permitirá a los usuarios registrarse e iniciar sesión en la aplicación usando su perfil de investigador y añadiendo su ORCID Id a su perfil de uvlhub. Como parte del proceso deberemos crear la aplicación en las _developer tools_ de ORCID, generar un _client id_ y un _client secret_ y utilizar ngrok para las pruebas en el entorno local ya que ORCID sólo admite peticiones de rutas HTTPS. Criterios de Aceptación (si aplica) 1. La aplicación permite a los usuarios autenticarse usando su cuenta de ORCID. 2. `ngrok` está configurado correctamente para el desarrollo en local. 3. Las credenciales (`client_id` y `client_secret`) están protegidas mediante variables de entorno. 4. Los usuarios pueden acceder a la aplicación tras registrarse con ORCID (login). 5. La autenticación con ORCID funciona también en la versión desplegada de la aplicación. Pasos para Reproducir (solo para bugs) _No response_ Etiquetas WI Fecha Límite (si aplica) M2.1 - Seguimiento de código. 27/11/2024",closed,WI,Other,https://github.com/EGC-G2-tortilla/tortilla-hub/issues/72,,Configuration,The bug report mentions configuration artifacts (client_id and client_secret variables of environment) and describes the correct setup of these variables as a criterion for acceptance.
EGC-G2-tortilla,tortilla-hub,Multiple Login: Instalación y set-up de la librería authlib e integración con Google,"Título del Issue Multiple Login: Instalación y set-up de la librería authlib e integración con Google Descripción Este issue cubre la instalación y configuración de Authlib en uvlhub para habilitar, entre otros servicios, la autenticación con Google OAuth 2.0. Se describen los pasos necesarios para instalar la librería, registrar la aplicación en Google Developer Console, y configurar el cliente OAuth con el objetivo de permitir a los usuarios autenticarse usando sus cuentas de Google. Criterios de Aceptación (si aplica) 1. Authlib está instalado y configurado correctamente en el entorno de desarrollo. 2. La aplicación permite a los usuarios autenticarse usando su cuenta de Google. 3. Las credenciales sensibles (client_id y client_secret) están protegidas mediante variables de entorno. 4. Los usuarios autenticados pueden acceder a la aplicación tras completar el proceso de inicio de sesión con Google. 5. La autenticación debera funcionar también en la versión desplegada de uvlhub. Pasos para Reproducir (solo para bugs) _No response_ Etiquetas WI Fecha Límite (si aplica) M2.1 - Seguimiento de código. 27/11/2024",closed,Sin etiquetas,Other,https://github.com/EGC-G2-tortilla/tortilla-hub/issues/71,,Configuration,"The bug report describes the installation and configuration of Authlib, a library for authentication with Google OAuth 2.0, which involves setting up environment variables (client_id and client_secret) to protect sensitive credentials."
EGC-G2-tortilla,tortilla-hub,WI: Staging area,"Título del Issue Staging area Descripción Se ha de poder preparar y seleccionar aquellos _datasets_ para la publicación mediante una staging area, permitiendo posteriormente subir el depósito a Fakenodo Criterios de Aceptación (si aplica) Que los datasets puedan estar definidos en tres estados, según el usuario desee: - Staged - Unstaged - Published Pasos para Reproducir (solo para bugs) No aplica Etiquetas WI Fecha Límite (si aplica) _No response_",closed,WI,Other,https://github.com/EGC-G2-tortilla/tortilla-hub/issues/70,,Other,"The bug report appears to be related to a feature request or work item (WI) for a staging area, but it does not mention configuration artifacts or settings. The issue seems to be about implementing a new functionality rather than resolving a misconfigured system."
EGC-G2-tortilla,tortilla-hub,Community: Poder subir dataset a una comunidad,**Descripción**: Crear vista y funcionalidad para poder subir un dataset a una comunidad. **Criterios de Aceptación**: - Debe de haber una vista que te permita subir datasets a una comunidad. - La aplicación no debe de permitir subir datasets a una comunidad si no eres miembro de esta. **Fecha límite**: M2.1 - Seguimiento de código. 27/11/2024,closed,WI,Other,https://github.com/EGC-G2-tortilla/tortilla-hub/issues/69,,Other,"The bug report appears to be a feature request or a user story, rather than a configuration issue. It describes the creation of a view and functionality for uploading datasets to a community, with specific acceptance criteria."
EGC-G2-tortilla,tortilla-hub,Community: Poder listar las comunidades,**Descripción**: Crear vista y funcionalidad para poder listar las comunidades. **Criterios de Aceptación**: - Debe de haber una vista que te permita listar todas las comunidades con su información relevante. **Fecha límite**: M2.1 - Seguimiento de código. 27/11/2024,closed,WI,Other,https://github.com/EGC-G2-tortilla/tortilla-hub/issues/68,,Other,"The bug report appears to be a feature request or a task description, rather than a configuration issue. It mentions creating a view and functionality for listing communities, which suggests a code-related problem rather than a configuration one."
EGC-G2-tortilla,tortilla-hub,Community: Poder visualizar una comunidad,"**Descripción**: Crear vista y funcionalidad para poder visualizar una comunidad. **Criterios de Aceptación**: - En la vista de una comunidad, se deben de poder ver todos los datos relevantes de una comunidad. **Fecha límite**: M2.1 - Seguimiento de código. 27/11/2024",closed,WI,Other,https://github.com/EGC-G2-tortilla/tortilla-hub/issues/67,,Other,"The bug report appears to be a feature request or a task description, rather than a bug report. It does not mention any configuration artifacts, incorrect configurations, system setup issues, or unintended interactions between settings."
EGC-G2-tortilla,tortilla-hub,Community: Poder unirse a una comunidad,"**Descripción**: Crear vista y funcionalidad para poder unirse una comunidad. **Criterios de Aceptación:** - En la vista de  visualización de una comunidad debe de haber un botón para poder unirse a la comunidad. - Una vez dado al botón, se debe de actualizar en la base de datos el usuario apareciendo que se ha unido a la comunidad. - Una vez unido a la comunidad, se debe de poder visualizar en la pantalla de visualización de una comunidad. **Fecha límite**: M2.1 - Seguimiento de código. 27/11/2024",closed,WI,Other,https://github.com/EGC-G2-tortilla/tortilla-hub/issues/66,,Other,"The bug report describes a feature request or a requirement for a new functionality, rather than an existing configuration issue. It outlines the expected behavior and acceptance criteria for joining a community, but does not mention any specific configuration settings or issues."
EGC-G2-tortilla,tortilla-hub,Community: Poder crear una comunidad,"**Descripción**: Crear vista y funcionalidad para poder crear una comunidad. **Criterios de Aceptación**: - En la vista de creación de comuniades se deben de poder introducir todos los valores relevantes para crear una comunidad. - Una vez creada, deben de guardarse todos los datos correctamente en la base de datos. - Una vez creada, debe de poder visualizarse correctamente en la vista de visualizar comunidades. **Fecha límite**: M2.1 - Seguimiento de código. 27/11/2024",closed,WI,Other,https://github.com/EGC-G2-tortilla/tortilla-hub/issues/65,,Other,"The bug report appears to be a feature request or a task description, rather than a bug report. It outlines the requirements and acceptance criteria for creating a community functionality, but does not mention any existing issues or problems with the current system."
EGC-G2-tortilla,tortilla-hub,Ver el perfil de usuario: pruebas de interfaz con selenium,Sin descripción,closed,Sin etiquetas,Other,https://github.com/EGC-G2-tortilla/tortilla-hub/issues/64,,Other,"The bug report does not mention configuration artifacts, incorrect or missing configurations, system setup, deployment, or runtime settings. It seems to be related to a Selenium test case."
EGC-G2-tortilla,tortilla-hub,Ver el perfil de usuario: pruebas unitarias,Sin descripción,closed,Sin etiquetas,Other,https://github.com/EGC-G2-tortilla/tortilla-hub/issues/63,,Other,"The provided information does not contain any details about configuration artifacts, incorrect or missing configurations, system setup, deployment, runtime settings, or unintended interactions between configuration settings. Therefore, it is classified as an 'Other' bug report."
EGC-G2-tortilla,tortilla-hub,Ver el perfil de usuario: revisión,Sin descripción,closed,Sin etiquetas,Other,https://github.com/EGC-G2-tortilla/tortilla-hub/issues/62,,Other,"The provided information does not contain enough details to determine if the bug report is a configuration issue. The description field is empty, and there are no specific mentions of configuration artifacts or settings."
EGC-G2-tortilla,tortilla-hub,WI: Ver el perfil de usuario,Sin descripción,closed,Sin etiquetas,Other,https://github.com/EGC-G2-tortilla/tortilla-hub/issues/61,,Other,"Insufficient information is provided to determine whether the bug report qualifies as a configuration issue. The description is empty, and no specific details about the problem are given."
EGC-G2-tortilla,tortilla-hub,Resolución de Conflictos para la PR main <- develop,Descripción Se han de solucionar los conflictos detectados entre ambas ramas para poder finalizar la PR y tener una nueva versión de UVLHUB Criterios de Aceptación (si aplica) No aplica Pasos para Reproducir (solo para bugs) No aplica,closed,automated-pr,Other,https://github.com/EGC-G2-tortilla/tortilla-hub/issues/60,,Other,"The bug report appears to be related to a pull request conflict resolution, which is not directly related to configuration settings. It's more about resolving merge conflicts between branches."
EGC-G2-tortilla,tortilla-hub,Rate Datasets: Pruebas Interfaz con Selenium,Descripción Es necesario implementar pruebas automatizadas de interfaz para la funcionalidad de calificación de conjuntos de datos utilizando Selenium. Criterios de Aceptación 1. Las pruebas deben simular la interacción de un usuario real con la interfaz del sistema de calificación. 2. La visualización del promedio de calificaciones debe ser precisa y actualizarse correctamente tras nuevas calificaciones.,closed,WI,Other,https://github.com/EGC-G2-tortilla/tortilla-hub/issues/59,,Other,"The bug report is about implementing automated interface tests for a functionality using Selenium, which does not seem to be related to configuration issues. It appears to be a request for new feature development or testing."
EGC-G2-tortilla,tortilla-hub,Rate datasets: Implementación Sistema de Calificación,"Descripción Como usuario, quiero poder calificar los conjuntos de datos en el repositorio para proporcionar retroalimentación sobre su calidad y utilidad. Esto ayudará a otros usuarios a identificar rápidamente los conjuntos de datos más relevantes y permitirá mejorar aquellos con puntuaciones bajas. Criterios de Aceptación 1. Los usuarios registrados deben poder calificar cualquier conjunto de datos. 2. Un usuario podrá actualizar su calificación de un conjunto de datos. 3. La interfaz debe mostrar claramente el promedio de calificaciones junto con el número total de votos.",closed,WI,Other,https://github.com/EGC-G2-tortilla/tortilla-hub/issues/58,,Other,"The bug report describes a feature request for implementing a rating system, which is related to the functionality of the application rather than its configuration."
EGC-G2-tortilla,tortilla-hub,Comprobar Sintaxis UVL: Mejorar UI,Descripción Actualmente los mensajes de error de sintaxis en un UVL file se ven de forma poco estética. Se propone añadir ciertos estilos para una mejor experiencia de usuario Criterios de Aceptación (si aplica) _No response_ Pasos para Reproducir (solo para bugs) _No response_,closed,WI,Other,https://github.com/EGC-G2-tortilla/tortilla-hub/issues/56,,Other,"The bug report appears to be related to improving the user interface (UI) of a UVL file, which is more about code or feature enhancement rather than configuration settings."
EGC-G2-tortilla,tortilla-hub,Workflow: Automatización de PRs main <- develop,"Descripción Se plantea la necesidad de realizar diariamente una PR a main para mantener el código actualizado. Para ello, se propone desarrollar un workflow que realice esta tarea de forma automática. Criterios de Aceptación (si aplica) Se considerará resuelta la issue una vez se consiga integrar dicho workflow y consiga realizar la primera PR de forma efectiva. Pasos para Reproducir (solo para bugs) _No response_",closed,workflow,Other,https://github.com/EGC-G2-tortilla/tortilla-hub/issues/55,,Other,"The bug report appears to be related to a workflow automation issue, but it does not mention configuration artifacts or incorrect configurations. It seems more focused on implementing a new feature (workflow) rather than resolving a configuration-related problem."
EGC-G2-tortilla,tortilla-hub,Comprobar Sintaxis UVL: Pruebas con Selenium,Descripción Se deben realizar pruebas con selenium con el fin de cubrir una serie de escenarios relacionados con el WI. Criterios de Aceptación (si aplica) Todos los tests definidos funcionan correctamente Pasos para Reproducir (solo para bugs) _No response_,closed,WI,Other,https://github.com/EGC-G2-tortilla/tortilla-hub/issues/54,,Other,"The bug report is about writing tests with Selenium, which does not seem to be related to configuration settings. It appears to be a test development issue rather than a configuration problem."
EGC-G2-tortilla,tortilla-hub,Workflows: Docker,"**Descripción**: Crear un workflow automatizado en GitHub Actions que permita construir y desplegar una imagen Docker de la aplicación en DockerHub. La imagen debe estar lista para ser utilizada tanto en entornos de desarrollo como en producción. El objetivo es que cualquier miembro del equipo pueda acceder y utilizar la imagen desde cualquier dispositivo que tenga Docker instalado, simplificando el proceso de despliegue y pruebas en diferentes entornos. **Criterios de Aceptación**: 1. El workflow debe ejecutarse automáticamente cada vez que se haga un push en la rama principal o se cree un nuevo tag. 2. La imagen Docker debe ser creada con el tag correspondiente, incluyendo la versión si es un tag de versión. 3. La imagen debe ser publicada en DockerHub bajo el repositorio del proyecto, con etiquetas claras para diferenciar entre las versiones de desarrollo y producción. 4. El proceso debe incluir pasos para testear la construcción antes de realizar el push a DockerHub, asegurando que la imagen sea funcional. 5. La imagen debe ser accesible públicamente para su uso desde cualquier entorno con Docker instalado. **Fecha límite**: M2.3 - Seguimiento de integración/despliegue. 11/12/2024",closed,workflow,Other,https://github.com/EGC-G2-tortilla/tortilla-hub/issues/53,,Configuration,"The bug report describes a configuration issue related to setting up an automated workflow in GitHub Actions for building and deploying a Docker image, which involves infrastructure and deployment settings."
EGC-G2-tortilla,tortilla-hub,Incidencia con workflow que soluciona errores de linting,"Título del Issue Incidencia con el workflow que soluciona errores de linting Descripción El workflow se ha definido para que se ejecute tanto como para _pushes_ y _pull requests_ para las ramas develop  y main. Generando una incidencia, ya que si se lanza desde una _pull request_  no reconoce que tenga una rama asociada para realizar el commit. Workflow definido como lint.py en  .\github\workflows Criterios de Aceptación (si aplica) 1. Que el workflow se lance únicamente para los pushes a develop y main 2. Que se realice el commit de manera correcta en los pushes a develop y main con las debidas correciones de linting en caso de que sea necesario Pasos para Reproducir (solo para bugs) Hacer una PR a develop haciendo que el workflow se ejecute y al estar en una PR no logra detectar el HEAD donde poder commitear, se adjunta foto. ![imagen](https://github.com/user-attachments/assets/37edc279-d340-4991-ae82-c8750db89d10) Etiquetas bug Fecha Límite (si aplica) _No response_",closed,bug,Configuration,https://github.com/EGC-G2-tortilla/tortilla-hub/issues/50,,Configuration,"The bug report mentions a workflow configuration issue, specifically with the linting workflow not recognizing the branch associated with a pull request, which suggests a problem with how the workflow is configured rather than a code defect."
EGC-G2-tortilla,tortilla-hub,Incidencia con los seeders de Dataset,"Título del Issue Incidencia con los seeders de Dataset Descripción Existen datasets duplicados en los seeders, sería conveniente que no existiesen datos repetidos para mejorar la calidad de los seeders. Criterios de Aceptación (si aplica) 1. No deben existir datasets repetidos, o con campos reutilizados Pasos para Reproducir (solo para bugs) _No response_ Etiquetas bug Fecha Límite (si aplica) _No response_",closed,bug,Other,https://github.com/EGC-G2-tortilla/tortilla-hub/issues/47,,Other,"The issue description mentions the existence of duplicate datasets in seeders, but it does not explicitly mention configuration artifacts or incorrect configurations. It seems to be a data quality issue rather than a configuration problem."
EGC-G2-tortilla,tortilla-hub,Inconsistencias de las migraciones en el despliegue,Título del Issue Inconsistencias de las migraciones en el despliegue Descripción El despliegue de la rama develop en Render no está funcionando correctamente debido a inconsistencias en las migraciones actuales en la base de datos. Esto impide que cualquier push a develop se despliegue exitosamente si no corrige dichas inconsistencias. Criterios de Aceptación (si aplica) _No response_ Pasos para Reproducir (solo para bugs) Paso 1: Realizar un push de cualquier cambio a la rama develop. Paso 2: Observar los logs de errores en Render al intentar desplegar. Etiquetas bug Fecha Límite (si aplica) _No response_,closed,bug,Other,https://github.com/EGC-G2-tortilla/tortilla-hub/issues/45,,Configuration,"The issue description mentions inconsistencies in database migrations, which suggests a problem with the configuration of the deployment process rather than a code defect."
EGC-G2-tortilla,tortilla-hub,Fakenodo: Revisión,Sin descripción,closed,Sin etiquetas,Other,https://github.com/EGC-G2-tortilla/tortilla-hub/issues/44,,Other,"The provided information does not contain enough details to determine whether the bug report is a configuration issue. The description field is empty, and there are no specific mentions of configuration artifacts or settings."
EGC-G2-tortilla,tortilla-hub,Sync with Github/Gitlab: integración con fakenodo,"Cada vez que se sube un dataset, además de subirlo a Zenodo, que se suba también a un repositorio de GitHub (o Gitlab) mediante su API",closed,WI,Other,https://github.com/EGC-G2-tortilla/tortilla-hub/issues/43,,Other,"The bug report appears to be about implementing a feature (syncing with GitHub/Gitlab) rather than reporting an issue caused by misconfigured settings. It does not mention configuration artifacts, incorrect or missing configurations, system setup, deployment, or runtime settings."
EGC-G2-tortilla,tortilla-hub,Fakenodo: Realizar un mock de Zenodo para las llamadas a la API,Sin descripción,closed,Sin etiquetas,Other,https://github.com/EGC-G2-tortilla/tortilla-hub/issues/42,,Other,"The provided information does not mention configuration artifacts, incorrect or missing configurations, system setup, deployment, or runtime settings. The title and description suggest a code-related issue with API calls."
EGC-G2-tortilla,tortilla-hub,Dashboard: Pruebas Unitarias con Pytest,**Descripción**: Se deben realizar al menos 4 tests unitarios (dos positivos y dos negativos) para comprobar que las funciones most_downloaded() y most_popular_authors() funcionan correctamente. **Criterios de Aceptación**: Se deben comprobar los casos de prueba que se mencionan a continuación. - Se deben obtener los 4 autores más populares. - Los 4 autores más populares se obtendrán en función del número de datasets que hayan publicado. - El ranking estará ordenado de mayor a menor en función al criterio anterior. - Se mostrarán los 3 datasets con más número de descargas. - El ranking estará ordenado de mayor a menor siguiendo el criterio anterior. **Fecha límite**: M2.2 - Seguimiento de pruebas. 04/12/2024,closed,WI,Other,https://github.com/EGC-G2-tortilla/tortilla-hub/issues/41,,Other,"The bug report describes a requirement for unit tests to be implemented, but it does not mention any configuration issues or misconfigured settings. It appears to be related to the development of test cases rather than a problem with system setup or runtime configurations."
EGC-G2-tortilla,tortilla-hub,Sync with Github/Gitlab: implementación login,"Cada vez que se sube un dataset, además de subirlo a Zenodo, que se suba también a un repositorio de GitHub (o Gitlab) mediante su API",closed,WI,Other,https://github.com/EGC-G2-tortilla/tortilla-hub/issues/40,,Other,"The bug report appears to be about implementing a feature (syncing with GitHub/Gitlab) rather than reporting an issue caused by misconfigured settings. It does not mention configuration artifacts, incorrect or missing configurations, system setup, deployment, or runtime settings."
EGC-G2-tortilla,tortilla-hub,Workflow: Añadir actions que mergea las heads de una migración(L),Añadir actions que mergea las heads de una migración. Prioridad: Baja,closed,workflow,Other,https://github.com/EGC-G2-tortilla/tortilla-hub/issues/39,,Other,"The bug report does not mention configuration artifacts, incorrect or missing configurations, system setup, deployment, or runtime settings. It appears to be related to a workflow or migration issue in the codebase."
EGC-G2-tortilla,tortilla-hub,Revisión sobre la alternativa de los permisos 36,Sin descripción,closed,Sin etiquetas,Other,https://github.com/EGC-G2-tortilla/tortilla-hub/issues/37,,Other,"The provided information does not contain enough details to determine if the bug report is a configuration issue. The title mentions 'permisos' which could be related to permissions or access control, but without further description it's unclear what the actual problem is."
EGC-G2-tortilla,tortilla-hub,Buscar alternativa menos intrusiva para los permisos de la WI Subir desde .Zip,Sin descripción,closed,Sin etiquetas,Other,https://github.com/EGC-G2-tortilla/tortilla-hub/issues/36,,Other,"The provided information does not mention configuration artifacts, incorrect or missing configurations, system setup, deployment, runtime settings, or unintended interactions between configuration settings. The title and description do not provide enough context to determine if it's a configuration bug report."
EGC-G2-tortilla,tortilla-hub,Dashboard: Pruebas de Interfaz con selenium,"**Descripción**: Se deben realizar al menos test de interfaz con selenium para comprobar que se muestran todos los elementos del dashboard en la página ""Home"". **Criterios de Aceptación**: Se deben comprobar los casos de prueba que se mencionan a continuación. - Se deben obtener los 4 autores más populares. - Los 4 autores más populares se obtendrán en función del número de datasets que hayan publicado. - El ranking estará ordenado de mayor a menor en función al criterio anterior. - Se mostrarán los 3 datasets con más número de descargas. - El ranking estará ordenado de mayor a menor siguiendo el criterio anterior. **Fecha límite**: M2.2 - Seguimiento de pruebas. 04/12/2024",closed,WI,Other,https://github.com/EGC-G2-tortilla/tortilla-hub/issues/35,,Other,"The bug report describes a test case for the dashboard using selenium, but it does not mention any configuration issues. It seems to be related to a functional requirement or a test scenario rather than a configuration problem."
EGC-G2-tortilla,tortilla-hub,Dashboard: Crear dashboard,"**Descripción**: Modificar la pantalla de ""Home"" para que muestre datos relevantes y estadísticas de los datasets. **Criterios de Aceptación**: En la página de ""Home"" se deben mostrar los elementos que se mencionan a continuación. - Gráfica de barras interactiva en la que se muestra un ranking con los datasets con más descargas. Debe aparecer el nombre del dataset junto al número de descargas del mismo. - Cuatro últimos datasets subidos ordenados de más a menos reciente. - Estadísticas generales de UVLHub con número de datasets y modelos, datasets vistos, etc. - Ranking con los 4 autores más populares. Se deben mostrar los autores con mayor número de datasets publicados, ordenados de mayor a menor número de publicaciones. **Fecha límite**: M2.1 - Seguimiento de código. 27/11/2024",closed,WI,Other,https://github.com/EGC-G2-tortilla/tortilla-hub/issues/34,,Other,"The bug report describes a requirement for modifying the 'Home' page to display specific data and statistics, but it does not mention any configuration issues or misconfigured settings. It appears to be a functional requirement or user story rather than a configuration bug."
EGC-G2-tortilla,tortilla-hub,Revisión de la WI de subir desde Zip 21,Sin descripción,closed,Sin etiquetas,Other,https://github.com/EGC-G2-tortilla/tortilla-hub/issues/33,,Other,"The provided information does not contain enough details to determine if the bug report is a configuration issue. The title mentions 'WI de subir desde Zip', which could be related to a workflow or integration, but without further description, it's unclear what the actual problem was."
EGC-G2-tortilla,tortilla-hub,Docs: Documento del Proyecto,"**Descripción**: Se debe crear un documento integral que cubra todos los apartados descritos en la Issue  TORTILLA-HUB-1. Este documento debe estructurarse siguiendo las secciones indicadas, cumpliendo con las pautas de contenido y extensión requeridas para cada apartado. El objetivo es presentar un informe detallado que refleje el desarrollo, las decisiones técnicas y organizativas, y la planificación del futuro del proyecto **TORTILLA-HUB**. **Criterios de Aceptación**: 1. Estructura del Documento: - Incluir todas las secciones indicadas en la plantilla: - Miembros del equipo. - Indicadores del Proyecto. - Resumen Ejecutivo (800 palabras). - Descripción del Sistema (1500 palabras). - Visión Global del Proceso de Desarrollo (1500 palabras). - Entorno de Desarrollo (800 palabras). - Ejercicio de Propuesta de Cambio. - Conclusiones y Trabajo Futuro. - Integración con otros equipos. 2. Contenido - Redacción clara, concisa y profesional. - Cumplir con las extensiones mínimas requeridas en las secciones correspondientes. - Utilizar un lenguaje técnico adecuado y consistente con el contexto del proyecto. - Integrar ejemplos prácticos, diagramas, y capturas de pantalla si son necesarios para clarificar conceptos. 3. Formato y Presentación - El documento debe estar en formato Markdown para facilitar su integración en el repositorio. - Incluir enlaces funcionales en el índice para navegar a cada sección del documento. - Utilizar tablas, listas, y estilos de texto en Markdown para mejorar la legibilidad. 4. Colaboración y Gestión - Indicar claramente las contribuciones de cada miembro dentro del apartado ""Miembros"". **Fecha Límite**: M3 - Defensa del proyecto 18/12/2024",closed,documentation,Other,https://github.com/EGC-G2-tortilla/tortilla-hub/issues/31,,Other,"The bug report is about creating a document for the project, which involves writing and structuring content rather than configuring system settings. It does not mention configuration artifacts or describe issues related to incorrect or missing configurations."
EGC-G2-tortilla,tortilla-hub,Improve UI: Integración con el Backend y datos de prueba,"Completar la implementación del WI con la obtención de datos del conjunto de prueba en lugar de dejarlos mockeados **Descripción**: Se deberá completar la implementación del WI con la obtención de datos del nuevo conjunto de datos de prueba. **Criterios de Aceptación**: Se deben comprobar los casos de prueba que se mencionan a continuación. - Los datos obtenidos e la vista, para cada usuario, se corresponden con los datos recogidos en el conjunto de prueba. **Fecha límite**: M2.2 - Seguimiento de pruebas. 04/12/2024",closed,WI,Other,https://github.com/EGC-G2-tortilla/tortilla-hub/issues/30,,Other,"The bug report is about implementing a feature to retrieve data from a test dataset, which seems to be related to code development rather than configuration settings."
EGC-G2-tortilla,tortilla-hub,Improve UI: Pruebas Interfaz con Selenium,**Descripción**: Se deberán reazliar pruebas con selenium para verificar que los elementos principales que definene la estética de GitHub aparecen en la UI. **Criterios de aceptación**: - Prueba de interfaz con selenium que compruebe que se encuentran los elementos principales que definen la estética de GitHub. **Fecha límite**: M2.2 Seguimiento pruebas 04/12/2024,closed,WI,Other,https://github.com/EGC-G2-tortilla/tortilla-hub/issues/29,,Other,"The bug report is about writing tests with Selenium to verify the UI elements, but it does not mention any configuration issues. It seems to be a request for implementing automated testing rather than a problem caused by misconfigured settings."
EGC-G2-tortilla,tortilla-hub,Improve UI: Vista Datasets,"**Descripción**: Se debe modificar la estética de la visualización de los datasets para mantener la estética de plataformas como GitHub, donde se da más importancia a los ficheros que al resto de información. **Criterios de Aceptación**:  Valoración positiva de la estética. **Fecha límite**: M2.1 - Seguimiento gestión del código fuente. 27/11/2024",closed,WI,Other,https://github.com/EGC-G2-tortilla/tortilla-hub/issues/28,,Other,"The bug report is about improving the UI and esthetics of a dataset visualization, which does not seem to be related to configuration settings or system setup. It appears to be a user experience (UX) design issue."
EGC-G2-tortilla,tortilla-hub,Revisión de la WI de descarga 22,Sin descripción,closed,Sin etiquetas,Other,https://github.com/EGC-G2-tortilla/tortilla-hub/issues/24,,Other,"The provided information does not contain enough details to determine if the bug report is a configuration issue. The title and description are too vague, and there are no mentions of configuration artifacts or settings."
EGC-G2-tortilla,tortilla-hub,WI: Descargar todos los datasets y sus modelos,Sin descripción,closed,Sin etiquetas,Other,https://github.com/EGC-G2-tortilla/tortilla-hub/issues/22,,Other,"The provided information does not contain enough details to determine if the bug report is a configuration issue. The title mentions 'Descargar todos los datasets y sus modelos' which suggests it might be related to data retrieval, but without further description or context, it's difficult to classify it as a configuration bug report."
EGC-G2-tortilla,tortilla-hub,WI: Subir desde .Zip,Sin descripción,closed,Sin etiquetas,Other,https://github.com/EGC-G2-tortilla/tortilla-hub/issues/21,,Other,"The provided information does not contain enough details to determine if the bug report is a configuration issue. The title mentions 'WI' which could imply a work item or a feature request, but there's no description of the problem or its cause."
EGC2425-RaboDeToro-hub,RaboDeToro-hub-1,Cambiar nombre Latest Dataset,Descripción de la tarea Se va a cambiar latest dataset a español. Prioridad Baja (low Priority) Milestone M3,closed,low Priority,Other,https://github.com/EGC2425-RaboDeToro-hub/RaboDeToro-hub-1/issues/133,,Other,"The bug report appears to be about renaming a dataset, which is more related to code or data changes rather than configuration settings."
EGC2425-RaboDeToro-hub,RaboDeToro-hub-1,fix: base de datos,"Descripción de la tarea Arreglar la base de datos, no se puede migrar ni realizar db:seed Prioridad Alta (high Priority) Milestone None",closed,high Priority,Other,https://github.com/EGC2425-RaboDeToro-hub/RaboDeToro-hub-1/issues/115,,Configuration,"The bug report mentions 'base de datos' (database) and issues with migration and seeding, which suggests a configuration problem rather than a code defect."
EGC2425-RaboDeToro-hub,RaboDeToro-hub-1,Acta fundacional,Descripción de la tarea Redactar el acta fundacional. Prioridad Alta (high Priority) Milestone M3,closed,documentation,Other,https://github.com/EGC2425-RaboDeToro-hub/RaboDeToro-hub-1/issues/112,,Other,The bug report appears to be related to a task description and not an actual issue with the system's configuration or behavior. It is likely a documentation or project management issue rather than a configuration bug.
EGC2425-RaboDeToro-hub,RaboDeToro-hub-1,Readme,Descripción de la tarea Elaborar el README. Prioridad Media (medium Priority) Milestone M3,closed,documentation,Other,https://github.com/EGC2425-RaboDeToro-hub/RaboDeToro-hub-1/issues/111,,Other,The bug report appears to be related to a task description and not an actual system issue or configuration problem.
EGC2425-RaboDeToro-hub,RaboDeToro-hub-1,Definición de procesos,Descripción de la tarea Elaborar el documento de definición de procesos del proyecto Prioridad Media (medium Priority) Milestone M3,closed,documentation,Other,https://github.com/EGC2425-RaboDeToro-hub/RaboDeToro-hub-1/issues/110,,Other,"The bug report appears to be related to a task or issue with creating a document, which does not seem to involve configuration settings. It's more about documentation and project management."
EGC2425-RaboDeToro-hub,RaboDeToro-hub-1,docs: Completar Wiki,Sin descripción,closed,Sin etiquetas,Other,https://github.com/EGC2425-RaboDeToro-hub/RaboDeToro-hub-1/issues/108,,Other,"The provided information does not contain enough details to determine if the bug report is a configuration issue. The title mentions 'docs' and 'Completar Wiki', which could imply documentation or wiki-related issues, but without further description, it's difficult to classify."
EGC2425-RaboDeToro-hub,RaboDeToro-hub-1,Mis Datasets,Sin descripción,closed,"bug, high Priority",Other,https://github.com/EGC2425-RaboDeToro-hub/RaboDeToro-hub-1/issues/107,,Other,"The provided information does not contain enough details to determine if the bug report is a configuration issue. The title 'Mis Datasets' suggests a data-related problem, but without further description or context, it's difficult to classify it as a configuration bug report."
EGC2425-RaboDeToro-hub,RaboDeToro-hub-1,fix: Visualizar Perfil de Usuario,Sin descripción,closed,"low, add, medium Priority",Other,https://github.com/EGC2425-RaboDeToro-hub/RaboDeToro-hub-1/issues/105,,Other,The provided information does not mention configuration artifacts or settings. The title and description do not provide enough context to determine if it's a configuration issue.
EGC2425-RaboDeToro-hub,RaboDeToro-hub-1,WI - Filtro avanzado: tests,"Descripción Test unitarios, de integración, selenium y locust para filtro avanzado. Prioridad Alta (high Priority) Dificultad Difícil (hard) Milestone M3",closed,"hard, high Priority, test",Other,https://github.com/EGC2425-RaboDeToro-hub/RaboDeToro-hub-1/issues/104,,Other,"The bug report appears to be related to testing and does not mention configuration artifacts or settings. It is focused on test cases for the 'filtro avanzado' feature, indicating a potential issue with the code rather than its configuration."
EGC2425-RaboDeToro-hub,RaboDeToro-hub-1,WI - Descargar todos los dataset: test,"Descripción Añadir test unitarios, de integración, de carga y de interfaz para la funcionalidad ""download all dataset"" Prioridad Media (medium Priority) Dificultad Media (medium) Milestone M3",closed,"medium, test",Other,https://github.com/EGC2425-RaboDeToro-hub/RaboDeToro-hub-1/issues/101,,Other,"The bug report appears to be about adding unit tests, integration tests, load tests, and interface tests for a specific functionality ('download all dataset'), which suggests it's related to testing rather than configuration."
EGC2425-RaboDeToro-hub,RaboDeToro-hub-1,WI: fakenodo,fix fakenodo,closed,"hard, add, fakenodo, high Priority",Other,https://github.com/EGC2425-RaboDeToro-hub/RaboDeToro-hub-1/issues/72,,Other,"The provided information does not contain enough details to determine if the bug report is a configuration issue. The title and description do not mention any configuration artifacts or settings, making it difficult to classify as a configuration bug report."
EGC2425-RaboDeToro-hub,RaboDeToro-hub-1,Personalizacion de scripts,Se harán scripts y se modificará el código para personalizarlo al proyecto.,closed,"add, medium, low Priority",Other,https://github.com/EGC2425-RaboDeToro-hub/RaboDeToro-hub-1/issues/69,,Other,"The bug report does not mention configuration artifacts or describe incorrect or missing configurations. It seems to be related to code modification and personalization, which is a development task rather than a configuration issue."
EGC2425-RaboDeToro-hub,RaboDeToro-hub-1,WI - Ver perfil de usuarios: tests,Sin descripción,closed,"low, high Priority, test",Other,https://github.com/EGC2425-RaboDeToro-hub/RaboDeToro-hub-1/issues/53,,Other,The provided information does not mention configuration artifacts or settings. The title and description do not provide enough context to determine if it's a configuration issue.
EGC2425-RaboDeToro-hub,RaboDeToro-hub-1,Añadir plantillas para las incidencias,"El objetivo de esta tarea es añadir plantillas para la creación de issues en el repositorio. Esto permitirá estandarizar las issues y facilitar la organización del trabajo. Las plantillas incluirán: - Work Items (WI): Una plantilla para las tareas relacionadas con funcionalidades o mejoras concretas del sistema. - Tareas Técnicas: Una plantilla para tareas específicas de configuración, mantenimiento o desarrollo técnico. Estas plantillas estarán ubicadas en el directorio .github/ISSUE_TEMPLATE/ del repositorio.",closed,high Priority,Other,https://github.com/EGC2425-RaboDeToro-hub/RaboDeToro-hub-1/issues/46,,Other,"The bug report is about adding templates for issues in a repository, which does not seem to be related to configuration settings or system behavior. It appears to be a task about implementing feature templates."
EGC2425-RaboDeToro-hub,RaboDeToro-hub-1,Automatización de pruebas,"En esta tarea, se añade un script  que ejecuta automáticamente los casos de prueba para garantizar que el código funciona correctamente tras cada cambio.",closed,"medium Priority, test",Other,https://github.com/EGC2425-RaboDeToro-hub/RaboDeToro-hub-1/issues/45,,Other,"The bug report appears to be about adding a script for automated testing, which is related to development process and code quality rather than configuration settings."
EGC2425-RaboDeToro-hub,RaboDeToro-hub-1,WI - Mejorar busqueda: tests,Añadir nuevos tests para la funcionalidad de los filtros de búsqueda de fecha y de tamaño de datasets. Se añaden test de carga e integración entre otros,closed,"medium, medium Priority, test",Other,https://github.com/EGC2425-RaboDeToro-hub/RaboDeToro-hub-1/issues/42,,Other,"The bug report appears to be related to adding new tests for a specific feature, rather than an issue caused by misconfigured settings or incorrect parameter values."
EGC2425-RaboDeToro-hub,RaboDeToro-hub-1,Construccion de contenedor docker,Crear el dockerfile que permita ejecutar la aplicacion dentro del contenedor.,closed,"CD, high Priority",Configuration,https://github.com/EGC2425-RaboDeToro-hub/RaboDeToro-hub-1/issues/41,,Other,"The bug report is about creating a Dockerfile to run an application within a container, which involves setting up the environment for deployment. However, it does not explicitly mention configuration issues or incorrect settings."
EGC2425-RaboDeToro-hub,RaboDeToro-hub-1,Script de construccion con vagrant,Crear un script de construccion automatica usando Vagrant para desplegar la aplicacion en el entorno de desarrollo.,closed,"CD, medium, high Priority",Configuration,https://github.com/EGC2425-RaboDeToro-hub/RaboDeToro-hub-1/issues/36,,Configuration,"The bug report mentions Vagrant, which is a tool used for infrastructure configuration and deployment. The description also talks about creating an automatic build script, indicating that the issue might be related to how the system is configured rather than a code defect."
EGC2425-RaboDeToro-hub,RaboDeToro-hub-1,Añadir workflows,Implementar nuevos workflows personalizados para automatizar distintos procesos como pruebas entre otros.,closed,"high Priority, medium Priority",Other,https://github.com/EGC2425-RaboDeToro-hub/RaboDeToro-hub-1/issues/34,,Other,"The bug report does not mention configuration artifacts or describe incorrect or missing configurations. It appears to be a request for implementing new workflows, which is more related to development and feature implementation rather than configuration."
EGC2425-RaboDeToro-hub,RaboDeToro-hub-1,WI - Crear comunidades: Tests,Realizar tests para el modulo de comunidades.,closed,"hard, medium Priority, test",Other,https://github.com/EGC2425-RaboDeToro-hub/RaboDeToro-hub-1/issues/27,,Other,The bug report does not mention configuration artifacts or describe incorrect or missing configurations. It appears to be related to testing the 'modulo de comunidades' (module of communities) rather than a configuration issue.
EGC2425-RaboDeToro-hub,RaboDeToro-hub-1,WI - Filtros avanzados,"Como usuario quiero poder filtrar por numero de columnas, productos, etc.... para obtener datasets acordes a mis necesidades.",closed,"hard, high Priority",Other,https://github.com/EGC2425-RaboDeToro-hub/RaboDeToro-hub-1/issues/20,,Other,"The bug report does not mention configuration artifacts or describe incorrect or missing configurations. It appears to be a feature request related to user interface and functionality, rather than a configuration issue."
EGC2425-RaboDeToro-hub,RaboDeToro-hub-1,WI - Ver perfil de usuarios,"Este Work Item permite a los usuarios ver los datasets de cualquier otro, presionando sobre el autor de un datasets puede acceder a una ventana donde ver los demas datasets.",closed,"low, low Priority",Other,https://github.com/EGC2425-RaboDeToro-hub/RaboDeToro-hub-1/issues/15,,Other,"The bug report does not mention configuration artifacts or describe incorrect or missing configurations. It appears to be a functional issue related to user permissions and dataset access, which is more likely due to code defects rather than misconfigured settings."
EGC2425-RaboDeToro-hub,RaboDeToro-hub-1,WI - Crear comunidades: Sistema de notificaciones,En esta issue se pretende que el usuario reciba una notificacion cuando un usuario de una comunidad a la que pertenece añade o elimina un dataset.,closed,low Priority,Other,https://github.com/EGC2425-RaboDeToro-hub/RaboDeToro-hub-1/issues/13,,Other,"The bug report appears to be related to a feature request or implementation issue, rather than a configuration problem. It describes a desired behavior and does not mention any specific configuration artifacts or settings."
EGC2425-RaboDeToro-hub,RaboDeToro-hub-1,WI - Mejorar busqueda,Como usuario quiero mejorar la funcionalidad de busqueda pudiendo filtrar por fecha o tamaño del dataset.,closed,"medium, medium Priority",Other,https://github.com/EGC2425-RaboDeToro-hub/RaboDeToro-hub-1/issues/8,,Other,"The bug report is about improving search functionality and does not mention configuration artifacts, incorrect or missing configurations, system setup, deployment, runtime settings, or unintended interactions between configuration settings. It appears to be a feature request rather than a bug report."
EGC2425-RaboDeToro-hub,RaboDeToro-hub-1,WI - Descargar todos los datasets,"Como usuario, quiero tener un boton que me permita descargar todos los datasets en todos los modelos y formatos disponibles",closed,"medium, medium Priority",Other,https://github.com/EGC2425-RaboDeToro-hub/RaboDeToro-hub-1/issues/6,,Other,"The bug report does not mention configuration artifacts or describe incorrect or missing configurations. It appears to be a feature request for downloading datasets, which is more related to code implementation than configuration."
EGC2425-RaboDeToro-hub,RaboDeToro-hub-1,WI - fakenodo,Fakenodo es una API que reemplazara a zenodo para no realizar llamadas a ella.,closed,"hard, fakenodo, high Priority",Other,https://github.com/EGC2425-RaboDeToro-hub/RaboDeToro-hub-1/issues/5,,Other,"The bug report does not mention configuration artifacts or describe incorrect or missing configurations. It appears to be a high-priority issue related to API replacement, but the details provided do not indicate a configuration-related problem."
EGC2425-RaboDeToro-hub,RaboDeToro-hub-1,WI - Recordar contraseña,Como usuario quiero poder tener la opcion de recuperar mi contraseña por medio de un correo electronico que me permita reestablecerla.,closed,"low, low Priority",Other,https://github.com/EGC2425-RaboDeToro-hub/RaboDeToro-hub-1/issues/4,,Other,"The bug report is about a feature request for password recovery via email, which does not seem to be related to configuration issues. It appears to be a functional requirement or user story."
EGC2425-RaboDeToro-hub,RaboDeToro-hub-1,WI - Crear comunidades: Control de datasets,Como usuario quiero que se vean todos mis datasets. Como administrador quiero poder ver todos los datasetes.,closed,"hard, high Priority",Other,https://github.com/EGC2425-RaboDeToro-hub/RaboDeToro-hub-1/issues/3,,Other,"The bug report appears to be related to a user story or feature request, describing desired functionality and user roles. It does not mention configuration artifacts, incorrect configurations, system setup, deployment, runtime settings, or unintended interactions between configuration settings."
EGC2425-RaboDeToro-hub,RaboDeToro-hub-1,WI - Crear comunidades: Control de usuarios,"Como usuario quiero poder crear, entrar y salir de una comunidad cuando desee. Como administrador de una comunidad quiero poder eliminar la comunidad cuando desee.",closed,"hard, high Priority",Other,https://github.com/EGC2425-RaboDeToro-hub/RaboDeToro-hub-1/issues/2,,Other,"The bug report appears to be a functional requirement or user story rather than an actual issue with the system's configuration. It describes desired features and behaviors, but does not mention any specific configuration settings or issues related to how the system is set up."
EGC2425-RaboDeToro-hub,RaboDeToro-hub-1,WI - Crear comunidades: Comunidades,Como usuario quiero poder unirme a una comunidad con otras personas para poder ver sus datasets y tenerlos mas accesibles,closed,"hard, high Priority",Other,https://github.com/EGC2425-RaboDeToro-hub/RaboDeToro-hub-1/issues/1,,Other,"The bug report does not mention configuration artifacts or describe incorrect or missing configurations. It appears to be a functional requirement or user story, focusing on the desired behavior of the system rather than an issue caused by misconfigured settings."
salmorejo-hub-1,uvlhub,WI-1.6.19: Fix Discord command name,"Description The Discord command `token_config` needs to be updated to `token_config_on_dm` to follow the current naming convention. This misalignment may cause confusion or inconsistency. Steps to Reproduce 1. Use the command `token_config` in the Discord bot. 2. Observe that the command works, but the name does not align with the updated convention. Expected Result The command should be named `token_config_on_dm` to reflect our naming standards. Current Result The command is still named `token_config` in the code. Additional Information (Optional) - The issue is located in `discordbot/src/commands/token_commands.py`. - Update all occurrences of the old command name in the project to avoid inconsistencies.",closed,"incidence, priority:low, state: closed",Configuration,https://github.com/salmorejo-hub-1/uvlhub/issues/102,,Other,The bug report primarily involves a code defect (incorrect command name in the source code) rather than a configuration issue.
salmorejo-hub-1,uvlhub,WI-1.6.18: Fix docker compose,Description: Docker compose file does not have network for discord bot. Steps to reproduce: Current result: docker fails. Expected result: Docker working. Additional information:,closed,"priority:critical, deployment, state: in-review",Configuration,https://github.com/salmorejo-hub-1/uvlhub/issues/100,,Configuration,"The bug report mentions a Docker compose file and its configuration (network for discord bot), which is related to system setup and deployment settings."
salmorejo-hub-1,uvlhub,WI-1.6.17: Fix tests when selenium tests are ran before,"Description: Selenium tests create a new dataset for user1, so it induce an error on the assertion in datasets command test. Steps to reproduce: 1. Run selenium tests. 2. Run discordbot tests. Expected result: Tests passed without failures. Current result: Failure on assert on the dataset title. Additional information:",closed,"priority:critical, incidence, state: in-progress",Other,https://github.com/salmorejo-hub-1/uvlhub/issues/97,,Other,"The bug report primarily involves a code defect (assertion failure) rather than a configuration issue. It describes a problem with the test execution flow and assertion logic, which suggests a need for code modification or refactoring."
salmorejo-hub-1,uvlhub,WI-1.3.4.2 Create Selenium test to download all datasets,Description: The goal of this issue is to implement an automated test using Selenium to verify that all datasets in the system can be successfully downloaded by an authenticated user. This test ensures that the download functionality works correctly across all available datasets. Expected results: Download all dataset test pass succesfully Process followed: 1. Use Selenium IDE to export the test 2. Adapt Selenium IDE test to the project context 3. Check the test works Additional information:,closed,"enhancement, priority:critical, state: in-progress",Other,https://github.com/salmorejo-hub-1/uvlhub/issues/96,,Other,"The bug report appears to be about implementing an automated test using Selenium and does not mention configuration artifacts or settings. It is related to coding and testing rather than system setup, deployment, or runtime configurations."
salmorejo-hub-1,uvlhub,WI-1.6.16: Fix datasets command when no dataset is provided,"Description: When datasets command are called with an empty response (no datasets provided) an error is produced as the list used to show the data exceeds the range. Steps to reproduce: 1. Create a new account on UVLHub so there is no datasets associated. 2. Generate API token on UVLHub. 3. Config bot to save token with !token command. 4. Call the !datasets command, Expected result: The response must be a message that says no datasets was found. Current result: An unexpected error occurred (list index out of range) Additional information:",closed,"incidence, priority:medium, state: to-do",Other,https://github.com/salmorejo-hub-1/uvlhub/issues/93,,Other,"The bug report primarily involves a code defect (list index out of range error) rather than an issue with system configuration. It describes steps to reproduce the problem and expected vs current results, which suggests it's related to source code functionality."
salmorejo-hub-1,uvlhub,Create unit test suite for dataset module,"**Description:** The dataset module in the project lacks unit tests to verify its functionality and ensure its reliability. Unit tests are essential for detecting bugs early and ensuring that changes to the code do not introduce new issues. **Expected Behavior:** Unit tests should be implemented for all critical functions within the dataset module. These tests should cover various scenarios, such as successful creation of a dataset, validation errors, edge cases, and interactions with other components (e.g., the database or API). **Actual Behavior:** Currently, the dataset module lacks unit tests, which poses a risk for undetected issues in the code. **Impact:** - Increased risk of introducing bugs when modifying the dataset module. - Lack of confidence in the stability of the module when making changes. **Suggested Solution:** - Include tests for: - Dataset creation and validation. - Handling of edge cases and error conditions. - Interactions with other components (e.g., database, API, etc.). **Additional information:** - Consider writing tests that mock dependencies or external systems to ensure the module can be tested in isolation. - Review the existing code for areas that may require more detailed test coverage.",closed,"enhancement, priority:medium, state: to-do",Other,https://github.com/salmorejo-hub-1/uvlhub/issues/88,,Other,"The bug report is about implementing unit tests for the dataset module, which is a code defect rather than a configuration issue. It does not mention any configuration artifacts or settings that could be causing the problem."
salmorejo-hub-1,uvlhub,WI-1.3.4.1: Create unit tests for download all datasets,Description: Create unit test suite for download all datasets in order to check the feature works properly Process followed: 1. Try manually download all functionality 2. Design unit tests for different cases 3. Synchronize tests with parent repo Additional information:,closed,"enhancement, priority:critical, state: in-progress",Other,https://github.com/salmorejo-hub-1/uvlhub/issues/87,,Other,The bug report appears to be about creating unit tests for a feature and does not mention configuration artifacts or settings. It seems to be related to development process rather than system setup or runtime configurations.
salmorejo-hub-1,uvlhub,WI-1.4: Add fakenodo tests to rosemary test command,"Description: Update the CLI to prompt users about starting the Flask app for discordbot tests. Steps to reproduce: Intentionally blank Expected result: When you run rosemary test command, it must runs the fakenodo tests Current result: Intentionally blank Additional information (Optional): Intentionally blank",closed,"enhancement, priority:low, state: closed",Other,https://github.com/salmorejo-hub-1/uvlhub/issues/85,,Other,"The bug report does not mention configuration artifacts or describe incorrect or missing configurations. It appears to be related to adding functionality and updating the CLI, which suggests a code defect rather than a configuration issue."
salmorejo-hub-1,uvlhub,WI-1.4: Prompt user to run Flask app during discordbot tests,Description: Update the CLI to prompt users about starting the Flask app for discordbot tests. Steps to reproduce: Intentionally blank Expected result: The CLI should: Prompt the user to decide if the Flask app should be started for discordbot tests. Start the Flask app if the user agrees. Run the tests and terminate the Flask app automatically after completion. Current result: The CLI only informs the user that the Flask app needs to be running but does not handle starting or stopping the app. Additional information (Optional): Intentionally blank,closed,"enhancement, priority:low, state: closed",Other,https://github.com/salmorejo-hub-1/uvlhub/issues/83,,Other,"The bug report primarily involves a code defect (missing functionality) rather than an issue with system configuration. It describes the expected behavior and current result, indicating that the problem is related to how the CLI handles starting and stopping the Flask app."
salmorejo-hub-1,uvlhub,WI-1.7.2: Resend confirmation email,"Description: Add a button by means of which a confirmation email with verification link is resended to the user when signing up in the system Steps to reproduce 1- The user fills the signup form 2- The user is redirected to the check-inbox page 3- The page must contain such button Expected result: The button works prperly, resending to the user inbox a new email with confirmation link Current result: There is no button implemented Additional information (Optional): Intentionally blank",closed,"enhancement, priority:medium, state: in-progress",Other,https://github.com/salmorejo-hub-1/uvlhub/issues/82,,Other,The bug report describes a missing feature implementation (button) and does not mention configuration artifacts or incorrect settings. It appears to be related to code development rather than system configuration.
salmorejo-hub-1,uvlhub,Write team diary document,"**Description:** Develop a project documentation wiki page based on the structure outlined in the [[Diario del Equipo](https://github.com/EGCETSII/Entregables/wiki/Diario-del-Equipo)](https://github.com/EGCETSII/Entregables/wiki/Diario-del-Equipo). The document should include the most important decisions taken by the team. **Steps:** 1. **Structure Creation:** - Analyze the example provided in the link to understand the structure and required sections. - Create a template for the documentation in the repository's wiki. 2. **Content Writing:** - Fill in the required sections with accurate and detailed information about the project 3. **Formatting and Styling:** - Ensure the document is well-organized and follows a consistent style. - Use headings, bullet points, tables, or diagrams where appropriate. 4. **Collaboration and Review:** - Share the draft with the team for feedback. - Incorporate suggestions and finalize the content. 5. **Publishing:** - Upload the completed document to the wiki. - Test the links, images, and overall accessibility.",closed,"priority:medium, documentation, state: closed",Other,https://github.com/salmorejo-hub-1/uvlhub/issues/81,,Other,"The bug report is about creating a project documentation wiki page and does not mention configuration artifacts or settings. It appears to be a task related to documentation and content creation rather than a system setup, deployment, or runtime issue."
salmorejo-hub-1,uvlhub,WI-1.3.3: Create a button to download all datasets zip,Description: Create a button in frontend to download the zip with all datasets,closed,"enhancement, priority:critical, state: in-review",Other,https://github.com/salmorejo-hub-1/uvlhub/issues/80,,Other,"The bug report does not mention configuration artifacts or describe incorrect or missing configurations. It appears to be related to a feature enhancement in the frontend, which suggests it's more of a code defect rather than a configuration issue."
salmorejo-hub-1,uvlhub,WI-1.3.2: Refactor uploads folder path in dataset servcie,"Description: ""uploads/"" path is required many times in dataset service and there's no a const variable to collect him which makes the code repetitive",closed,"priority:low, others, state: to-do",Configuration,https://github.com/salmorejo-hub-1/uvlhub/issues/79,,Other,"The bug report primarily involves code duplication and a suggestion for refactoring, rather than an issue with configuration settings."
salmorejo-hub-1,uvlhub,WI-1.3.1: Zip all datasets stored in uploads dir and download,"Description: All datasets of uvlhub are stored in local upload/ dir, to download all datasets is requiered to zip them Process followed: 1. Create zip datasets function 2. Create endpoint to download the zip with all datasets Modified modules: dataset Additional information:",closed,"enhancement, priority:critical, state: closed",Other,https://github.com/salmorejo-hub-1/uvlhub/issues/78,,Other,"The bug report appears to be about implementing a new feature (downloading zipped datasets) rather than addressing an issue caused by misconfigured settings. The description mentions code changes and the creation of functions, which suggests it's related to coding defects rather than configuration issues."
salmorejo-hub-1,uvlhub,WI-1.3.4:Add test suite for download all,Description: Create a test suite in order to check the download all feature works properly Process followed: 1. Create unit tests 2. Create selenium tests 3. Execute tests Expected result: All test passed succesfully Additional information:,closed,"enhancement, priority:medium, state: closed",Other,https://github.com/salmorejo-hub-1/uvlhub/issues/74,,Other,The bug report appears to be about implementing a test suite for the 'download all' feature and does not mention any configuration issues or settings. It primarily involves code development and testing.
salmorejo-hub-1,uvlhub,WI-1.3: Download all datasets,Description: Download all’ button somewhere that downloads all datasets with all models and in all formats.,closed,"enhancement, priority:critical, state: in-progress",Other,https://github.com/salmorejo-hub-1/uvlhub/issues/73,,Other,The bug report does not mention configuration artifacts or describe incorrect or missing configurations. It appears to be related to a feature enhancement rather than a system setup or deployment issue.
salmorejo-hub-1,uvlhub,WI-1.6.15: Configure render deployment to run discord bot,Description: Configure Dockerfile.render to also run discord bot. Process followed: 1.  Add PYTHONPATH to Dockerfile. 2. Add bot execution command on render_rentrypoint.sh Modified modules: docker Additional information:,closed,"priority:low, deployment, state: in-review",Configuration,https://github.com/salmorejo-hub-1/uvlhub/issues/70,,Configuration,"The bug report involves modifying Dockerfile and a script to run a discord bot, indicating a configuration issue related to deployment settings."
salmorejo-hub-1,uvlhub,Fix worfklows,"Description: The following workflows must be fixed: test, c1, deployment_on_webhook, deployment_on_dockerhub - test.yml: contemplate discord bot - ci1.yml: when merge from another branch is detected and has no conflicts, is done when merge has conflicts, creates PR instead if there is another PR open, launches error - deployment_on_webhook/dockerhub.yml: are not used, should be removed - render.yml: only activates when test.yml is successful Steps to reproduce When a commit is done, the corresponding workflow are activated, and launches errors. Expected result: These should not launch any error Current result: Launch errors Additional information (Optional): Intentionally blank",closed,"priority:low, deployment, state: closed",Configuration,https://github.com/salmorejo-hub-1/uvlhub/issues/68,,Configuration,"The bug report mentions configuration files (test.yml, ci1.yml, dockerhub.yml, render.yml) and describes issues with workflow activation and error launching, which suggests a problem with how the system is configured rather than a code defect."
salmorejo-hub-1,uvlhub,WI-1.4: Add tests for Rosemary CLI,Description: Create a suite of tests for the Rosemary CLI tool Process followed: - Develop the tests - Run the tests Modified modules: - Rosemary Additional information: -,closed,"enhancement, priority:medium, state: closed",Other,https://github.com/salmorejo-hub-1/uvlhub/issues/67,,Other,"The bug report does not mention configuration artifacts or describe issues related to system setup, deployment, or runtime settings. It appears to be a task for developing and running tests for the Rosemary CLI tool."
salmorejo-hub-1,uvlhub,WI-1.6.14: Link to add discord bot to server,Description: Implement a link on UVLHub that redirects to a screen that adds the bot to the desired server. Process followed: 1. Create a button on the left sidebar to invite bot to the server. 2. Include Font Awesome in the template to show discords logo Modified modules: base template Additional information:,closed,"enhancement, priority:low, state: in-review",Other,https://github.com/salmorejo-hub-1/uvlhub/issues/66,,Other,"The bug report appears to be related to a feature implementation or modification of the UI, rather than an issue with configuration settings. The description mentions modifying modules and adding features, which suggests a code defect rather than a configuration issue."
salmorejo-hub-1,uvlhub,WI-1.6.13: Discord bot on docker,Description: Configure discord bot to deploy it on docker containers. Process followed: 1.  Create Dockerfile 2. Edit Docker compose configuration file. 3. Edit discord bot code  to adapt to Docker environment. 4. Create entry script to make bot docker wait a response from database before running the bot. Modified modules: discordbot module. Additional information:,closed,"priority:critical, deployment, state: closed",Configuration,https://github.com/salmorejo-hub-1/uvlhub/issues/65,,Configuration,"The bug report involves modifying Docker compose configuration file and creating an entry script to adapt the bot to a Docker environment, which suggests it's related to system setup and deployment configurations."
salmorejo-hub-1,uvlhub,WI-1.6.9: List all datasets,Description: Create a command to list all datasets from discord. Process followed: 1. Create API rest in UVLHub to access data from the bot. 3. Creation of the command. 4. Testing of the command Modified modules: discordbot module. Additional information:,closed,"enhancement, priority:medium, state: closed",Other,https://github.com/salmorejo-hub-1/uvlhub/issues/64,,Other,"The bug report does not mention configuration artifacts or incorrect configurations. It appears to be related to code development and testing, specifically the creation of a command in the discordbot module."
salmorejo-hub-1,uvlhub,WI-1.6.12: Refactor tests to make them unitary,"Description: Actual tests prove many test cases. So in order to follow the best testing practices, tests will be refactored to be as unitary as possible. Process followed: 1.  Refactor tests. Modified modules: discordbot module. Additional information:",closed,"enhancement, priority:low, state: to-do",Other,https://github.com/salmorejo-hub-1/uvlhub/issues/63,,Other,"The bug report appears to be related to code refactoring and testing practices rather than a configuration issue. It does not mention any configuration artifacts, incorrect or missing configurations, system setup, deployment, or runtime settings."
salmorejo-hub-1,uvlhub,Write project document,"**Description:** Develop a project documentation wiki page based on the structure outlined in the [[Documento del Proyecto](https://github.com/EGCETSII/Entregables/wiki/Documento-del-proyecto)](https://github.com/EGCETSII/Entregables/wiki/Documento-del-proyecto). The document should include all necessary sections, information, and examples to provide a clear and complete understanding of the project. **Steps:** 1. **Structure Creation:** - Analyze the example provided in the link to understand the structure and required sections. - Create a template for the documentation in the repository's wiki. 2. **Content Writing:** - Fill in the required sections with accurate and detailed information about the project 3. **Formatting and Styling:** - Ensure the document is well-organized and follows a consistent style. - Use headings, bullet points, tables, or diagrams where appropriate. 4. **Collaboration and Review:** - Share the draft with the team for feedback. - Incorporate suggestions and finalize the content. 5. **Publishing:** - Upload the completed document to the wiki. - Test the links, images, and overall accessibility.",closed,"priority:medium, documentation, state: closed",Other,https://github.com/salmorejo-hub-1/uvlhub/issues/62,,Other,The bug report is about creating a project documentation wiki page and does not mention configuration artifacts or settings. It appears to be a task related to content creation and organization rather than a system setup or configuration issue.
salmorejo-hub-1,uvlhub,Create Team Journal Documentation,"**Description:** Develop a detailed and structured team journal page in the repository's wiki based on the format outlined in the [[Diario del Equipo](https://github.com/EGCETSII/Entregables/wiki/Diario-del-Equipo)](https://github.com/EGCETSII/Entregables/wiki/Diario-del-Equipo). The journal should document team activities, progress, and challenges throughout the project lifecycle. **Steps (update constantly):** 1. **Structure Creation:** - Review the example provided to understand the structure and key elements required for the team journal. - Create a template in the wiki with sections for dates, tasks, team members, and progress updates. 2. **Content Organization:** - Add entries documenting daily or weekly activities, including tasks completed, decisions made, and challenges faced. - Include a section for upcoming tasks or blockers. 3. **Formatting:** - Use a consistent format for entries with clear headings, tables, or lists where necessary. - Add timestamps and responsible team members for each entry. 4. **Collaboration:** - Ensure that all team members contribute updates to the journal regularly. - Review entries for accuracy and completeness. 5. **Publishing and Maintenance:** - Publish the initial version of the team journal to the wiki. - Update the journal regularly to reflect ongoing activities and progress.",closed,"priority:medium, documentation, state: to-do",Other,https://github.com/salmorejo-hub-1/uvlhub/issues/61,,Other,"The bug report is about creating a team journal page in the repository's wiki and does not mention configuration artifacts, incorrect or missing configurations, system setup, deployment, or runtime settings. It appears to be a task related to documentation and project management rather than a configuration issue."
salmorejo-hub-1,uvlhub,Fill out Cover Page Template,"**Description:** Design and implement a cover page template in the repository's wiki based on the structure and guidelines provided in the [[Modelo de Portada](https://github.com/EGCETSII/Entregables/wiki/Modelo-de-portada)](https://github.com/EGCETSII/Entregables/wiki/Modelo-de-portada). **Steps:** 1. **Template Analysis:** - Review the provided model to understand the required elements, such as title, authors, version, and date. 2. **Content Development:** - Create a template including placeholders for: - Project title. - Team name and logo (if applicable). - Deliverable title. - Authors and contributors. - Date of creation and last update. - Version control information. 3. **Formatting:** - Ensure the layout is clean, professional, and consistent with the project's style guide. - Use headings, alignment, and spacing to enhance readability. 4. **Testing and Feedback:** - Share the draft with the team for review and ensure all required elements are included. - Incorporate feedback and finalize the template. 5. **Publishing:** - Upload the completed cover page template to the wiki. - Include instructions on how to use the template for future deliverables.",closed,"priority:medium, documentation, state: closed",Other,https://github.com/salmorejo-hub-1/uvlhub/issues/60,,Other,"The bug report is about implementing a cover page template in the repository's wiki based on provided guidelines and structure, which does not seem to be related to configuration settings or system behavior. It appears to be a task for creating documentation."
salmorejo-hub-1,uvlhub,WI-1.6.7: Discord does not accept messages longer than 2000 characters,"Description: Discord does not support messages longer than 2000 characters so in some commands as the one that lists datasets can produce errors if too many information needs to be displayed. Steps to reproduce: - Activate bot, configure user token and type !datasets. Expected result: A dynamic  view must be implemented to support longer message in a way that the user can change between pages inside the message. Current result: Implementation of embed messages that allows to send messages longer than 2000 characters and the use of buttons to navigate thrugh pages of data. Additional information: - Error: discord.ext.commands.errors.CommandInvokeError: Command raised an exception: HTTPException: 400 Bad Request (error code: 50035): Invalid Form Body In content: Must be 2000 or fewer in length.",closed,"incidence, priority:medium, state: in-review",Other,https://github.com/salmorejo-hub-1/uvlhub/issues/56,,Configuration,"The bug report mentions a limitation of the Discord API (2000 character limit) and how it affects the implementation, which suggests that the issue is related to configuration or system setup rather than a code defect."
salmorejo-hub-1,uvlhub,WI-1.6.6: Dataset list mine command,Description: Create a command to list datasets from discord. Process followed: 1. Create API rest in UVLHub to access data from the bot. 2. Create auxiliary functions to access to user token and make requests to UVLHub API. 3. Creation of the command. 4. Testing of the command Modified modules: discordbot module. Additional information:,closed,"enhancement, priority:medium, state: in-review",Other,https://github.com/salmorejo-hub-1/uvlhub/issues/54,,Other,"The bug report does not mention configuration artifacts or describe incorrect or missing configurations. It appears to be related to code development and testing, specifically the creation of a new command in the discordbot module."
salmorejo-hub-1,uvlhub,WI-1.6.10: Create download dataset command,Description: Create a command to download datasets directly from discord. Process followed: 1. Create API rest in UVLHub to access data from the bot. Modified modules: Additional information: This task has been cancelled due to a scope revision with the project's tutor.,closed,"enhancement, priority:medium, state: closed",Other,https://github.com/salmorejo-hub-1/uvlhub/issues/53,,Other,"The bug report does not mention configuration artifacts or describe incorrect or missing configurations. It appears to be a task cancellation due to scope revision, which is unrelated to configuration issues."
salmorejo-hub-1,uvlhub,WI-1.6.11: Create upload dataset command,Description: Create a command to upload datasets directly from discord. Process followed: 1. Create API rest in UVLHub to post data from the bot. Modified modules: Additional information: This task has been cancelled due to a scope revision with the project's tutor.,closed,"enhancement, priority:medium, state: closed",Other,https://github.com/salmorejo-hub-1/uvlhub/issues/52,,Other,"The bug report does not mention configuration artifacts or describe incorrect or missing configurations. It appears to be a task cancellation due to scope revision, which is unrelated to configuration issues."
salmorejo-hub-1,uvlhub,WI-1.6.8: Explore datasets command,"Description: Create a command to search datasets from discord. Process followed: 1. Create API rest in UVLHub to access data from the bot. 2. Create command. 3. Test command. Modified modules: discordbot, explore, dataset. Additional information:",closed,"enhancement, priority:medium, state: in-review",Other,https://github.com/salmorejo-hub-1/uvlhub/issues/51,,Other,"The bug report does not mention configuration artifacts or describe issues related to system setup, deployment, or runtime settings. It appears to be a code-related issue involving the creation of a new command and API integration."
salmorejo-hub-1,uvlhub,WI-1.7.1: Sign up validation,"Description: Add a functionality by means of which a new user can be sent a confirmation email after filling the signup form to verify his/her email address Steps to reproduce 1- The user fills the signup form 2- The user is redirected to the check-inbox page, where the user is told to check his/her mail inbox 3- The user clicks on the link sent to verify his/her email address Expected result: The email is correctly sent, and the verification link works properly Current result: This is not implemented yet Additional information (Optional): Intentionally blank",closed,"enhancement, priority:medium, others, state: in-progress",Other,https://github.com/salmorejo-hub-1/uvlhub/issues/50,,Other,The bug report describes a missing feature implementation rather than an issue caused by misconfigured settings or incorrect parameter values.
salmorejo-hub-1,uvlhub,Codacy Implementation,**Description:** Integrate Codacy into the project to ensure compliance with the organization's Continuous Integration (CI) rules. **Steps:** 1. **Set Up Codacy Integration:** - Link the repository to Codacy. - Configure the project in Codacy to begin tracking and analyzing the codebase. 2. **CI Compliance Configuration:** - Apply the organization’s standard CI rules in Codacy. - Review and adjust Codacy settings to align with the project's specific needs. 3. **Integrate Codacy with CI Pipelines:** - Add Codacy checks to existing CI workflows. - Ensure that Codacy automatically analyzes every pull request and commit. 4. **Address Initial Issues:** - Review the initial Codacy report. - Fix high-priority issues or mark them for further discussion.,closed,"priority:low, state: closed",Configuration,https://github.com/salmorejo-hub-1/uvlhub/issues/47,,Configuration,"The bug report involves setting up and configuring Codacy integration with the project's CI pipelines, which is a configuration task."
salmorejo-hub-1,uvlhub,WI-1.5.4: Add filter by size,"**Description:** To add more functionality to the advanced filtering task, we will develop a new filter to search for datasets that fall below a specified threshold. **Process followed (update constantly):** 1. Add the dataset size filter to the Explore service. 2. Modify the Explore repository to include the filtering logic. 3. Update the Explore template to include the new component in the user interface. 4. Modify the script to handle user input related to dataset size and apply the filter. **Modified modules:** **- Explore:** Updated to include the new dataset size filter. **Additional information:** - Since the dataset size is not defined among the attributes, it was necessary to perform the filtering using a Python list instead of querying through the ORM.",closed,"enhancement, state: closed",Other,https://github.com/salmorejo-hub-1/uvlhub/issues/41,,Other,"The bug report does not mention configuration artifacts or describe incorrect or missing configurations. It appears to be a code implementation issue related to adding new functionality, specifically modifying modules and handling user input."
salmorejo-hub-1,uvlhub,WI-1.5.3: Add filter by date,"**Description:** To add more functionality to the advanced filtering task, we will develop a new filter to search for datasets by specifying a date (year, month and day are separately provided). **Process followed (update constantly):** 1. Add the dataset date filter to the Explore service. 2. Modify the Explore repository to include the filtering logic. 3. Update the Explore template to include the new component in the user interface. 4. Modify the script to handle user input related to dataset date and apply the filter. **Modified modules:** **- Explore:** Updated to include the new dataset date filter.",closed,"enhancement, state: closed",Other,https://github.com/salmorejo-hub-1/uvlhub/issues/40,,Other,The bug report does not mention configuration artifacts or describe incorrect or missing configurations. It appears to be a code development issue related to adding new functionality and modifying existing modules.
salmorejo-hub-1,uvlhub,WI-1.5.2: Add selenium test,"**Description:** Develop and implement Selenium tests to verify the functionality of the advanced filtering feature. The tests should cover end-to-end scenarios to ensure the feature works as expected in the user interface. **Steps:** 1. Set up the Selenium environment to run the tests for the 2. Write a test to simulate navigation to the explore page. 3. Implement a test to change the implemented filters (number of features, models, date and size). 4. Verify that datasets are displayed correctly in the user interface. **Modified modules**: - **Explore:** Updated to include selenium test.",closed,"enhancement, state: in-progress, state: closed",Other,https://github.com/salmorejo-hub-1/uvlhub/issues/39,,Other,The bug report is about implementing Selenium tests for the advanced filtering feature and does not mention any configuration issues. It appears to be a development task related to adding new functionality.
salmorejo-hub-1,uvlhub,WI-1.5.1: Add unit test,Sin descripción,closed,"enhancement, state: closed",Other,https://github.com/salmorejo-hub-1/uvlhub/issues/35,,Other,"The bug report does not mention configuration artifacts or describe a problem related to system setup, deployment, or runtime settings. It is tagged as an 'enhancement', which suggests it's about adding functionality rather than fixing a configuration issue."
salmorejo-hub-1,uvlhub,Develop tests (Incidence: high),"**Description:** To ensure the reliability and quality of the application, we need to develop and implement a suite of tests. This will include unit tests, integration tests, Selenium tests, and Locust tests for performance and load testing. (Not every test type is required for every module, it will depend). **Steps to reproduce:** - Discord bot: - Install dpytest to test the bot. - Change logic to extract code from `__init__.py` files and relocate it to other files (`run.py` and `setup.py`). - Change how commands are added to the bot using a function that encompasses all commands, which is called in `setup.py`. - Modify how the test database is being used when testing. This also changes how the bot is being initiated in run.py. **Expected result:** test running correctly. **Current result:** all discord bot commands tested. **Additional information:**",closed,"priority:critical, incidence, state: closed",Other,https://github.com/salmorejo-hub-1/uvlhub/issues/34,,Other,"The bug report is about implementing a suite of tests for the application and does not mention any configuration issues. It involves code changes to extract logic from `__init__.py` files, modify test database usage, and change command addition in the bot."
salmorejo-hub-1,uvlhub,Implement Continuous Integration (CI),"**Description:** We encountered challenges while implementing GitHub Actions workflows to integrate the **salmorejo-hub-1** repository's `main` branch with the **salmorejo-hub** repository's `develop` branch. The aim was to establish Continuous Integration (CI) to automate the process, ensuring consistency between the two branches. During the process, authentication issues were encountered, which delayed the setup. These issues need to be addressed to ensure seamless integration and prevent further delays in development workflows. **Steps to Reproduce:** 1. Configure GitHub Actions workflows to automate integration. 2. Attempt to push or create a pr to `salmorejo-hub-1/main`. 3. Encounter authentication errors during the CI setup phase 403 forbidden. 4. Troubleshoot and resolve authentication issues. 5. Test the integration process to confirm functionality. **Expected Result:** The `main` branch of **salmorejo-hub-1** is automatically merged into the `develop` branch of **salmorejo-hub** when no conflicts are detected. If conflicts arise, a notification should be sent to the user for manual resolution. --- UPDATE (28/11/2024): Problem is solved and CI works.",closed,"priority:critical, incidence, state: closed",Other,https://github.com/salmorejo-hub-1/uvlhub/issues/32,,Configuration,"The bug report involves implementing Continuous Integration (CI) using GitHub Actions workflows and resolving authentication issues, which is related to configuration settings."
salmorejo-hub-1,uvlhub,WI-1.2.1: Add selenium tests,**Description:** Develop and implement Selenium tests to verify the functionality of the API token generation feature. The tests should cover end-to-end scenarios to ensure the feature works as expected in the user interface. **Steps:** 1. Set up the Selenium environment to run the tests for the application. 2. Write a test to simulate user login and navigation to the **API Configuration** page. 3. Implement a test to input the token validity period and click the **Generate Token** button. 4. Verify that a token is successfully generated and displayed to the user.,closed,"enhancement, priority:medium, state: closed",Configuration,https://github.com/salmorejo-hub-1/uvlhub/issues/31,,Other,The bug report is about implementing Selenium tests for API token generation feature and does not mention any configuration issues. It's related to development of new functionality rather than a misconfigured setting.
salmorejo-hub-1,uvlhub,WI-1.2: Add Generate API token feature,"**Description:** As a developer, I want to implement a feature that allows users to generate API access tokens. This feature will enable users to securely create tokens for API usage with customizable expiration periods. JWT.io library will be used for this. **Steps:** 0. **Add SECRET_KEY_JWT to .env** 1. **Authentication and Access:** - Ensure the user is authenticated (via login) and has access to the **API Configuration** page. 2. **UI Implementation:** - Add a section for **API Token Generation** in the **API Configuration** interface. - Include input fields for specifying the token expiration period (e.g., number of days). - Add a button labeled **Generate Token**. 3. **Back-End Implementation:** - Create an endpoint to handle token generation requests. - Include logic for setting token expiration based on the input provided by the user. 4. **Integration:** - Connect the front-end UI with the back-end token generation endpoint. - Display the generated token to the user upon success. 5. **Validation and Error Handling:** - Validate the expiration period input. - Handle errors such as invalid input or back-end failures and display appropriate messages to the user. 6. **Testing:** - Verify token generation functionality end-to-end. - Test for edge cases, such as unauthorized users or invalid expiration periods. - Ensure that the token expiration logic works as intended.",closed,"enhancement, state: closed",Configuration,https://github.com/salmorejo-hub-1/uvlhub/issues/17,,Other,"The bug report describes a feature implementation and its steps, but it does not mention any configuration artifacts or issues related to system setup, deployment, or runtime settings. It appears to be a standard development task with clear requirements and steps for implementation."
salmorejo-hub-1,uvlhub,WI-1.5: Advanced filtering feature,**Description:** Add advanced filtering functionality to filter datasets based on a set of criteria or filters. **Process followed:** 1. Add the new filters to the Explore service. 2. Modify the Explore repository to include the filtering logic. 3. Update the Explore template to include the new component in the user interface. 4. Modify the script to handle user input and apply the filter. 5. Update the Dataset seeder to include new data variations. **Modified modules:** **- Explore:** Updated to include the new dataset filters. **- Dataset:** Updated to include new data variations.,closed,"enhancement, state: closed",Other,https://github.com/salmorejo-hub-1/uvlhub/issues/16,,Other,"The bug report does not mention configuration artifacts or describe incorrect or missing configurations. It appears to be a code implementation issue related to adding new features and functionality, rather than a configuration problem."
salmorejo-hub-1,uvlhub,WI,Sin descripción,closed,"enhancement, state: closed",Other,https://github.com/salmorejo-hub-1/uvlhub/issues/15,,Other,The provided information does not contain enough details to determine whether the bug report is a configuration issue. It lacks description and tags that could indicate if it's related to configuration settings or code defects.
salmorejo-hub-1,uvlhub,WI-1.6.5: Add token configuration command,Description: Implement a command that stores the token associated with a user to be able to use an API in UVLHub. Process followed: 1. Create a command that redirects to a direct message if the user try to configure the token in a server for privacy purposes. 2. Create a command that saves in the database the tokes associated with the user that runs the command. 3. Tests both commands. Modified modules: discordbot Additional information:,closed,"enhancement, state: closed",Configuration,https://github.com/salmorejo-hub-1/uvlhub/issues/14,,Other,"The bug report appears to be about implementing a new feature (command) rather than addressing an existing configuration issue. It involves modifying code and adding functionality, but does not mention any configuration artifacts or settings."
salmorejo-hub-1,uvlhub,WI-6.4: Add hello and help commands,Description: Implement a command that says hello to see if the bot is correcty configured and another command that will show information about the bots commands. Process followed: 1. Create command hello command. 2. Create help command. 3. Test command. Modified modules: discordbot. Additional information: help commands is not needed because discord.py already implements it.,closed,enhancement,Other,https://github.com/salmorejo-hub-1/uvlhub/issues/13,,Other,"The bug report does not mention configuration artifacts, incorrect or missing configurations, system setup, deployment, or runtime settings. It appears to be an enhancement request related to adding new commands and functionality to the bot."
salmorejo-hub-1,uvlhub,WI-6.3: Configure bot prefix,Description: Implement a command that changes the prefix used in each server or in each direct message with a user. Process followed: 1. Configure access to uvlhub database. 2. Create a command that stores in the database the prefix and the id of the server/user. 3. Create a function that will be passed to the constructor of the bot in setup.py file that selects the prefix dynamically. Modified modules: discordbot Additional information:,closed,"enhancement, state: closed",Other,https://github.com/salmorejo-hub-1/uvlhub/issues/12,,Other,"The bug report describes a feature implementation process rather than an issue caused by misconfigured settings. It involves code changes and database access, but the primary focus is on adding functionality rather than resolving a configuration-related problem."
salmorejo-hub-1,uvlhub,WI-1.6.2: Create discord bot account,Description: Create a bot account in [discord](https://discord.com/developers). Process followed: 1. Create account in discord. 2. Create a new application. 3. Configure name and profile image. 4. Create invitation link configuring the permissions Modified modules: Additional information:,closed,"enhancement, state: closed",Other,https://github.com/salmorejo-hub-1/uvlhub/issues/11,,Other,The bug report appears to be related to creating a bot account in Discord and does not mention any configuration artifacts or settings. It seems more like an issue with the process of setting up a new application rather than a misconfigured system.
salmorejo-hub-1,uvlhub,WI-1: Add remember my password feature,Sin descripción,closed,"enhancement, state: closed",Other,https://github.com/salmorejo-hub-1/uvlhub/issues/10,,Other,The bug report does not mention configuration artifacts or describe incorrect or missing configurations. It appears to be related to a feature enhancement rather than a system setup or deployment issue.
salmorejo-hub-1,uvlhub,WI-1.4.3: Modify Rosemary make:module command to generate an integration test template.,Sin descripción,closed,"enhancement, state: closed",Other,https://github.com/salmorejo-hub-1/uvlhub/issues/8,,Other,The bug report does not mention configuration artifacts or describe incorrect or missing configurations. It appears to be related to a code enhancement rather than a system setup or deployment issue.
salmorejo-hub-1,uvlhub,WI-4.2: Add Rosemary command to display first 5 rows of a table,Sin descripción,closed,enhancement,Other,https://github.com/salmorejo-hub-1/uvlhub/issues/7,,Other,"The bug report does not mention configuration artifacts, incorrect or missing configurations, system setup, deployment, or runtime settings. It is tagged as an enhancement and has a status of 'closed', suggesting it's related to adding new functionality rather than resolving a configuration issue."
salmorejo-hub-1,uvlhub,WI-4.1: Add Rosemary command to list all database tables,Sin descripción,closed,"enhancement, state: closed",Other,https://github.com/salmorejo-hub-1/uvlhub/issues/6,,Other,The provided information does not mention configuration artifacts or settings. The issue seems to be related to adding a new feature (enhancement) rather than a configuration-related problem.
salmorejo-hub-1,uvlhub,WI-6.1: Create discord bot client,Description: Create the basis to implement the future commands the bot will offer. Process followed: 1. Create module structure for the bot. 2. Create setup code. 3. Create an access point to run the bot. Modified modules: discordbot. Additional information:,closed,"enhancement, state: closed",Other,https://github.com/salmorejo-hub-1/uvlhub/issues/5,,Other,"The bug report does not mention configuration artifacts or describe incorrect or missing configurations. It appears to be related to implementing a new feature (discord bot client) and modifying existing modules, which suggests it's more of a development issue rather than a configuration one."
pescaito-team,pescaito-hub,fix(dataset): problemas con los tests de la nueva implementacion,Al cambiar la funcionalidad no se ha tenido en cuenta los tests.,closed,"code, medium task, M3, test, low priority",Other,https://github.com/pescaito-team/pescaito-hub/issues/69,,Other,"The bug report primarily mentions a lack of consideration for tests in the new implementation, which suggests a code defect rather than a configuration issue."
pescaito-team,pescaito-hub,enhacement(datasets): mejorar funcionalidad boton rating,El cliente nos pide que hagamos un boton extra para valorarlo en 6 estrellas.,closed,"enhancement, code, medium task, M3, low priority",Other,https://github.com/pescaito-team/pescaito-hub/issues/67,,Other,"The bug report primarily involves a feature request or an enhancement to the system's functionality, rather than a configuration issue. It does not mention any configuration artifacts, incorrect or missing configurations, or unintended interactions between settings."
pescaito-team,pescaito-hub,docs: Documentación del proyecto en el repositorio de documentación,Realizar la documentación correspondiente en el repositorio asociado a la documentación. Repositorio: https://github.com/Domi-ATLAS/EGC,closed,"documentation, high priority, M3",Other,https://github.com/pescaito-team/pescaito-hub/issues/66,,Other,"The bug report appears to be related to a task or issue with the project's documentation, but it does not mention configuration artifacts or settings. It seems to be more of a task or feature request rather than a configuration-related issue."
pescaito-team,pescaito-hub,Eliminación de workflow docs.yml,EL workflow funcionaba pero al hacer pull request a la rama develop se desconfiguro y no se ha podido arreglar el problema. Se eliminan todos los archivos generados por Sphinx tambien.,closed,"bug, documentation, medium task, M3",Configuration,https://github.com/pescaito-team/pescaito-hub/issues/64,,Configuration,"The bug report mentions a workflow that was 'desconfigurado' (misconfigured) after a pull request to the develop branch, which suggests an issue with configuration settings."
pescaito-team,pescaito-hub,Mejoras para la rama de contraseña con nueva funcionalidad,"Se van a realizar unas mejoras a la rama del WI de recordar contraseñas, para que quede mejor con los html, dandole estilos, y luego añadido la funcionalidad de cambiar contraseña desde el perfil, y añadir que la url tenga seguridad fuerte.",closed,"enhancement, code, low task, low priority",Other,https://github.com/pescaito-team/pescaito-hub/issues/52,,Other,"The bug report is about implementing new features and enhancements to the password recovery branch, which does not seem to be related to configuration issues. The description mentions adding styles, functionality, and security measures, but it does not mention any configuration artifacts or settings."
pescaito-team,pescaito-hub,Workflows para mejorar la integración y despliegue continuo,Para cualquier workflow y trabajo realizado relacionado a este,closed,"documentation, enhancement, code, medium task, feature, M3, workflow, medium priority",Other,https://github.com/pescaito-team/pescaito-hub/issues/51,,Other,"The bug report does not mention configuration artifacts or describe incorrect or missing configurations. It seems to be related to workflows and integration, which could involve code changes rather than a pure configuration issue."
pescaito-team,pescaito-hub,Modificación de workflow docs.yml,"Se tiene que modificar la dirección del workflow docs.yml a develop, ya que estaba en feature/workflows y el enlace a la documentación no va.",closed,"documentation, code, M3, low priority, workflow",Configuration,https://github.com/pescaito-team/pescaito-hub/issues/50,,Configuration,"The bug report mentions modifying a configuration file (docs.yml) to change the workflow direction from 'feature/workflows' to 'develop', which suggests a configuration issue rather than a code defect."
pescaito-team,pescaito-hub,Error en el código de service.py en el modulo explore,"ExploreService no valida valores inválidos de sorting. Error al realizar la prueba test_filter_invalid_sorting ya que el metodo filter debia lanzar un valueError cuando se le da un valor inválido para sorting(orden), pero no lo hizo. No hay validación",closed,"code, medium task, M3, test",Other,https://github.com/pescaito-team/pescaito-hub/issues/49,,Other,The bug report primarily involves a code defect (invalid sorting value not being validated) rather than an issue with system configuration.
pescaito-team,pescaito-hub,Implementar workflow para mantener actualizada la imagen de la aplicación,Permita automatizar el proceso de construcción y actualización de la imagen Docker de la aplicación en Docker Hub. Esto garantizará que la imagen esté siempre sincronizada con los cambios realizados en el código.,closed,"code, M3, medium priority",Other,https://github.com/pescaito-team/pescaito-hub/issues/43,,Other,"The bug report primarily involves implementing a workflow to automate the process of building and updating the Docker image, which is more related to code or automation than configuration."
pescaito-team,pescaito-hub,Problema con el lint,Error en el lint por las dependencias,closed,"bug, code, M3, workflow, medium priority",Other,https://github.com/pescaito-team/pescaito-hub/issues/40,,Other,"The description mentions an 'Error en el lint' which suggests a problem with the linter itself or its configuration. However, it does not explicitly mention any configuration artifacts or settings, so it's classified as an 'Other' bug report."
pescaito-team,pescaito-hub,Problema con despliegue en vagrant,Despliegue en vagrant en máquina self hosted comprometido por razón por diagnosticar (posible fallo del host),closed,"bug, M3, workflow",Configuration,https://github.com/pescaito-team/pescaito-hub/issues/39,,Configuration,"The bug report mentions deployment in Vagrant, which is a configuration tool, and the issue seems to be related to the host setup rather than code defects."
pescaito-team,pescaito-hub,Problema con la migración actual y docker,"Al crear una imagen usando docker no reconoce la migracion actual, las tablas se crean pero no se popula la DB.",closed,"bug, code, medium task, M3",Configuration,https://github.com/pescaito-team/pescaito-hub/issues/38,MUY interesante,Configuration,"The bug report mentions Docker, which is a configuration tool for containerization. The issue seems to be related to the migration process and database population, which could be affected by incorrect or missing configurations in the Docker setup."
pescaito-team,pescaito-hub,feat(Dashboard): Implementación de un dashboard para el proyecto,Crear un dashboard desde cero,closed,M3,Other,https://github.com/pescaito-team/pescaito-hub/issues/37,,Other,"The bug report appears to be related to a feature implementation (feat(Dashboard): Implementación de un dashboard para el proyecto) and does not mention configuration artifacts or settings, so it is unlikely to be a configuration issue."
pescaito-team,pescaito-hub,Problema con el workflow de commits,Queremos modificar el workflow ya que lo queremos utilizar para cuando tengamos que hacer fixes en la rama develop únicamente,closed,"bug, code, M3, low priority, workflow",Other,https://github.com/pescaito-team/pescaito-hub/issues/36,,Other,"The bug report mentions modifying a workflow and its relation to commits, but it does not explicitly mention configuration artifacts or incorrect configurations. It seems more related to the development process and code organization."
pescaito-team,pescaito-hub,Problema con el WI de Build DataSet,"Mejorar el funcionamiento del workitem, ya que en la lista de datasets cuando se pulsa el botón de descargar un dataset previamente creado se descarga vacío.",closed,"feature, high priority, M3",Other,https://github.com/pescaito-team/pescaito-hub/issues/35,,Other,"The bug report does not mention configuration artifacts or describe incorrect or missing configurations. It seems to be related to a feature issue with the workitem, specifically a problem with downloading a dataset."
pescaito-team,pescaito-hub,Problema con el render,Problema en la configuración de despliegue en render,closed,"code, high priority, M3",Configuration,https://github.com/pescaito-team/pescaito-hub/issues/34,,Configuration,"The bug report mentions a problem with the deployment configuration in render, which suggests an issue related to system setup or runtime settings."
pescaito-team,pescaito-hub,Mejoras Rate Datasets,"Mejoras del WI de RateDatasets, tanto en backend como en frontend",closed,"enhancement, feature, M3, low priority",Other,https://github.com/pescaito-team/pescaito-hub/issues/28,,Other,The bug report does not mention configuration artifacts or describe incorrect or missing configurations. It seems to be related to an enhancement or feature implementation rather than a configuration issue.
pescaito-team,pescaito-hub,feat(FakeNodo): Implementación de fakenodo para el proyecto,Queremos cambiar la API de ZENODO por la de FAKENODO,closed,"code, feature, high priority, M3, test",Other,https://github.com/pescaito-team/pescaito-hub/issues/27,,Other,The bug report primarily involves implementing a new feature (FAKENODO) and does not mention configuration artifacts or settings. It seems to be related to code changes rather than system setup or deployment.
pescaito-team,pescaito-hub,Error del chromedriver,Resumen: Al lanzar los test de selenium me da error por la versión del chromedriver. Pasos: Poner la misma versión en google chrome y chromedriver Comportamiento esperado: Funcionamiento correcto de los tests de selenium Entorno: ERROR app/modules/notepad/tests/test_interfaz.py::TestCreatenotepad::test_createnotepad - selenium.common.exceptions.SessionNotCreatedException: Message: session not created,closed,"bug, medium priority",Configuration,https://github.com/pescaito-team/pescaito-hub/issues/25,"Interesante, chromedriver",Configuration,"The bug report mentions a version mismatch between Google Chrome and chromedriver, which is a configuration issue that can be resolved by updating the chromedriver to match the version of Google Chrome."
pescaito-team,pescaito-hub,Problema en los test_selenium,"**Resumen:** He creado los tests de advanced-filtering pero he creado la ""mitad"" donde hay tests correctos y otros fallidos. Los tests fallidos son del mismo tipo, es decir,que cuando se arregle uno, se sabrá como arreglar los demás. Por lo cual, es intentar arreglar 1 test. **Pasos:** - Descomentar el código de test_selenium de /explore/tests de la rama advanced-filtering - Ejecutar los test_selenium.py mediante pytest **Comportamiento esperado:** 3 passed & (los demás) failed **Commits:** [test(advanced-filtering): 3 test_selenium.](https://github.com/Domi-ATLAS/pescaito-hub/commit/e289ad656d4f3b9098e367ad27fed11b25335d53)",closed,"bug, low priority",Other,https://github.com/pescaito-team/pescaito-hub/issues/18,,Other,"The bug report describes a problem with test cases (tests_selenium) and mentions specific steps to reproduce the issue. However, it does not mention configuration artifacts or settings as the root cause of the problem. The description suggests that there is an issue with the code itself rather than how the system is configured."
pescaito-team,pescaito-hub,Remember my password,"Como usuario, quiero poder recordar mi contraseña o recuperarla",closed,"enhancement, code, low task, feature, high priority, M3",Other,https://github.com/pescaito-team/pescaito-hub/issues/17,,Other,"The bug report appears to be related to a feature request or enhancement rather than a configuration issue. It involves user authentication and password management, which suggests a code defect or a requirement for new functionality."
pescaito-team,pescaito-hub,Tests Unitarios yesgarfue,"Esta issue, sirve para ver como ha evolucionado la tarea de realizar tareas unitarias por parte de la integrante Yésica.",closed,"code, medium task, M3, test",Other,https://github.com/pescaito-team/pescaito-hub/issues/16,,Other,"The bug report does not mention configuration artifacts or describe incorrect or missing configurations. It appears to be a task related to testing and code review, rather than a system setup or deployment issue."
pescaito-team,pescaito-hub,Tests Unitarios rharana,"Esta issue, sirve para ver como ha evolucionado la tarea de realizar tareas unitarias por parte del integrante Rafael.",closed,"code, medium task, M3, test",Other,https://github.com/pescaito-team/pescaito-hub/issues/15,,Other,"The bug report does not mention configuration artifacts or describe issues related to system setup, deployment, or runtime settings. It appears to be a code-related issue focused on unit testing."
pescaito-team,pescaito-hub,Tests Unitarios pabespnar,"Esta issue, sirve para ver como ha evolucionado la tarea de realizar tareas unitarias por parte del integrante Pablo.",closed,"code, medium task, M3, test",Other,https://github.com/pescaito-team/pescaito-hub/issues/14,,Other,"The bug report does not mention configuration artifacts or describe incorrect or missing configurations. It appears to be a general issue related to code and testing, rather than a specific configuration problem."
pescaito-team,pescaito-hub,Tests Unitarios aloporsan,"Esta issue, sirve para ver como ha evolucionado la tarea de realizar tareas unitarias por parte del integrante Alonso.",closed,"code, medium task, M3, test",Other,https://github.com/pescaito-team/pescaito-hub/issues/13,,Other,"The bug report does not mention configuration artifacts or describe issues related to system setup, deployment, or runtime settings. It appears to be a code-related issue for unit testing."
pescaito-team,pescaito-hub,Tests Unitarios alesevbar,"Esta issue, sirve para ver como ha evolucionado la tarea de realizar tareas unitarias por parte del integrante Alejandro.",closed,"code, medium task, M3, test",Other,https://github.com/pescaito-team/pescaito-hub/issues/12,,Other,"The bug report does not mention configuration artifacts or describe incorrect or missing configurations. It appears to be a task related to code testing and development, rather than a system setup or deployment issue."
pescaito-team,pescaito-hub,Tests Unitarios edupizlop,"Esta issue, sirve para ver como ha evolucionado la tarea de realizar tareas unitarias por parte del integrante Eduardo Pizarro López.",closed,"code, medium task, M3, test",Other,https://github.com/pescaito-team/pescaito-hub/issues/11,,Other,"The bug report does not mention configuration artifacts or describe incorrect or missing configurations. It appears to be related to a code review and testing process, rather than a system setup or deployment issue."
pescaito-team,pescaito-hub,Build datasets,"Como usuario, requiero de la implementación de herramientas para que los usuarios puedan crear y gestionar nuevos conjuntos de datos directamente desde la plataforma.",closed,"code, M2, medium task, feature",Other,https://github.com/pescaito-team/pescaito-hub/issues/6,,Other,"The bug report does not mention configuration artifacts or describe incorrect or missing configurations. It appears to be a feature request related to user interface and functionality, rather than a configuration issue."
pescaito-team,pescaito-hub,Rate datasets,"Como usuario, quiero la creación de un sistema que permita a los usuarios calificar los conjuntos de datos. Los conjuntos de datos mostraran un promedio de todas las calificaciones obtenidas.",closed,"code, M2, medium task, feature",Other,https://github.com/pescaito-team/pescaito-hub/issues/5,,Other,"The bug report appears to be related to a feature request or user story rather than an issue with configuration settings. It describes the desired functionality of a system and does not mention any specific configuration artifacts, incorrect configurations, or interactions between settings."
pescaito-team,pescaito-hub,A better search,"Como usuario, quiero un motor de busqueda avanzado, para la optimización de la búsqueda",closed,"code, M2, high task, feature",Other,https://github.com/pescaito-team/pescaito-hub/issues/4,,Other,The bug report primarily involves a feature request and does not mention configuration artifacts or settings. It seems to be related to code development rather than system configuration.
pescaito-team,pescaito-hub,Improve search,"Como usuario, quiero que a la hora de buscar, tenga una precision mayor mediante parametros, para optimizar las busquedas",closed,"code, M2, medium task, feature, low priority",Other,https://github.com/pescaito-team/pescaito-hub/issues/3,,Other,"The bug report primarily involves a feature request or improvement to search functionality, which does not directly relate to configuration settings. It mentions parameters for optimization but the focus is on code and feature development rather than system setup or configuration."
pescaito-team,pescaito-hub,Advanced filtering,"Como usuario, quiero poder tener la posibilidad de tener nuevos tipos de datasets, expandiendo el esquema actual.",closed,"code, M2, high task, feature",Other,https://github.com/pescaito-team/pescaito-hub/issues/2,,Other,The bug report primarily involves a feature request and does not mention configuration artifacts or settings.
pescaito-team,pescaito-hub,Create a view user profile or improve it,"Como usuario, quiero tener acceso a mi perfil de usuario.",closed,"code, M2, low task, feature, high priority",Other,https://github.com/pescaito-team/pescaito-hub/issues/1,,Other,"The bug report primarily involves a feature request or improvement to an existing functionality (viewing user profile) rather than a configuration issue. It does not mention any configuration artifacts, incorrect configurations, system setup, deployment, runtime settings, or unintended interactions between configuration settings."
